unit_id,period,treated,post,creation,curation,novelty,ownership_share,covariate_age,covariate_curation,weight
u0,2024-05-13T00:00:00.000000,1,0,4.207937577243772,1.6169725745839894,0.2789369609865341,0.0487811175818378,3.982802218501835,1.4288596313057464,1.0
u0,2024-05-20T00:00:00.000000,1,0,4.02115433945202,1.36561111283703,0.3434159020835371,0.022519296894778357,3.982802218501835,1.4288596313057464,1.0
u0,2024-05-27T00:00:00.000000,1,0,4.246621610960683,1.5844180183915362,1.3233437281532627,0.0411380806635415,3.982802218501835,1.4288596313057464,1.0
u0,2024-06-03T00:00:00.000000,1,0,4.123055021177448,1.2570011387290987,1.1537110953300862,0.0031908628052087665,3.982802218501835,1.4288596313057464,1.0
u0,2024-06-10T00:00:00.000000,1,0,4.246337308894017,1.418874449108496,1.5403667061622104,0.01772629840649342,3.982802218501835,1.4288596313057464,1.0
u0,2024-06-17T00:00:00.000000,1,0,4.349564620104044,1.397953734891986,1.5789286444401476,0.00973193539259838,3.982802218501835,1.4288596313057464,1.0
u0,2024-06-24T00:00:00.000000,1,0,4.142494974167839,1.5019484441785622,0.3931500349283409,0.034152447662122734,3.982802218501835,1.4288596313057464,1.0
u0,2024-07-01T00:00:00.000000,1,1,6.625296498762973,1.3475766280288233,0.7190681804624887,0.018522985301743445,3.982802218501835,1.4288596313057464,1.0
u0,2024-07-08T00:00:00.000000,1,1,6.167596045274483,1.6546540898499247,0.3468508601373961,0.02378524631129669,3.982802218501835,1.4288596313057464,1.0
u0,2024-07-15T00:00:00.000000,1,1,5.735457853794463,1.5589781888706866,0.9305886458574283,0.041633909802891875,3.982802218501835,1.4288596313057464,1.0
u0,2024-07-22T00:00:00.000000,1,1,5.631443667393073,1.5374904849667854,1.6812936226508821,0.040238217874840096,3.982802218501835,1.4288596313057464,1.0
u0,2024-07-29T00:00:00.000000,1,1,6.017807961244054,1.472597350651549,1.3967414575524535,0.006987624180465491,3.982802218501835,1.4288596313057464,1.0
u0,2024-08-05T00:00:00.000000,1,1,6.186476287423403,1.4423754452035247,1.595156317254063,0.03324254282960161,3.982802218501835,1.4288596313057464,1.0
u0,2024-08-12T00:00:00.000000,1,1,5.545655472545135,1.3649253880342862,0.9719399735228459,0.028437059797644687,3.982802218501835,1.4288596313057464,1.0
u1,2024-05-13T00:00:00.000000,1,0,0.8693371568664856,0.7143398768190218,1.173948602314259,0.03824994287080128,1.1290864915744585,0.5206842059007256,1.0
u1,2024-05-20T00:00:00.000000,1,0,1.1779124111059602,0.6379286721725812,1.1624936054162858,0.01519750490313061,1.1290864915744585,0.5206842059007256,1.0
u1,2024-05-27T00:00:00.000000,1,0,1.0244689698999272,0.4282138473678122,0.5077108783571055,0.02042643218623181,1.1290864915744585,0.5206842059007256,1.0
u1,2024-06-03T00:00:00.000000,1,0,0.7463805945730819,0.2940267631000295,0.21077520920922543,0.014069194601099828,1.1290864915744585,0.5206842059007256,1.0
u1,2024-06-10T00:00:00.000000,1,0,1.171814212395628,0.6587812767142793,1.1583610894484289,0.039194910455320676,1.1290864915744585,0.5206842059007256,1.0
u1,2024-06-17T00:00:00.000000,1,0,1.3167636097646596,0.45881489795667796,1.646638730865466,0.008348645995385196,1.1290864915744585,0.5206842059007256,1.0
u1,2024-06-24T00:00:00.000000,1,0,1.020170337604937,0.4443366271010598,1.4724827661332556,0.02309386151256937,1.1290864915744585,0.5206842059007256,1.0
u1,2024-07-01T00:00:00.000000,1,1,2.9882657895136413,0.5231830296462631,0.38939299515502,0.034816018753886804,1.1290864915744585,0.5206842059007256,1.0
u1,2024-07-08T00:00:00.000000,1,1,3.3287020242662946,0.5009871089988409,0.6728729693809653,0.031514129655944426,1.1290864915744585,0.5206842059007256,1.0
u1,2024-07-15T00:00:00.000000,1,1,2.6228861613870498,0.23126171141610813,0.3242112140289791,0.04809488322747573,1.1290864915744585,0.5206842059007256,1.0
u1,2024-07-22T00:00:00.000000,1,1,3.2490187595914897,0.33958839482871345,0.6051529267730872,0.0484588188673862,1.1290864915744585,0.5206842059007256,1.0
u1,2024-07-29T00:00:00.000000,1,1,3.0222073002560306,0.6681873195941429,0.9537868540731984,0.013612078092257951,1.1290864915744585,0.5206842059007256,1.0
u1,2024-08-05T00:00:00.000000,1,1,2.844079875101284,0.4528775907206131,0.965974950683861,0.010118168239761516,1.1290864915744585,0.5206842059007256,1.0
u1,2024-08-12T00:00:00.000000,1,1,3.2594135846382155,0.5682313263671812,0.4358682875845402,0.04283071420461878,1.1290864915744585,0.5206842059007256,1.0
u2,2024-05-13T00:00:00.000000,1,0,3.983140747664857,2.2188667057673115,1.2097861409341977,0.032492330077741,3.9133378842584454,2.214496276662623,1.0
u2,2024-05-20T00:00:00.000000,1,0,3.606288636471886,2.250351403653886,0.17906693033759571,0.024699540962225947,3.9133378842584454,2.214496276662623,1.0
u2,2024-05-27T00:00:00.000000,1,0,4.1638712580328185,2.2858704884925247,0.29646563867284814,0.029382228608885605,3.9133378842584454,2.214496276662623,1.0
u2,2024-06-03T00:00:00.000000,1,0,3.721412424433521,2.029181088381518,1.2040161654307504,0.017343490226741854,3.9133378842584454,2.214496276662623,1.0
u2,2024-06-10T00:00:00.000000,1,0,4.103883168302767,2.1700517372428685,1.9212625051587462,0.02411517184714501,3.9133378842584454,2.214496276662623,1.0
u2,2024-06-17T00:00:00.000000,1,0,4.007392038493504,2.3821215902414994,1.0246508285925047,0.024535349717726047,3.9133378842584454,2.214496276662623,1.0
u2,2024-06-24T00:00:00.000000,1,0,4.037660714241245,2.0165886526562504,0.9996298620082121,0.01334878315459468,3.9133378842584454,2.214496276662623,1.0
u2,2024-07-01T00:00:00.000000,1,1,5.669455555665348,2.131424824626686,0.9339317745795886,0.0010806039940165213,3.9133378842584454,2.214496276662623,1.0
u2,2024-07-08T00:00:00.000000,1,1,6.2331319534947385,2.245905990151692,0.36647326909736044,0.027701807176952472,3.9133378842584454,2.214496276662623,1.0
u2,2024-07-15T00:00:00.000000,1,1,5.410933000847138,2.117234694847957,0.6343441892941157,0.03297113173459509,3.9133378842584454,2.214496276662623,1.0
u2,2024-07-22T00:00:00.000000,1,1,6.44371685833241,2.2405511809572003,0.30470779731620345,0.0458005922568804,3.9133378842584454,2.214496276662623,1.0
u2,2024-07-29T00:00:00.000000,1,1,5.557854754333338,2.0214729242161487,1.1542196918438183,0.018546114193121938,3.9133378842584454,2.214496276662623,1.0
u2,2024-08-05T00:00:00.000000,1,1,5.666921880491129,2.382194117409892,0.7025638963631591,0.047644969753487254,3.9133378842584454,2.214496276662623,1.0
u2,2024-08-12T00:00:00.000000,1,1,6.0288231740902045,2.183168697131005,0.5863336720784452,0.046802178502448166,3.9133378842584454,2.214496276662623,1.0
u3,2024-05-13T00:00:00.000000,1,0,0.8730534499889073,0.07016221943459727,1.7941868058843364,0.037430400972847465,1.2407351791190817,0.32574973429852117,1.0
u3,2024-05-20T00:00:00.000000,1,0,1.2887326631911131,0.30202206907654466,1.0858308847342533,0.01579645259153965,1.2407351791190817,0.32574973429852117,1.0
u3,2024-05-27T00:00:00.000000,1,0,1.3065499295282386,0.24356428813177372,0.809949684860049,0.0047233334030757634,1.2407351791190817,0.32574973429852117,1.0
u3,2024-06-03T00:00:00.000000,1,0,1.7014619767178794,0.3623966217429024,1.8799449860141806,0.012048528750284239,1.2407351791190817,0.32574973429852117,1.0
u3,2024-06-10T00:00:00.000000,1,0,1.7360135587884566,0.6704828784551806,0.3912402015865387,0.008963415407886954,1.2407351791190817,0.32574973429852117,1.0
u3,2024-06-17T00:00:00.000000,1,0,1.6791684667917424,0.10434059788982356,0.68961497851018,0.03887024191205888,1.2407351791190817,0.32574973429852117,1.0
u3,2024-06-24T00:00:00.000000,1,0,1.1223536422612048,0.3247253609545069,0.3734052548473765,0.0006968143854100773,1.2407351791190817,0.32574973429852117,1.0
u3,2024-07-01T00:00:00.000000,1,1,3.6629797375131967,0.3438667156788703,1.3875514798644293,0.0060916252314265566,1.2407351791190817,0.32574973429852117,1.0
u3,2024-07-08T00:00:00.000000,1,1,3.2261196585400462,0.15710368023994692,1.2041215575197146,0.009988782583002882,1.2407351791190817,0.32574973429852117,1.0
u3,2024-07-15T00:00:00.000000,1,1,3.140498146908838,0.5089302427697238,1.5040696074395294,0.006552887577865663,1.2407351791190817,0.32574973429852117,1.0
u3,2024-07-22T00:00:00.000000,1,1,3.0954843491190083,0.26021511542612896,1.0283096861679133,0.03314321063817912,1.2407351791190817,0.32574973429852117,1.0
u3,2024-07-29T00:00:00.000000,1,1,3.641954611351905,0.29484859844854105,1.8571360156928516,0.0012429745693128158,1.2407351791190817,0.32574973429852117,1.0
u3,2024-08-05T00:00:00.000000,1,1,3.313484216500448,0.36106440598926337,0.30120506712643125,0.007016979853195632,1.2407351791190817,0.32574973429852117,1.0
u3,2024-08-12T00:00:00.000000,1,1,3.3092036781607534,0.8292445418053053,1.2324808511453085,0.046651161080010564,1.2407351791190817,0.32574973429852117,1.0
u4,2024-05-13T00:00:00.000000,1,0,3.942412016069323,1.5717894850728842,0.3073735938548964,0.04147143074413682,4.1196241202583685,1.5086684843548162,1.0
u4,2024-05-20T00:00:00.000000,1,0,3.9233801882380295,1.0792106784070852,1.1084622221382017,0.030300791035000548,4.1196241202583685,1.5086684843548162,1.0
u4,2024-05-27T00:00:00.000000,1,0,3.9607922920485463,1.3332963287212984,1.338668948601951,0.04337453158761625,4.1196241202583685,1.5086684843548162,1.0
u4,2024-06-03T00:00:00.000000,1,0,3.6795105466410716,1.9345179067604759,0.5496584896954042,0.037300714012172324,4.1196241202583685,1.5086684843548162,1.0
u4,2024-06-10T00:00:00.000000,1,0,4.670698178754763,2.0896819182028974,0.2264618282148385,0.02972168318782259,4.1196241202583685,1.5086684843548162,1.0
u4,2024-06-17T00:00:00.000000,1,0,4.222090785540521,1.8544080132359346,0.6896358804557414,0.0071935966485571325,4.1196241202583685,1.5086684843548162,1.0
u4,2024-06-24T00:00:00.000000,1,0,4.352825393076892,1.5956216992481398,0.6409681564420775,0.007680669759602932,4.1196241202583685,1.5086684843548162,1.0
u4,2024-07-01T00:00:00.000000,1,1,5.707155377747374,1.461033735559883,0.2052512774120942,0.008732073546792635,4.1196241202583685,1.5086684843548162,1.0
u4,2024-07-08T00:00:00.000000,1,1,5.953025954612664,1.602976188863844,1.3933576009190622,0.019681522841601413,4.1196241202583685,1.5086684843548162,1.0
u4,2024-07-15T00:00:00.000000,1,1,6.22515104277813,1.5192995538703897,1.7625093902457563,0.0425565813411103,4.1196241202583685,1.5086684843548162,1.0
u4,2024-07-22T00:00:00.000000,1,1,6.214572398760361,1.4892111646721182,0.5738363940812025,0.028561632587138636,4.1196241202583685,1.5086684843548162,1.0
u4,2024-07-29T00:00:00.000000,1,1,6.235378086025319,1.3560570424158627,0.809866863073186,0.026187647435881863,4.1196241202583685,1.5086684843548162,1.0
u4,2024-08-05T00:00:00.000000,1,1,5.785900678663343,1.7468970749725892,0.1987275462836981,0.046242093450903105,4.1196241202583685,1.5086684843548162,1.0
u4,2024-08-12T00:00:00.000000,1,1,5.596248324166111,1.6941561806664522,1.8150409734624724,0.04897853402932964,4.1196241202583685,1.5086684843548162,1.0
u5,2024-05-13T00:00:00.000000,1,0,4.124856500738044,2.3241028769990097,0.35564919598497946,0.026803401797381866,4.109116461231171,2.382537114159721,1.0
u5,2024-05-20T00:00:00.000000,1,0,4.1548852148619115,2.6768355087583524,0.9793187946276801,0.019254474805017675,4.109116461231171,2.382537114159721,1.0
u5,2024-05-27T00:00:00.000000,1,0,4.162070187642905,2.441735912097141,0.36555998081251806,0.02389386370118729,4.109116461231171,2.382537114159721,1.0
u5,2024-06-03T00:00:00.000000,1,0,4.2075151063454035,2.728007156992558,0.7982724392187431,0.01831962249131237,4.109116461231171,2.382537114159721,1.0
u5,2024-06-10T00:00:00.000000,1,0,4.010558894294302,2.3702722449939513,1.4029123563662962,0.014843823728564265,4.109116461231171,2.382537114159721,1.0
u5,2024-06-17T00:00:00.000000,1,0,4.499129839640858,2.499068162557262,1.0137298137701494,0.01641806025023444,4.109116461231171,2.382537114159721,1.0
u5,2024-06-24T00:00:00.000000,1,0,4.240842464910044,2.7313240193932793,1.339915947064194,0.04021959139735387,4.109116461231171,2.382537114159721,1.0
u5,2024-07-01T00:00:00.000000,1,1,6.020145175170758,2.395846277331562,0.6474956669466773,0.03674465811551454,4.109116461231171,2.382537114159721,1.0
u5,2024-07-08T00:00:00.000000,1,1,5.755625374296711,2.539007182643253,1.7353662298191987,0.006605141865077197,4.109116461231171,2.382537114159721,1.0
u5,2024-07-15T00:00:00.000000,1,1,6.460490589271367,2.5327109119059728,1.478859693715711,0.004224660941176012,4.109116461231171,2.382537114159721,1.0
u5,2024-07-22T00:00:00.000000,1,1,5.637504384535198,2.3691464795800807,1.9218724672272527,0.040044208804254834,4.109116461231171,2.382537114159721,1.0
u5,2024-07-29T00:00:00.000000,1,1,6.562484991214188,2.5100438763392603,1.6107181940678632,0.04730135314086652,4.109116461231171,2.382537114159721,1.0
u5,2024-08-05T00:00:00.000000,1,1,6.118951089094049,2.1392250842834954,0.28059347537236234,0.030808285001206068,4.109116461231171,2.382537114159721,1.0
u5,2024-08-12T00:00:00.000000,1,1,5.913422413806192,2.6135995213810603,1.1876179766643145,0.023299257649061367,4.109116461231171,2.382537114159721,1.0
u6,2024-05-13T00:00:00.000000,1,0,2.9760100754208603,2.6622274283486878,1.2392275388929634,0.046561811784505094,2.8518429898090525,2.338985492018446,1.0
u6,2024-05-20T00:00:00.000000,1,0,3.0291148866470587,2.0226666121276575,0.26664712263046,0.032893164252026395,2.8518429898090525,2.338985492018446,1.0
u6,2024-05-27T00:00:00.000000,1,0,3.1058181855620735,2.224796759714087,1.375339685286326,0.016681887916411908,2.8518429898090525,2.338985492018446,1.0
u6,2024-06-03T00:00:00.000000,1,0,2.921706395850203,2.3858656705581853,0.6140163877293338,0.0182096008886027,2.8518429898090525,2.338985492018446,1.0
u6,2024-06-10T00:00:00.000000,1,0,2.8075843857369467,2.308480985527974,0.3807884078301641,0.046806373168787205,2.8518429898090525,2.338985492018446,1.0
u6,2024-06-17T00:00:00.000000,1,0,2.53428216521553,2.3139836859545304,1.486402846487018,0.027649653262645,2.8518429898090525,2.338985492018446,1.0
u6,2024-06-24T00:00:00.000000,1,0,2.605167984621956,2.379446730384685,1.0108021718366267,0.01881797367404131,2.8518429898090525,2.338985492018446,1.0
u6,2024-07-01T00:00:00.000000,1,1,5.250531166940148,2.5103442885317513,1.907269854007298,0.005923928860852069,2.8518429898090525,2.338985492018446,1.0
u6,2024-07-08T00:00:00.000000,1,1,5.550138919912878,2.297953154245237,0.3316511888367139,0.029412899998461035,2.8518429898090525,2.338985492018446,1.0
u6,2024-07-15T00:00:00.000000,1,1,4.714533160522004,2.360561580887053,0.9632041274993184,0.04126997555981606,2.8518429898090525,2.338985492018446,1.0
u6,2024-07-22T00:00:00.000000,1,1,4.47634882557721,2.018729904594675,0.940396841428997,0.01509636957212458,2.8518429898090525,2.338985492018446,1.0
u6,2024-07-29T00:00:00.000000,1,1,5.009099342652883,2.3942403278841566,0.31011798089260995,0.04985173289187866,2.8518429898090525,2.338985492018446,1.0
u6,2024-08-05T00:00:00.000000,1,1,4.8681490654261665,2.244630285290779,1.6901035013557826,0.005320976593569143,2.8518429898090525,2.338985492018446,1.0
u6,2024-08-12T00:00:00.000000,1,1,4.893315419426656,2.491012109093617,1.804363457903588,0.0014499751602234713,2.8518429898090525,2.338985492018446,1.0
u7,2024-05-13T00:00:00.000000,1,0,1.6427590901822489,0.7645669455500619,1.830212631548682,0.03281345196637451,1.5837262611851617,0.6004612504665781,1.0
u7,2024-05-20T00:00:00.000000,1,0,1.503974623610548,0.576952817000952,0.19815004232735794,0.030296258882386386,1.5837262611851617,0.6004612504665781,1.0
u7,2024-05-27T00:00:00.000000,1,0,1.1947845627627334,0.3040241709780139,1.7138768015538386,0.0028615970076630195,1.5837262611851617,0.6004612504665781,1.0
u7,2024-06-03T00:00:00.000000,1,0,1.8085564311034839,0.5434844371900631,1.5670059582983231,0.034906039198931864,1.5837262611851617,0.6004612504665781,1.0
u7,2024-06-10T00:00:00.000000,1,0,1.982032100865469,0.5866336635213502,0.33735499068072183,0.025226549509649327,1.5837262611851617,0.6004612504665781,1.0
u7,2024-06-17T00:00:00.000000,1,0,1.989802028055981,0.6188865821533999,1.7171490895476766,0.007760649622054545,1.5837262611851617,0.6004612504665781,1.0
u7,2024-06-24T00:00:00.000000,1,0,1.1395653074156569,0.42283447971984756,0.6144416275038205,0.035495234864065195,1.5837262611851617,0.6004612504665781,1.0
u7,2024-07-01T00:00:00.000000,1,1,4.099957210534957,0.32402494739117005,0.20355059848346163,0.030815448496376643,1.5837262611851617,0.6004612504665781,1.0
u7,2024-07-08T00:00:00.000000,1,1,3.7261353877241223,0.5742439203290327,1.4481987416911795,0.008656392321125162,1.5837262611851617,0.6004612504665781,1.0
u7,2024-07-15T00:00:00.000000,1,1,3.4022260473425425,0.4936812027918671,1.9620516411529658,0.02292803212292449,1.5837262611851617,0.6004612504665781,1.0
u7,2024-07-22T00:00:00.000000,1,1,3.712093393393637,0.562612382279297,1.187584984921411,0.007256512733252485,1.5837262611851617,0.6004612504665781,1.0
u7,2024-07-29T00:00:00.000000,1,1,3.979924757843612,0.5319040202937022,1.1982327100343302,0.034988797229453306,1.5837262611851617,0.6004612504665781,1.0
u7,2024-08-05T00:00:00.000000,1,1,3.4842798095559857,0.8233797393820534,0.3820340808481102,0.025417636922347105,1.5837262611851617,0.6004612504665781,1.0
u7,2024-08-12T00:00:00.000000,1,1,3.6883590293990505,0.990663762491838,0.32651329977571475,0.006704730493638267,1.5837262611851617,0.6004612504665781,1.0
u8,2024-05-13T00:00:00.000000,1,0,1.497641646185454,1.1197869650539787,1.3057953230946997,0.020590544829278513,1.7513399560156582,1.0531728905303277,1.0
u8,2024-05-20T00:00:00.000000,1,0,1.5013293142308364,0.735259391868534,1.2177818719771156,0.015852045565861894,1.7513399560156582,1.0531728905303277,1.0
u8,2024-05-27T00:00:00.000000,1,0,1.6137373705338582,0.9945345732005754,1.0008520826713236,0.01127964341021055,1.7513399560156582,1.0531728905303277,1.0
u8,2024-06-03T00:00:00.000000,1,0,1.46271262111317,1.122714581020519,1.4338041441097056,0.0323974241100605,1.7513399560156582,1.0531728905303277,1.0
u8,2024-06-10T00:00:00.000000,1,0,1.8069376508402728,1.1770071139254064,1.5961212217733123,0.027457219179983974,1.7513399560156582,1.0531728905303277,1.0
u8,2024-06-17T00:00:00.000000,1,0,1.408758488172937,1.0544407030027814,0.785248935455483,0.025636962230337915,1.7513399560156582,1.0531728905303277,1.0
u8,2024-06-24T00:00:00.000000,1,0,2.18130430799751,1.0714769261649693,1.8500086748608642,0.025181646259154963,1.7513399560156582,1.0531728905303277,1.0
u8,2024-07-01T00:00:00.000000,1,1,3.700217681666397,0.8972764111852438,0.6974563143139824,0.04186911811725343,1.7513399560156582,1.0531728905303277,1.0
u8,2024-07-08T00:00:00.000000,1,1,3.951015526909687,1.2702302914195096,0.20557904212306802,0.014030571806682796,1.7513399560156582,1.0531728905303277,1.0
u8,2024-07-15T00:00:00.000000,1,1,3.887529629808267,0.9914382794210452,0.6963974026237795,0.037134628336254284,1.7513399560156582,1.0531728905303277,1.0
u8,2024-07-22T00:00:00.000000,1,1,3.6506577455800646,0.6550104915055281,1.7274412447916605,0.018613078659577408,1.7513399560156582,1.0531728905303277,1.0
u8,2024-07-29T00:00:00.000000,1,1,4.019895450607164,0.9092768438733696,0.32737785614329923,0.018245968053912626,1.7513399560156582,1.0531728905303277,1.0
u8,2024-08-05T00:00:00.000000,1,1,3.588291303635868,1.5372558929798081,1.5669992935737127,0.01554807549603831,1.7513399560156582,1.0531728905303277,1.0
u8,2024-08-12T00:00:00.000000,1,1,3.8908640188657504,0.7409812199314392,0.8368992208109345,0.03204443172930797,1.7513399560156582,1.0531728905303277,1.0
u9,2024-05-13T00:00:00.000000,1,0,0.6516679702613587,0.9190266477078753,0.41522304896541395,0.0418152145275119,0.548274402390543,0.785361444086276,1.0
u9,2024-05-20T00:00:00.000000,1,0,1.0369554866777404,0.5913315401559934,1.6942324886752556,0.04951608321631363,0.548274402390543,0.785361444086276,1.0
u9,2024-05-27T00:00:00.000000,1,0,0.49087120638202497,1.0661257224995873,0.8458881600996477,0.004002464182309251,0.548274402390543,0.785361444086276,1.0
u9,2024-06-03T00:00:00.000000,1,0,0.5877201474321787,0.837007208750815,0.9917211749617624,0.00753364869066201,0.548274402390543,0.785361444086276,1.0
u9,2024-06-10T00:00:00.000000,1,0,0.26593777361305554,0.6956486024806051,0.1848332690511299,0.011642614247185313,0.548274402390543,0.785361444086276,1.0
u9,2024-06-17T00:00:00.000000,1,0,0.7395156731858795,0.6776071805627273,1.2142458287281124,0.02466449879253333,0.548274402390543,0.785361444086276,1.0
u9,2024-06-24T00:00:00.000000,1,0,0.31230466985929245,0.44806781383945554,1.7028179310488283,0.03187943502392295,0.548274402390543,0.785361444086276,1.0
u9,2024-07-01T00:00:00.000000,1,1,2.494506414755617,0.734685930296673,1.5495157361751053,0.002905424086072367,0.548274402390543,0.785361444086276,1.0
u9,2024-07-08T00:00:00.000000,1,1,2.245713589807611,0.9267313722660862,0.7430673182649195,0.04222394366435933,0.548274402390543,0.785361444086276,1.0
u9,2024-07-15T00:00:00.000000,1,1,2.715234435215922,0.8446450442480078,1.7188294820742211,0.025239574145174904,0.548274402390543,0.785361444086276,1.0
u9,2024-07-22T00:00:00.000000,1,1,2.45614943689017,0.6346559280148003,1.7155211677840714,0.017029539779576216,0.548274402390543,0.785361444086276,1.0
u9,2024-07-29T00:00:00.000000,1,1,2.281635208421268,0.7712253677558617,1.8429415778481846,0.031541612018237124,0.548274402390543,0.785361444086276,1.0
u9,2024-08-05T00:00:00.000000,1,1,2.3186138191616292,0.9653983568902686,0.46404571835912967,0.001241156589928627,0.548274402390543,0.785361444086276,1.0
u9,2024-08-12T00:00:00.000000,1,1,2.3523995589911295,0.8950470282522358,0.6843166375994937,0.029923859577886833,0.548274402390543,0.785361444086276,1.0
u10,2024-05-13T00:00:00.000000,1,0,0.26300661737224423,1.0164305770497672,1.9654313003308175,0.031017885482902203,0.5329150533185704,0.9784618984822786,1.0
u10,2024-05-20T00:00:00.000000,1,0,0.9073000488363998,0.9279584316216857,1.8163229567317007,0.03603479733591758,0.5329150533185704,0.9784618984822786,1.0
u10,2024-05-27T00:00:00.000000,1,0,0.18601075523897054,0.9197061144518527,1.7469227326976602,0.0057052035591818595,0.5329150533185704,0.9784618984822786,1.0
u10,2024-06-03T00:00:00.000000,1,0,1.1321040125429684,0.7431389545964182,1.1508972245814229,0.03270512047411784,0.5329150533185704,0.9784618984822786,1.0
u10,2024-06-10T00:00:00.000000,1,0,1.0162498978684567,0.7339870359742979,0.6476336664270199,0.03668767487189581,0.5329150533185704,0.9784618984822786,1.0
u10,2024-06-17T00:00:00.000000,1,0,0.03738730886479019,0.7222480571131122,1.5769519423054392,0.024484987090845296,0.5329150533185704,0.9784618984822786,1.0
u10,2024-06-24T00:00:00.000000,1,0,0.7766954396446637,1.0267938424464462,1.9580422602402965,0.020578800109702994,0.5329150533185704,0.9784618984822786,1.0
u10,2024-07-01T00:00:00.000000,1,1,2.3596533871118752,1.2333513418705264,1.1553772492617516,0.04010298934928622,0.5329150533185704,0.9784618984822786,1.0
u10,2024-07-08T00:00:00.000000,1,1,2.69525453655993,1.1310471949496659,0.17024438168223105,0.01863511706533671,0.5329150533185704,0.9784618984822786,1.0
u10,2024-07-15T00:00:00.000000,1,1,2.694325385297046,0.7716002881473988,1.38308069446822,0.03566290981558491,0.5329150533185704,0.9784618984822786,1.0
u10,2024-07-22T00:00:00.000000,1,1,2.6668116975814895,0.817142117620804,1.5049197901053688,0.04004357960533161,0.5329150533185704,0.9784618984822786,1.0
u10,2024-07-29T00:00:00.000000,1,1,2.605408409821596,0.8556665382036992,1.281605769412967,0.042906265231241164,0.5329150533185704,0.9784618984822786,1.0
u10,2024-08-05T00:00:00.000000,1,1,2.542547355509851,1.0322445880179987,1.3868460587923548,0.0014803644564306607,0.5329150533185704,0.9784618984822786,1.0
u10,2024-08-12T00:00:00.000000,1,1,2.3728793491691533,0.8961342340390368,1.3760643368261316,0.011882918168029867,0.5329150533185704,0.9784618984822786,1.0
u11,2024-05-13T00:00:00.000000,1,0,5.102313469125709,1.0934341324567738,1.2216084766779831,0.019847003387391704,4.337515083343607,1.1744879855466401,1.0
u11,2024-05-20T00:00:00.000000,1,0,4.251648198391407,1.1365032173421887,0.45642799568503356,0.004240579561788155,4.337515083343607,1.1744879855466401,1.0
u11,2024-05-27T00:00:00.000000,1,0,4.494867295929433,0.8756068615827788,1.6341200513549352,0.04993716850333824,4.337515083343607,1.1744879855466401,1.0
u11,2024-06-03T00:00:00.000000,1,0,4.389103183074726,1.107022953132939,0.35996042825628993,0.02874359648115168,4.337515083343607,1.1744879855466401,1.0
u11,2024-06-10T00:00:00.000000,1,0,3.818313601691442,1.2073661261421005,1.839067644542554,0.024845829806517474,4.337515083343607,1.1744879855466401,1.0
u11,2024-06-17T00:00:00.000000,1,0,4.28526326320212,1.508065507770544,0.2276166708107571,0.01009895188443908,4.337515083343607,1.1744879855466401,1.0
u11,2024-06-24T00:00:00.000000,1,0,4.433335162480976,1.0006785359736836,1.3056265034084147,0.01716462311894539,4.337515083343607,1.1744879855466401,1.0
u11,2024-07-01T00:00:00.000000,1,1,6.2403775720576276,0.8360954557126874,1.5287299309923394,0.027042831847247564,4.337515083343607,1.1744879855466401,1.0
u11,2024-07-08T00:00:00.000000,1,1,6.234812801744443,1.158170431609616,0.546684522073253,0.016267136525833854,4.337515083343607,1.1744879855466401,1.0
u11,2024-07-15T00:00:00.000000,1,1,6.482135134001265,1.069944246312704,1.5104041038941558,0.029537239708188306,4.337515083343607,1.1744879855466401,1.0
u11,2024-07-22T00:00:00.000000,1,1,6.419226009925879,1.0317130207393435,0.5586069170906596,0.016124617358433263,4.337515083343607,1.1744879855466401,1.0
u11,2024-07-29T00:00:00.000000,1,1,6.442320270111736,1.6510084420834548,1.1668298493873308,0.0395987212570687,4.337515083343607,1.1744879855466401,1.0
u11,2024-08-05T00:00:00.000000,1,1,6.2874367043110375,1.3378431589867983,1.0048888863147787,0.049735087446751244,4.337515083343607,1.1744879855466401,1.0
u11,2024-08-12T00:00:00.000000,1,1,6.181118207752422,1.0874064909578476,0.45184075541177837,0.028108536686878613,4.337515083343607,1.1744879855466401,1.0
u12,2024-05-13T00:00:00.000000,1,0,0.8310915895775246,2.090997399153155,0.9226477364487575,0.001792137570908159,0.9585237079154519,2.0281819543791952,1.0
u12,2024-05-20T00:00:00.000000,1,0,0.28299052072973796,1.8628409449958163,0.1780502772792092,0.012303330575246924,0.9585237079154519,2.0281819543791952,1.0
u12,2024-05-27T00:00:00.000000,1,0,0.6694321746048107,1.84515073121001,1.0805668223885136,0.015628497451429198,0.9585237079154519,2.0281819543791952,1.0
u12,2024-06-03T00:00:00.000000,1,0,0.8850055125582412,1.8220192103249644,0.8305583181808633,0.0030264225413268067,0.9585237079154519,2.0281819543791952,1.0
u12,2024-06-10T00:00:00.000000,1,0,0.6657360630809805,1.8460669775949055,0.6739359806889131,0.019706288858904877,0.9585237079154519,2.0281819543791952,1.0
u12,2024-06-17T00:00:00.000000,1,0,1.1527691151282942,2.025452596020136,0.31293370489752537,0.04313822818704391,0.9585237079154519,2.0281819543791952,1.0
u12,2024-06-24T00:00:00.000000,1,0,0.9548983126789717,1.9860439515065638,1.0300538123636953,0.016654708050531892,0.9585237079154519,2.0281819543791952,1.0
u12,2024-07-01T00:00:00.000000,1,1,3.1642484184978508,1.9579914779355996,1.6982870418084173,0.013017427170762503,0.9585237079154519,2.0281819543791952,1.0
u12,2024-07-08T00:00:00.000000,1,1,3.296929365120243,1.5720343853048107,1.0117404610470238,0.034162917882940645,0.9585237079154519,2.0281819543791952,1.0
u12,2024-07-15T00:00:00.000000,1,1,3.396877367931551,2.0846993509630547,1.867730773419386,0.0024284644923479037,0.9585237079154519,2.0281819543791952,1.0
u12,2024-07-22T00:00:00.000000,1,1,2.622662945334294,2.1177446977237375,0.38586262195920074,0.0023687010002740928,0.9585237079154519,2.0281819543791952,1.0
u12,2024-07-29T00:00:00.000000,1,1,2.9022224106369165,2.0838106996701207,0.11759358546013449,0.009416098740567591,0.9585237079154519,2.0281819543791952,1.0
u12,2024-08-05T00:00:00.000000,1,1,3.200626192498793,1.7042075555008411,1.2782836445937629,0.012081945436954289,0.9585237079154519,2.0281819543791952,1.0
u12,2024-08-12T00:00:00.000000,1,1,3.314841235894033,1.8240573504765276,1.71392713287058,0.00023706964559369603,0.9585237079154519,2.0281819543791952,1.0
u13,2024-05-13T00:00:00.000000,1,0,4.495051838671086,1.859190102678388,1.7254339294021128,0.012713174187707866,4.34016256704065,1.933533441995527,1.0
u13,2024-05-20T00:00:00.000000,1,0,4.250383155875073,1.7305198608497638,1.246506463233311,0.04923247668088218,4.34016256704065,1.933533441995527,1.0
u13,2024-05-27T00:00:00.000000,1,0,4.680977172107279,1.7493633624337015,0.7049583238740733,0.03996067611207455,4.34016256704065,1.933533441995527,1.0
u13,2024-06-03T00:00:00.000000,1,0,4.472926254301866,2.1834664954042826,0.886649578199549,0.015881781718178084,4.34016256704065,1.933533441995527,1.0
u13,2024-06-10T00:00:00.000000,1,0,4.531234452052313,2.001691723595948,0.7583094452736437,0.000951707390874329,4.34016256704065,1.933533441995527,1.0
u13,2024-06-17T00:00:00.000000,1,0,4.173304979385913,1.677565250467523,1.445373347798817,0.036929019322869135,4.34016256704065,1.933533441995527,1.0
u13,2024-06-24T00:00:00.000000,1,0,4.747928747129334,1.984576125366702,1.2282780412540504,0.006301317087331327,4.34016256704065,1.933533441995527,1.0
u13,2024-07-01T00:00:00.000000,1,1,6.401001750109984,1.7148391679031305,0.4285934792399483,0.025364635079102166,4.34016256704065,1.933533441995527,1.0
u13,2024-07-08T00:00:00.000000,1,1,5.949366931990311,1.9232940196322077,0.13150162360535816,0.04965422909652533,4.34016256704065,1.933533441995527,1.0
u13,2024-07-15T00:00:00.000000,1,1,6.608426565594673,1.9358225298138203,1.8048741795327778,0.04401901500638461,4.34016256704065,1.933533441995527,1.0
u13,2024-07-22T00:00:00.000000,1,1,6.279288371601986,1.7170480025178696,0.619055663851665,0.0025259848186002577,4.34016256704065,1.933533441995527,1.0
u13,2024-07-29T00:00:00.000000,1,1,5.965067905363706,2.035777804905034,1.3608799886546687,0.041812258842130065,4.34016256704065,1.933533441995527,1.0
u13,2024-08-05T00:00:00.000000,1,1,6.3033571757921125,2.1326737191755116,0.5394330254050193,0.04369442489519007,4.34016256704065,1.933533441995527,1.0
u13,2024-08-12T00:00:00.000000,1,1,6.351836529111088,1.7645243764016967,1.1517275961702618,0.019808325002962448,4.34016256704065,1.933533441995527,1.0
u14,2024-05-13T00:00:00.000000,1,0,3.8792873313016982,2.2057092458969803,1.9684924443865814,0.020963619395040257,3.5492934361990733,2.2321549772032148,1.0
u14,2024-05-20T00:00:00.000000,1,0,3.6144627946422307,2.191738328125334,1.612454256989719,0.026011503352299695,3.5492934361990733,2.2321549772032148,1.0
u14,2024-05-27T00:00:00.000000,1,0,3.3981061137758903,2.10654176045814,1.7903472011832549,0.019750362002027823,3.5492934361990733,2.2321549772032148,1.0
u14,2024-06-03T00:00:00.000000,1,0,3.622524752892579,2.2867957817736393,1.9269442961279617,0.008922088091091546,3.5492934361990733,2.2321549772032148,1.0
u14,2024-06-10T00:00:00.000000,1,0,3.980626518174012,1.9997390746563573,0.992621687532173,0.03667474522814149,3.5492934361990733,2.2321549772032148,1.0
u14,2024-06-17T00:00:00.000000,1,0,3.558026420172074,2.2383384328097544,1.0823370250139155,0.037085820525986746,3.5492934361990733,2.2321549772032148,1.0
u14,2024-06-24T00:00:00.000000,1,0,2.747443106268192,2.3113417520893793,1.1828742554189002,0.005230754840238761,3.5492934361990733,2.2321549772032148,1.0
u14,2024-07-01T00:00:00.000000,1,1,5.435351482662106,2.0815765937574904,1.6163851280548327,0.004993123858036475,3.5492934361990733,2.2321549772032148,1.0
u14,2024-07-08T00:00:00.000000,1,1,5.977539021304425,2.599632312300719,0.14396617970569822,0.04896123168536398,3.5492934361990733,2.2321549772032148,1.0
u14,2024-07-15T00:00:00.000000,1,1,5.559966379294461,2.582893182543431,1.7863850681272824,0.019731494407504116,3.5492934361990733,2.2321549772032148,1.0
u14,2024-07-22T00:00:00.000000,1,1,5.658935777991924,2.8679257130767217,1.2038798101212964,0.02045699888123986,3.5492934361990733,2.2321549772032148,1.0
u14,2024-07-29T00:00:00.000000,1,1,5.839992797281831,2.1597884697863465,0.9885164875905332,0.009837109037531567,3.5492934361990733,2.2321549772032148,1.0
u14,2024-08-05T00:00:00.000000,1,1,5.55861911253042,2.2878701601055758,0.34910651674981774,0.008143575027727746,3.5492934361990733,2.2321549772032148,1.0
u14,2024-08-12T00:00:00.000000,1,1,5.676783205429919,1.8447615906621317,1.9143069445260346,0.012179837267930371,3.5492934361990733,2.2321549772032148,1.0
u15,2024-05-13T00:00:00.000000,1,0,0.9703545739660366,2.171111543486266,0.48396739312640813,0.009288306743554358,0.9451602729717004,2.3098127764007224,1.0
u15,2024-05-20T00:00:00.000000,1,0,0.8230771483399326,2.1928379494141224,0.592935695723615,0.0022586558494713193,0.9451602729717004,2.3098127764007224,1.0
u15,2024-05-27T00:00:00.000000,1,0,0.6427923880846369,2.454669311891968,1.3397864814300602,0.024775327831430924,0.9451602729717004,2.3098127764007224,1.0
u15,2024-06-03T00:00:00.000000,1,0,0.35758284085259107,2.3073489178148603,0.6600705041916312,0.03824017763036172,0.9451602729717004,2.3098127764007224,1.0
u15,2024-06-10T00:00:00.000000,1,0,0.936765536012635,2.3549247443027586,1.9706803556764327,0.04911833415522662,0.9451602729717004,2.3098127764007224,1.0
u15,2024-06-17T00:00:00.000000,1,0,0.5935687951014619,2.091148004823246,0.36180771826282987,0.015223326323801646,0.9451602729717004,2.3098127764007224,1.0
u15,2024-06-24T00:00:00.000000,1,0,0.8157584414998472,1.8094728075687914,1.7070142198240708,0.030837808953865453,0.9451602729717004,2.3098127764007224,1.0
u15,2024-07-01T00:00:00.000000,1,1,2.7778416067231357,2.2281350509497773,0.581185401360375,0.008015601249112903,0.9451602729717004,2.3098127764007224,1.0
u15,2024-07-08T00:00:00.000000,1,1,3.2599621561347227,2.1746093152644486,1.4967459122873035,0.014801643145501288,0.9451602729717004,2.3098127764007224,1.0
u15,2024-07-15T00:00:00.000000,1,1,2.4844676519938647,2.387751117464723,1.5440284463136662,0.03861764938372841,0.9451602729717004,2.3098127764007224,1.0
u15,2024-07-22T00:00:00.000000,1,1,3.421643105116479,2.1853712873417788,0.3292451411430042,0.04480610412118152,0.9451602729717004,2.3098127764007224,1.0
u15,2024-07-29T00:00:00.000000,1,1,2.562055339480632,2.3237966925996876,1.7083092185291182,0.008974603617304372,0.9451602729717004,2.3098127764007224,1.0
u15,2024-08-05T00:00:00.000000,1,1,3.064270262976348,2.420929194130747,0.5659920487440984,0.03551226006679933,0.9451602729717004,2.3098127764007224,1.0
u15,2024-08-12T00:00:00.000000,1,1,3.2924126003780403,2.5970731277133807,1.1086157491468476,0.012420320193282576,0.9451602729717004,2.3098127764007224,1.0
u16,2024-05-13T00:00:00.000000,1,0,1.3414826800786266,0.6753565482108659,1.5769815553226152,0.025883076064386452,1.6015842569756544,0.6515113759853874,1.0
u16,2024-05-20T00:00:00.000000,1,0,2.1662367210368694,0.6175674167013118,1.1194792257964696,0.021728154234884518,1.6015842569756544,0.6515113759853874,1.0
u16,2024-05-27T00:00:00.000000,1,0,1.6242982433627045,0.6527147120726018,1.9092744601067984,0.02410153797931753,1.6015842569756544,0.6515113759853874,1.0
u16,2024-06-03T00:00:00.000000,1,0,2.0958024562566533,0.7134353923672208,1.1533914488758739,0.010385862667576962,1.6015842569756544,0.6515113759853874,1.0
u16,2024-06-10T00:00:00.000000,1,0,1.5752212342509682,0.8395692689621053,0.32601129040640153,0.04584242038145979,1.6015842569756544,0.6515113759853874,1.0
u16,2024-06-17T00:00:00.000000,1,0,1.8675024448460402,0.7496647177841512,0.9835268507796187,0.020022562262263916,1.6015842569756544,0.6515113759853874,1.0
u16,2024-06-24T00:00:00.000000,1,0,1.4948747623043441,0.7186796273719922,1.9783474071871954,0.040915393435193154,1.6015842569756544,0.6515113759853874,1.0
u16,2024-07-01T00:00:00.000000,1,1,2.5070604094112197,0.3068186945043038,0.39046653204003834,0.04603329291367839,1.6015842569756544,0.6515113759853874,1.0
u16,2024-07-08T00:00:00.000000,1,1,3.252855622933675,0.5090909676095997,0.7505669859401944,0.03972285152479422,1.6015842569756544,0.6515113759853874,1.0
u16,2024-07-15T00:00:00.000000,1,1,4.27446035069655,0.6511274053501183,1.607907229338517,0.01059773055402713,1.6015842569756544,0.6515113759853874,1.0
u16,2024-07-22T00:00:00.000000,1,1,3.64089239183368,0.4510425798472272,1.3141259336019127,0.00011543862933710015,1.6015842569756544,0.6515113759853874,1.0
u16,2024-07-29T00:00:00.000000,1,1,3.1921617613151847,0.6003449617172227,0.21791990242629494,0.0229131020768257,1.6015842569756544,0.6515113759853874,1.0
u16,2024-08-05T00:00:00.000000,1,1,3.6119678192312312,0.5949522261558734,1.3013373447573993,0.019646369578511666,1.6015842569756544,0.6515113759853874,1.0
u16,2024-08-12T00:00:00.000000,1,1,3.786628516882588,0.4515689302515111,1.4797422439294121,0.02305497150774538,1.6015842569756544,0.6515113759853874,1.0
u17,2024-05-13T00:00:00.000000,1,0,3.602924667896686,1.9718209600113104,0.7511559212344161,0.008861775062463629,3.469780855081755,1.8791469988047729,1.0
u17,2024-05-20T00:00:00.000000,1,0,3.690455782810267,1.9540242891460256,0.17648210588585517,0.02248163442113403,3.469780855081755,1.8791469988047729,1.0
u17,2024-05-27T00:00:00.000000,1,0,3.5690929015806137,1.8186230469106837,1.3539918657221874,0.015124014056896408,3.469780855081755,1.8791469988047729,1.0
u17,2024-06-03T00:00:00.000000,1,0,3.9135632082840237,2.2380210097248447,1.5031703541045944,0.020157010205954097,3.469780855081755,1.8791469988047729,1.0
u17,2024-06-10T00:00:00.000000,1,0,3.575596903989658,2.0325115731616217,1.0669748883275731,0.04535431634547543,3.469780855081755,1.8791469988047729,1.0
u17,2024-06-17T00:00:00.000000,1,0,3.7169067946446095,1.8672904695995864,0.7504886232701028,0.020407833411550655,3.469780855081755,1.8791469988047729,1.0
u17,2024-06-24T00:00:00.000000,1,0,3.6599539684018776,1.879745657044764,0.2742749902121127,0.033374496157337896,3.469780855081755,1.8791469988047729,1.0
u17,2024-07-01T00:00:00.000000,1,1,5.357328416212472,2.030396631530734,0.13755624615111417,0.016327342133588996,3.469780855081755,1.8791469988047729,1.0
u17,2024-07-08T00:00:00.000000,1,1,5.902472292437628,1.7789980500533897,1.7351977626526471,0.012334018861307368,3.469780855081755,1.8791469988047729,1.0
u17,2024-07-15T00:00:00.000000,1,1,5.163467306878259,1.8895816625362796,0.6227897986432552,0.0069327248116709764,3.469780855081755,1.8791469988047729,1.0
u17,2024-07-22T00:00:00.000000,1,1,5.655691444726498,1.9471220710433137,1.8296211293519797,0.010126120396209299,3.469780855081755,1.8791469988047729,1.0
u17,2024-07-29T00:00:00.000000,1,1,5.654621255482426,1.4575563304492842,1.910552690122575,0.030503024144358695,3.469780855081755,1.8791469988047729,1.0
u17,2024-08-05T00:00:00.000000,1,1,5.4805988331210935,1.8782204043599038,0.7089332071882307,0.048806419534585394,3.469780855081755,1.8791469988047729,1.0
u17,2024-08-12T00:00:00.000000,1,1,5.530613369557465,1.7790747833253928,0.14413240645884112,0.02000307230673777,3.469780855081755,1.8791469988047729,1.0
u18,2024-05-13T00:00:00.000000,1,0,4.270652856154475,2.0697725722615883,1.7225703146797353,0.016110783691146914,4.437984259951302,1.9086368444130881,1.0
u18,2024-05-20T00:00:00.000000,1,0,4.730152498416523,2.048350113487389,1.3011847502182385,0.01670556334793778,4.437984259951302,1.9086368444130881,1.0
u18,2024-05-27T00:00:00.000000,1,0,4.180222454378631,1.8011043290324835,1.855361549047162,0.04216614428809895,4.437984259951302,1.9086368444130881,1.0
u18,2024-06-03T00:00:00.000000,1,0,4.569237934537264,1.6602857386374095,1.5528677342677994,0.03812950459813204,4.437984259951302,1.9086368444130881,1.0
u18,2024-06-10T00:00:00.000000,1,0,5.171523303468978,1.6331737133090147,0.556429924683106,0.03224095971796453,4.437984259951302,1.9086368444130881,1.0
u18,2024-06-17T00:00:00.000000,1,0,4.5613358353560916,1.932306427090729,1.213326610782504,0.02049911941125216,4.437984259951302,1.9086368444130881,1.0
u18,2024-06-24T00:00:00.000000,1,0,4.87419931438854,1.8173426155681436,1.7350828466593144,0.008384975983889048,4.437984259951302,1.9086368444130881,1.0
u18,2024-07-01T00:00:00.000000,1,1,6.419908706030916,1.6942443339550444,1.61527058779343,0.04195869331171623,4.437984259951302,1.9086368444130881,1.0
u18,2024-07-08T00:00:00.000000,1,1,6.414777406005046,1.8692597046723063,0.31983791788791593,0.019503129507826462,4.437984259951302,1.9086368444130881,1.0
u18,2024-07-15T00:00:00.000000,1,1,5.960145982034844,1.7260612470693226,0.3925308068974902,0.021140016627339678,4.437984259951302,1.9086368444130881,1.0
u18,2024-07-22T00:00:00.000000,1,1,7.280747518320153,1.791319827398908,1.963560176512765,0.003482031829569732,4.437984259951302,1.9086368444130881,1.0
u18,2024-07-29T00:00:00.000000,1,1,6.39260996592739,1.9951557347583186,0.6142010893146348,0.044242452975318036,4.437984259951302,1.9086368444130881,1.0
u18,2024-08-05T00:00:00.000000,1,1,6.315484311103302,1.629014912453318,1.6818056413556135,0.008817819000403793,4.437984259951302,1.9086368444130881,1.0
u18,2024-08-12T00:00:00.000000,1,1,6.3549742329255885,1.7894190644818548,1.0514556832525288,0.03430814578075752,4.437984259951302,1.9086368444130881,1.0
u19,2024-05-13T00:00:00.000000,1,0,3.8049781936063334,3.29355471607488,1.4829022680405648,0.04883320391082946,3.4370903069116485,2.9777176154785536,1.0
u19,2024-05-20T00:00:00.000000,1,0,3.8096783059557917,3.2037374787594564,0.9070761571493662,0.002570957727846468,3.4370903069116485,2.9777176154785536,1.0
u19,2024-05-27T00:00:00.000000,1,0,3.5929884789155992,2.758250080569145,1.5961813617998544,0.04160600376409931,3.4370903069116485,2.9777176154785536,1.0
u19,2024-06-03T00:00:00.000000,1,0,3.1987104703741323,3.238430629040171,0.710936796257709,0.03744103898335274,3.4370903069116485,2.9777176154785536,1.0
u19,2024-06-10T00:00:00.000000,1,0,3.3555879918054607,2.7472678472232,1.7967589371189758,0.007195434803927914,3.4370903069116485,2.9777176154785536,1.0
u19,2024-06-17T00:00:00.000000,1,0,3.4607869218136513,3.204453711229894,0.3916984919037664,0.02669200066369802,3.4370903069116485,2.9777176154785536,1.0
u19,2024-06-24T00:00:00.000000,1,0,3.1405021620812668,3.067781071087316,0.1009856139148405,0.02181583298471316,3.4370903069116485,2.9777176154785536,1.0
u19,2024-07-01T00:00:00.000000,1,1,5.366341498259192,2.940882466175509,1.3392894522851253,0.04115636587080933,3.4370903069116485,2.9777176154785536,1.0
u19,2024-07-08T00:00:00.000000,1,1,5.407556506219285,2.928938393443086,1.7355218498790186,0.04115623049750474,3.4370903069116485,2.9777176154785536,1.0
u19,2024-07-15T00:00:00.000000,1,1,5.358168279574743,2.840547080243225,0.27623654710654005,0.019724075896937723,3.4370903069116485,2.9777176154785536,1.0
u19,2024-07-22T00:00:00.000000,1,1,5.823623581707125,2.990058542288627,1.5294249374237503,0.025208930219540696,3.4370903069116485,2.9777176154785536,1.0
u19,2024-07-29T00:00:00.000000,1,1,5.438229182398087,3.3214766160885256,0.7990182464214535,0.010959460823931616,3.4370903069116485,2.9777176154785536,1.0
u19,2024-08-05T00:00:00.000000,1,1,5.274139057594814,2.9806231918660675,0.32592966126452494,0.004299117505547257,3.4370903069116485,2.9777176154785536,1.0
u19,2024-08-12T00:00:00.000000,1,1,5.321816533047477,3.1815263541269063,1.6639044833331096,0.01992533117371062,3.4370903069116485,2.9777176154785536,1.0
u20,2024-05-13T00:00:00.000000,1,0,4.788303150087306,0.7237548896137156,0.8465445357244404,0.04375420995270412,4.956748058122171,0.5841915218137146,1.0
u20,2024-05-20T00:00:00.000000,1,0,5.398634129779044,0.09401709610569725,0.4653712901667527,0.011039896060446704,4.956748058122171,0.5841915218137146,1.0
u20,2024-05-27T00:00:00.000000,1,0,4.847769863851529,0.5332698878605086,1.4959777484831018,0.028321032540482235,4.956748058122171,0.5841915218137146,1.0
u20,2024-06-03T00:00:00.000000,1,0,4.6984955545651,1.075676340228893,1.450012266311088,0.001328888249864585,4.956748058122171,0.5841915218137146,1.0
u20,2024-06-10T00:00:00.000000,1,0,4.8476730710301315,0.35435072237605575,1.0237649436823235,0.01300923276714957,4.956748058122171,0.5841915218137146,1.0
u20,2024-06-17T00:00:00.000000,1,0,4.657392463148963,0.5672214154813127,1.670561820850067,0.02806115339450221,4.956748058122171,0.5841915218137146,1.0
u20,2024-06-24T00:00:00.000000,1,0,5.00133618671302,0.6574334413705021,1.0916450944615816,0.015737480928219052,4.956748058122171,0.5841915218137146,1.0
u20,2024-07-01T00:00:00.000000,1,1,7.21315377716284,0.42414918249334455,0.22555050074685018,0.000053373251137361915,4.956748058122171,0.5841915218137146,1.0
u20,2024-07-08T00:00:00.000000,1,1,6.543831808398787,0.520951980897477,1.3279524501342623,0.008598017596851143,4.956748058122171,0.5841915218137146,1.0
u20,2024-07-15T00:00:00.000000,1,1,6.914451688888846,0.8905472999339252,1.0045743376894551,0.04677709719213276,4.956748058122171,0.5841915218137146,1.0
u20,2024-07-22T00:00:00.000000,1,1,7.181784601763255,0.9709502188513519,1.2129655177939727,0.009774325479100204,4.956748058122171,0.5841915218137146,1.0
u20,2024-07-29T00:00:00.000000,1,1,6.678788124775026,0.8811752791604848,0.2883982441377473,0.010349257982041988,4.956748058122171,0.5841915218137146,1.0
u20,2024-08-05T00:00:00.000000,1,1,6.810889818912457,0.6682368637086318,0.35591484735435985,0.04301409431094705,4.956748058122171,0.5841915218137146,1.0
u20,2024-08-12T00:00:00.000000,1,1,6.754484319604819,0.44172410893117287,0.2050137780523325,0.01786848117510271,4.956748058122171,0.5841915218137146,1.0
u21,2024-05-13T00:00:00.000000,1,0,1.5449090575114315,1.872166853119798,1.8663665797471547,0.00499155285883951,1.6916322979471086,1.9093581885570077,1.0
u21,2024-05-20T00:00:00.000000,1,0,1.2782295148927487,1.5472344525609287,1.2771815869895928,0.006098448210481145,1.6916322979471086,1.9093581885570077,1.0
u21,2024-05-27T00:00:00.000000,1,0,2.0891190017615977,1.9004709550161367,1.6576368306522458,0.026303026344301046,1.6916322979471086,1.9093581885570077,1.0
u21,2024-06-03T00:00:00.000000,1,0,1.9263999456616563,1.7291787894960926,0.8624034319536154,0.01619683344688181,1.6916322979471086,1.9093581885570077,1.0
u21,2024-06-10T00:00:00.000000,1,0,1.5186381102770006,2.021266262680241,1.631762834344978,0.008517059682925944,1.6916322979471086,1.9093581885570077,1.0
u21,2024-06-17T00:00:00.000000,1,0,1.35480176826581,1.6725325221773533,1.037976944914227,0.04854423642728689,1.6916322979471086,1.9093581885570077,1.0
u21,2024-06-24T00:00:00.000000,1,0,1.717583960523547,1.9747601623148707,1.2110301353293795,0.006402630527389347,1.6916322979471086,1.9093581885570077,1.0
u21,2024-07-01T00:00:00.000000,1,1,3.8627934087886544,2.0329963314900676,0.29623861030339427,0.04330723031655101,1.6916322979471086,1.9093581885570077,1.0
u21,2024-07-08T00:00:00.000000,1,1,3.3912448681201455,2.246075430464612,0.8764718169967544,0.021575950184367733,1.6916322979471086,1.9093581885570077,1.0
u21,2024-07-15T00:00:00.000000,1,1,3.712028285762435,1.8269283128656142,1.8722812773482669,0.019574598976533172,1.6916322979471086,1.9093581885570077,1.0
u21,2024-07-22T00:00:00.000000,1,1,3.223817327355426,2.102818035725562,1.179075037814136,0.023090895572487415,1.6916322979471086,1.9093581885570077,1.0
u21,2024-07-29T00:00:00.000000,1,1,3.78222352070289,1.7642798841554126,0.7093595387187446,0.01728654028813163,1.6916322979471086,1.9093581885570077,1.0
u21,2024-08-05T00:00:00.000000,1,1,3.6800708193940848,2.25728779694321,0.415519001586549,0.03615569010726931,1.6916322979471086,1.9093581885570077,1.0
u21,2024-08-12T00:00:00.000000,1,1,3.720856321834443,2.0685137905058544,1.1690775800922288,0.03777697712367137,1.6916322979471086,1.9093581885570077,1.0
u22,2024-05-13T00:00:00.000000,1,0,1.8570250909286972,2.6450614705021573,1.3710005520840012,0.002628799516152769,1.6584006305541714,2.5150116693864843,1.0
u22,2024-05-20T00:00:00.000000,1,0,2.0932040709250623,2.4400227314166574,1.8554107610363169,0.02894887623751213,1.6584006305541714,2.5150116693864843,1.0
u22,2024-05-27T00:00:00.000000,1,0,1.6654072253885381,2.3950617795627114,1.3927957307728518,0.028133400691596658,1.6584006305541714,2.5150116693864843,1.0
u22,2024-06-03T00:00:00.000000,1,0,1.5929918921228448,2.7537353837577596,1.7190761404314452,0.024820874121965417,1.6584006305541714,2.5150116693864843,1.0
u22,2024-06-10T00:00:00.000000,1,0,1.8971522271201036,2.527105359009958,1.5946344537378387,0.016535803337305272,1.6584006305541714,2.5150116693864843,1.0
u22,2024-06-17T00:00:00.000000,1,0,1.6514305172990615,2.915713551466753,1.1736480301983405,0.013517089409966376,1.6584006305541714,2.5150116693864843,1.0
u22,2024-06-24T00:00:00.000000,1,0,1.52668445752269,2.4360970990126054,1.0435219098079351,0.026824396187612537,1.6584006305541714,2.5150116693864843,1.0
u22,2024-07-01T00:00:00.000000,1,1,3.9120455630987276,2.199887803952361,1.7257200312345666,0.009380464638251679,1.6584006305541714,2.5150116693864843,1.0
u22,2024-07-08T00:00:00.000000,1,1,3.3687952721115426,2.5257079947508645,0.8114814792529816,0.005055308296779248,1.6584006305541714,2.5150116693864843,1.0
u22,2024-07-15T00:00:00.000000,1,1,3.8426817620612908,2.6657826833732208,1.1723460926824394,0.049107214815892225,1.6584006305541714,2.5150116693864843,1.0
u22,2024-07-22T00:00:00.000000,1,1,3.3594750427534548,2.7615920562070237,0.8029702989096758,0.02088096463270228,1.6584006305541714,2.5150116693864843,1.0
u22,2024-07-29T00:00:00.000000,1,1,3.304400397013994,2.6759257297034518,1.6916620305553782,0.014219856728670445,1.6584006305541714,2.5150116693864843,1.0
u22,2024-08-05T00:00:00.000000,1,1,3.8280387563048994,2.8822568373324886,0.14554367550311537,0.026022872188361384,1.6584006305541714,2.5150116693864843,1.0
u22,2024-08-12T00:00:00.000000,1,1,3.2128839868159407,2.753094382045233,0.4104442302839635,0.033416537039757686,1.6584006305541714,2.5150116693864843,1.0
u23,2024-05-13T00:00:00.000000,1,0,2.2639340441156253,2.1258946334599997,1.092276698566507,0.010716320142749331,2.195303035436944,1.9324013788749976,1.0
u23,2024-05-20T00:00:00.000000,1,0,2.158160247138046,2.0808071594708957,0.7538680483203613,0.004840507465248573,2.195303035436944,1.9324013788749976,1.0
u23,2024-05-27T00:00:00.000000,1,0,2.4582661166614,1.9864204657144549,1.637042244762823,0.04872085615544233,2.195303035436944,1.9324013788749976,1.0
u23,2024-06-03T00:00:00.000000,1,0,2.335868868988805,2.0639789809616333,1.7556772648083065,0.031711721698336415,2.195303035436944,1.9324013788749976,1.0
u23,2024-06-10T00:00:00.000000,1,0,1.9559382063513955,2.0179606585244243,0.16820788341398193,0.026730037564463766,2.195303035436944,1.9324013788749976,1.0
u23,2024-06-17T00:00:00.000000,1,0,1.88558392957049,2.3943702632930135,0.17675853480011006,0.03528985018147441,2.195303035436944,1.9324013788749976,1.0
u23,2024-06-24T00:00:00.000000,1,0,2.4700821261208237,1.9105723485627308,0.18571801684762923,0.04679370510055403,2.195303035436944,1.9324013788749976,1.0
u23,2024-07-01T00:00:00.000000,1,1,3.8077383549674373,2.0029268196584322,1.6859445622211782,0.007787883548728969,2.195303035436944,1.9324013788749976,1.0
u23,2024-07-08T00:00:00.000000,1,1,4.082439404301905,1.8309803227893493,1.1781514157437143,0.019861665073641205,2.195303035436944,1.9324013788749976,1.0
u23,2024-07-15T00:00:00.000000,1,1,4.081961075609462,2.115663667089911,1.9406294105870379,0.01553270925405414,2.195303035436944,1.9324013788749976,1.0
u23,2024-07-22T00:00:00.000000,1,1,4.0813970778941755,2.007790936014072,1.93230907029381,0.004714302674400351,2.195303035436944,1.9324013788749976,1.0
u23,2024-07-29T00:00:00.000000,1,1,4.568993523488506,2.1243194840250124,1.6770364404021534,0.04879487701839482,2.195303035436944,1.9324013788749976,1.0
u23,2024-08-05T00:00:00.000000,1,1,4.316759561727657,1.611347129448484,0.34117698790274753,0.039789428258348504,2.195303035436944,1.9324013788749976,1.0
u23,2024-08-12T00:00:00.000000,1,1,4.36212561758389,1.9678536522647687,1.8079509950089758,0.04859019093233557,2.195303035436944,1.9324013788749976,1.0
u24,2024-05-13T00:00:00.000000,1,0,3.57654088724301,1.5192972850122044,0.787038156188059,0.01957534208422157,3.6717724536943144,1.5522274905209947,1.0
u24,2024-05-20T00:00:00.000000,1,0,4.046399785417466,1.3349139186028767,1.5817527033573924,0.022303644646011308,3.6717724536943144,1.5522274905209947,1.0
u24,2024-05-27T00:00:00.000000,1,0,3.4701988465904114,1.8477062173550018,0.16683436615039754,0.007876167065873975,3.6717724536943144,1.5522274905209947,1.0
u24,2024-06-03T00:00:00.000000,1,0,3.1104070188760184,1.9246910027999709,0.5155380296881062,0.025787783814402568,3.6717724536943144,1.5522274905209947,1.0
u24,2024-06-10T00:00:00.000000,1,0,3.8444364066942827,1.2702636047314326,0.5490848272287346,0.0024558821875020065,3.6717724536943144,1.5522274905209947,1.0
u24,2024-06-17T00:00:00.000000,1,0,3.610551599179784,1.4538963675278977,0.47073605807543917,0.028428485735186772,3.6717724536943144,1.5522274905209947,1.0
u24,2024-06-24T00:00:00.000000,1,0,3.748544508725581,1.6825771188016028,1.2893801577282535,0.010093362580477057,3.6717724536943144,1.5522274905209947,1.0
u24,2024-07-01T00:00:00.000000,1,1,5.5461178305168035,1.9981738588029043,1.7418599754661772,0.04744215535028921,3.6717724536943144,1.5522274905209947,1.0
u24,2024-07-08T00:00:00.000000,1,1,6.082144688910606,1.381795729327876,0.5292650200418867,0.02189207828379186,3.6717724536943144,1.5522274905209947,1.0
u24,2024-07-15T00:00:00.000000,1,1,5.963114155741188,1.55783192792617,1.564469105964203,0.02702383460853775,3.6717724536943144,1.5522274905209947,1.0
u24,2024-07-22T00:00:00.000000,1,1,5.78893163259017,1.832464745527774,1.3410645815433555,0.03364266973424467,3.6717724536943144,1.5522274905209947,1.0
u24,2024-07-29T00:00:00.000000,1,1,5.919100572409809,1.7364576397999532,1.471622881074085,0.008443652080635739,3.6717724536943144,1.5522274905209947,1.0
u24,2024-08-05T00:00:00.000000,1,1,5.590494014646972,1.3664296570948788,0.30389348938178884,0.024882385118268943,3.6717724536943144,1.5522274905209947,1.0
u24,2024-08-12T00:00:00.000000,1,1,5.7428570371581,1.535537733875676,0.9296682297437949,0.04974074464148042,3.6717724536943144,1.5522274905209947,1.0
u25,2024-05-13T00:00:00.000000,1,0,2.488874956998679,1.610368761602895,1.2266175991842705,0.011398388611159122,2.6882627570176183,1.5382504260715266,1.0
u25,2024-05-20T00:00:00.000000,1,0,2.6450544590012153,1.5962585053682337,1.9646354923807032,0.02345025395063361,2.6882627570176183,1.5382504260715266,1.0
u25,2024-05-27T00:00:00.000000,1,0,2.596293070631501,1.4196063890974548,0.2146285552910213,0.04111067730469035,2.6882627570176183,1.5382504260715266,1.0
u25,2024-06-03T00:00:00.000000,1,0,2.656695516742357,1.4592015970708323,0.9135227406668592,0.031896837212332246,2.6882627570176183,1.5382504260715266,1.0
u25,2024-06-10T00:00:00.000000,1,0,3.378139484928814,1.5563989388219612,0.7605799061882162,0.033126479718309995,2.6882627570176183,1.5382504260715266,1.0
u25,2024-06-17T00:00:00.000000,1,0,2.9771509289924527,1.3933282157679818,0.8047334109291714,0.02125408837570656,2.6882627570176183,1.5382504260715266,1.0
u25,2024-06-24T00:00:00.000000,1,0,2.9848287297572127,1.5463017264716192,1.4994888769198929,0.022985473222679603,2.6882627570176183,1.5382504260715266,1.0
u25,2024-07-01T00:00:00.000000,1,1,4.260121836361746,1.1847260034836504,0.3491948214509488,0.009929183176565404,2.6882627570176183,1.5382504260715266,1.0
u25,2024-07-08T00:00:00.000000,1,1,4.6842380209401755,1.0861674746039562,1.7999069850488485,0.013629324870794586,2.6882627570176183,1.5382504260715266,1.0
u25,2024-07-15T00:00:00.000000,1,1,5.3170623820852505,1.2468228434876154,0.39340386724207066,0.009883349112731976,2.6882627570176183,1.5382504260715266,1.0
u25,2024-07-22T00:00:00.000000,1,1,4.823256259421583,1.6509130407748116,1.7773685754647484,0.03802730113649335,2.6882627570176183,1.5382504260715266,1.0
u25,2024-07-29T00:00:00.000000,1,1,4.921545616101179,1.3763531622929732,0.779596999899351,0.023920246304333898,2.6882627570176183,1.5382504260715266,1.0
u25,2024-08-05T00:00:00.000000,1,1,4.78677314886708,1.573998618728792,0.6858330875104041,0.006363809916451963,2.6882627570176183,1.5382504260715266,1.0
u25,2024-08-12T00:00:00.000000,1,1,4.501500711217952,1.3239101606991777,0.2328700998060363,0.02405615508815749,2.6882627570176183,1.5382504260715266,1.0
u26,2024-05-13T00:00:00.000000,1,0,4.233543485602393,2.058076547481087,1.6590584570157354,0.012037653560713475,4.019950378705078,2.294372361066851,1.0
u26,2024-05-20T00:00:00.000000,1,0,4.41749439736753,2.3604303501901693,0.9882206249142864,0.019603001120772165,4.019950378705078,2.294372361066851,1.0
u26,2024-05-27T00:00:00.000000,1,0,3.387792674506171,2.28574564313867,0.6963088670121285,0.013640216507291787,4.019950378705078,2.294372361066851,1.0
u26,2024-06-03T00:00:00.000000,1,0,4.040324329455879,2.4039980369952905,0.6756327947908738,0.01846364206704843,4.019950378705078,2.294372361066851,1.0
u26,2024-06-10T00:00:00.000000,1,0,3.5152524341677696,2.3364306192840805,1.867006359973963,0.02489659263944438,4.019950378705078,2.294372361066851,1.0
u26,2024-06-17T00:00:00.000000,1,0,3.9253980617395103,1.9074662139242275,1.9977763109339512,0.03067582423649161,4.019950378705078,2.294372361066851,1.0
u26,2024-06-24T00:00:00.000000,1,0,3.949712717520204,2.2566955356139746,1.6037578268344823,0.023046569553655513,4.019950378705078,2.294372361066851,1.0
u26,2024-07-01T00:00:00.000000,1,1,6.379506329660086,2.260294676395629,1.0066812032375567,0.024715726676730887,4.019950378705078,2.294372361066851,1.0
u26,2024-07-08T00:00:00.000000,1,1,6.18655844725765,2.35625067509824,1.1491091362784114,0.04183065205163465,4.019950378705078,2.294372361066851,1.0
u26,2024-07-15T00:00:00.000000,1,1,6.622576994560619,2.1024868104384775,1.6067094600232978,0.042391843361182735,4.019950378705078,2.294372361066851,1.0
u26,2024-07-22T00:00:00.000000,1,1,5.740870972524062,2.5976460904119185,1.790808113437429,0.015717397131495243,4.019950378705078,2.294372361066851,1.0
u26,2024-07-29T00:00:00.000000,1,1,6.091036995320851,2.2733807298668167,1.2519688565661597,0.046940267710351924,4.019950378705078,2.294372361066851,1.0
u26,2024-08-05T00:00:00.000000,1,1,5.485728946436036,2.1337243426765102,0.6629692978616216,0.008489998688635375,4.019950378705078,2.294372361066851,1.0
u26,2024-08-12T00:00:00.000000,1,1,5.549832903634446,2.149503857185211,1.903657693717589,0.020143980425381482,4.019950378705078,2.294372361066851,1.0
u27,2024-05-13T00:00:00.000000,1,0,4.034960868431629,2.262029175483519,1.6427775828700353,0.013235585530976868,4.253544014009487,2.107722523531135,1.0
u27,2024-05-20T00:00:00.000000,1,0,4.135932075248268,2.1357073859389577,1.387646367463492,0.040723693801546695,4.253544014009487,2.107722523531135,1.0
u27,2024-05-27T00:00:00.000000,1,0,3.9714776513317718,1.9807598907368438,1.9325858836644831,0.013229880267307915,4.253544014009487,2.107722523531135,1.0
u27,2024-06-03T00:00:00.000000,1,0,4.472458716144599,1.7903028633714868,0.5807660248663987,0.038789554321854526,4.253544014009487,2.107722523531135,1.0
u27,2024-06-10T00:00:00.000000,1,0,4.3559966196705275,2.1051347699104177,1.686739003053394,0.010653746719950119,4.253544014009487,2.107722523531135,1.0
u27,2024-06-17T00:00:00.000000,1,0,4.262371086684978,2.313478707480237,1.988747767659519,0.0019322154913442302,4.253544014009487,2.107722523531135,1.0
u27,2024-06-24T00:00:00.000000,1,0,4.61043061559578,2.0771173482898924,1.6388873992452542,0.004452100253752661,4.253544014009487,2.107722523531135,1.0
u27,2024-07-01T00:00:00.000000,1,1,6.217734154226424,1.783539819869505,0.8059320959720869,0.00944182102378195,4.253544014009487,2.107722523531135,1.0
u27,2024-07-08T00:00:00.000000,1,1,5.958045535692154,2.0166169545304493,1.0108924421311931,0.0430907208908007,4.253544014009487,2.107722523531135,1.0
u27,2024-07-15T00:00:00.000000,1,1,6.201392703981102,1.9618070847040059,1.9676756259182233,0.02059217201504869,4.253544014009487,2.107722523531135,1.0
u27,2024-07-22T00:00:00.000000,1,1,6.349798907906869,2.1554426817168237,0.5671636153096113,0.03649076231514333,4.253544014009487,2.107722523531135,1.0
u27,2024-07-29T00:00:00.000000,1,1,6.2370635541486115,2.334260487635053,0.9896396708178096,0.010028123566077702,4.253544014009487,2.107722523531135,1.0
u27,2024-08-05T00:00:00.000000,1,1,6.159837381512726,2.379346742704587,0.6499164442653234,0.039803022381293546,4.253544014009487,2.107722523531135,1.0
u27,2024-08-12T00:00:00.000000,1,1,6.188238605979089,2.0309623383895863,0.6054586579811639,0.01370671968443042,4.253544014009487,2.107722523531135,1.0
u28,2024-05-13T00:00:00.000000,1,0,1.4428561169805536,0.6845325437337486,0.5269100016371601,0.04233355252541218,1.6462775755286034,0.578106668957461,1.0
u28,2024-05-20T00:00:00.000000,1,0,1.7434813327855974,0.4260686512336799,0.40768898347429927,0.0319625170178085,1.6462775755286034,0.578106668957461,1.0
u28,2024-05-27T00:00:00.000000,1,0,1.8748340077413426,0.8132079842592169,1.84305161960567,0.04254985600260822,1.6462775755286034,0.578106668957461,1.0
u28,2024-06-03T00:00:00.000000,1,0,0.9429882073920003,0.8961971285406656,0.19601837843510964,0.043371176974129184,1.6462775755286034,0.578106668957461,1.0
u28,2024-06-10T00:00:00.000000,1,0,1.280314852076147,0.41195269263639384,1.543937079031387,0.006414662925556008,1.6462775755286034,0.578106668957461,1.0
u28,2024-06-17T00:00:00.000000,1,0,1.7311981519316002,0.7950097011434543,1.4839124349181771,0.022061137424027905,1.6462775755286034,0.578106668957461,1.0
u28,2024-06-24T00:00:00.000000,1,0,1.6487621485159816,0.5373502967325514,1.5150647628518328,0.04102529719293021,1.6462775755286034,0.578106668957461,1.0
u28,2024-07-01T00:00:00.000000,1,1,2.9220452202192924,0.7077854712052035,0.5528432057879142,0.025143746849017663,1.6462775755286034,0.578106668957461,1.0
u28,2024-07-08T00:00:00.000000,1,1,3.610526924330227,0.8120142984162377,0.8506934913409926,0.03934456907250139,1.6462775755286034,0.578106668957461,1.0
u28,2024-07-15T00:00:00.000000,1,1,3.4942967667372424,0.8326832227083938,1.4993941136335873,0.033898592627252234,1.6462775755286034,0.578106668957461,1.0
u28,2024-07-22T00:00:00.000000,1,1,3.575343649539249,0.2646712508403716,1.6109412913071481,0.04803131428144164,1.6462775755286034,0.578106668957461,1.0
u28,2024-07-29T00:00:00.000000,1,1,3.87181651527924,0.6038309874557142,1.9699520034011995,0.01760253371196191,1.6462775755286034,0.578106668957461,1.0
u28,2024-08-05T00:00:00.000000,1,1,3.6154789482164134,0.9377642091420735,1.9745946190401371,0.004690391200386246,1.6462775755286034,0.578106668957461,1.0
u28,2024-08-12T00:00:00.000000,1,1,3.7134678040406377,0.5785065402404784,0.6396974900003793,0.03938964253194364,1.6462775755286034,0.578106668957461,1.0
u29,2024-05-13T00:00:00.000000,1,0,2.263061268071575,3.0339440463768095,1.5633669157219248,0.016842827191663436,2.2225242325111507,2.943939911692443,1.0
u29,2024-05-20T00:00:00.000000,1,0,2.5190837913665893,3.0168449192910036,1.6762312772628394,0.001222542044100744,2.2225242325111507,2.943939911692443,1.0
u29,2024-05-27T00:00:00.000000,1,0,1.7723234116765991,2.7388578861368624,1.1706941502421209,0.024780253910057157,2.2225242325111507,2.943939911692443,1.0
u29,2024-06-03T00:00:00.000000,1,0,2.030673215244908,3.071982643558195,1.7436904406302318,0.0015446418518016093,2.2225242325111507,2.943939911692443,1.0
u29,2024-06-10T00:00:00.000000,1,0,2.18010558186801,3.118551231710992,0.1966733956355278,0.03748528755223184,2.2225242325111507,2.943939911692443,1.0
u29,2024-06-17T00:00:00.000000,1,0,2.1759492439697143,2.667550105419717,1.5175291600227936,0.04428525854291815,2.2225242325111507,2.943939911692443,1.0
u29,2024-06-24T00:00:00.000000,1,0,1.847806241307735,3.0259823148283536,1.5806128927921215,0.01228498714974905,2.2225242325111507,2.943939911692443,1.0
u29,2024-07-01T00:00:00.000000,1,1,3.701209853970011,2.9846665474344034,1.9211790585533595,0.03550084400273117,2.2225242325111507,2.943939911692443,1.0
u29,2024-07-08T00:00:00.000000,1,1,4.2649500745133135,2.4788656367175856,1.110064545521335,0.023806691054520518,2.2225242325111507,2.943939911692443,1.0
u29,2024-07-15T00:00:00.000000,1,1,4.086492743000573,2.995901483053545,0.482916453245528,0.044402934750743486,2.2225242325111507,2.943939911692443,1.0
u29,2024-07-22T00:00:00.000000,1,1,4.048236175951706,2.4887926309480926,1.1993576639437964,0.007051364997500731,2.2225242325111507,2.943939911692443,1.0
u29,2024-07-29T00:00:00.000000,1,1,3.918719077094702,2.969259253747982,1.8516052623484809,0.016608152385172582,2.2225242325111507,2.943939911692443,1.0
u29,2024-08-05T00:00:00.000000,1,1,4.404411579343763,2.6762634294276744,0.2710026429856707,0.006005531505069217,2.2225242325111507,2.943939911692443,1.0
u29,2024-08-12T00:00:00.000000,1,1,4.023713810004572,3.3285291505057586,0.24070959840123982,0.006627104047570682,2.2225242325111507,2.943939911692443,1.0
u30,2024-05-13T00:00:00.000000,1,0,4.244628274534023,1.8321772533481602,1.7761326336250012,0.03192337638823703,4.222645680158314,1.8246726068802406,1.0
u30,2024-05-20T00:00:00.000000,1,0,4.158333147246779,1.536276859752238,0.950046228405008,0.017303191145236735,4.222645680158314,1.8246726068802406,1.0
u30,2024-05-27T00:00:00.000000,1,0,3.8121453908929785,1.7867615045723848,1.6134862866251136,0.013035189066797232,4.222645680158314,1.8246726068802406,1.0
u30,2024-06-03T00:00:00.000000,1,0,4.106055725838268,2.1201513398751746,1.6999332883672555,0.01651006477988657,4.222645680158314,1.8246726068802406,1.0
u30,2024-06-10T00:00:00.000000,1,0,4.424014083642423,1.669742235627828,0.24771486715758,0.03825122025890215,4.222645680158314,1.8246726068802406,1.0
u30,2024-06-17T00:00:00.000000,1,0,4.075121454239273,2.003243770144832,1.4089127596606472,0.04548983113666169,4.222645680158314,1.8246726068802406,1.0
u30,2024-06-24T00:00:00.000000,1,0,4.025734412093881,1.7115448572092329,0.6506848163140339,0.0277142792863214,4.222645680158314,1.8246726068802406,1.0
u30,2024-07-01T00:00:00.000000,1,1,6.735628866361935,2.2782014476600914,1.2847381023212172,0.006753989610876205,4.222645680158314,1.8246726068802406,1.0
u30,2024-07-08T00:00:00.000000,1,1,5.869785585165284,1.6691514213305871,1.396917432212078,0.003703527636935317,4.222645680158314,1.8246726068802406,1.0
u30,2024-07-15T00:00:00.000000,1,1,5.907079498288789,1.7958157311761895,0.26475181892207833,0.011118396394840536,4.222645680158314,1.8246726068802406,1.0
u30,2024-07-22T00:00:00.000000,1,1,5.94731961893306,2.3865864008995192,0.55041794627086,0.04148749550624558,4.222645680158314,1.8246726068802406,1.0
u30,2024-07-29T00:00:00.000000,1,1,6.0872303448689955,1.839076135263651,0.9978563683400284,0.02495971127111117,4.222645680158314,1.8246726068802406,1.0
u30,2024-08-05T00:00:00.000000,1,1,6.558495884399188,1.8840557810274632,1.0344439046845288,0.02643287690541455,4.222645680158314,1.8246726068802406,1.0
u30,2024-08-12T00:00:00.000000,1,1,5.886216366353137,2.117143659574913,0.2365156374238452,0.025784371926098604,4.222645680158314,1.8246726068802406,1.0
u31,2024-05-13T00:00:00.000000,1,0,2.8734904909071575,3.0232946942098287,1.928179978215934,0.02252882318004408,2.667162151427196,2.7807179558651973,1.0
u31,2024-05-20T00:00:00.000000,1,0,2.757627843471067,2.9838209991617832,0.28085632284025086,0.00002840646294722249,2.667162151427196,2.7807179558651973,1.0
u31,2024-05-27T00:00:00.000000,1,0,2.749314870919733,2.72056503889585,1.493586241319688,0.0016074543901425098,2.667162151427196,2.7807179558651973,1.0
u31,2024-06-03T00:00:00.000000,1,0,2.5689705223506887,2.7511034749556464,1.8880449410529248,0.008368249982208965,2.667162151427196,2.7807179558651973,1.0
u31,2024-06-10T00:00:00.000000,1,0,2.6552502667231024,2.8692088768591395,1.3189665193322693,0.020612929823203757,2.667162151427196,2.7807179558651973,1.0
u31,2024-06-17T00:00:00.000000,1,0,2.6948683629035335,2.396534770686161,1.8210045205370942,0.025010482465667606,2.667162151427196,2.7807179558651973,1.0
u31,2024-06-24T00:00:00.000000,1,0,2.6790702094064645,2.97286481738409,1.9977743608141294,0.011197283279697913,2.667162151427196,2.7807179558651973,1.0
u31,2024-07-01T00:00:00.000000,1,1,4.7493033050242515,2.7792945848394943,0.599455531103587,0.02912223707696887,2.667162151427196,2.7807179558651973,1.0
u31,2024-07-08T00:00:00.000000,1,1,4.866468253699175,2.9672457244634214,1.1008691395883847,0.03195136051323369,2.667162151427196,2.7807179558651973,1.0
u31,2024-07-15T00:00:00.000000,1,1,4.034855335142875,2.934565197472623,0.4873351919261334,0.026427086447122647,2.667162151427196,2.7807179558651973,1.0
u31,2024-07-22T00:00:00.000000,1,1,4.403269423216943,2.9154768345987487,0.9356371807128867,0.049281055075600405,2.667162151427196,2.7807179558651973,1.0
u31,2024-07-29T00:00:00.000000,1,1,4.404329174158808,2.7354270389563697,1.6170518551733095,0.013456525036140289,2.667162151427196,2.7807179558651973,1.0
u31,2024-08-05T00:00:00.000000,1,1,4.331963870811813,2.863641212870538,1.165477011667823,0.02527514096785335,2.667162151427196,2.7807179558651973,1.0
u31,2024-08-12T00:00:00.000000,1,1,4.733037629581179,2.7289767755280514,1.5234308988995127,0.016677496323917768,2.667162151427196,2.7807179558651973,1.0
u32,2024-05-13T00:00:00.000000,1,0,2.2517326945688545,0.2567580592782111,0.9479364433028389,0.01139338932764169,1.9880464862585865,0.5562326932971184,1.0
u32,2024-05-20T00:00:00.000000,1,0,1.9978550538345676,0.3325715298558096,0.1401964217042576,0.01581807286683576,1.9880464862585865,0.5562326932971184,1.0
u32,2024-05-27T00:00:00.000000,1,0,1.7955836700237324,0.6024890978457913,0.6225589771974803,0.0032473389604971816,1.9880464862585865,0.5562326932971184,1.0
u32,2024-06-03T00:00:00.000000,1,0,2.130584906462989,0.41784595406219643,0.1412745658377703,0.042439605656804436,1.9880464862585865,0.5562326932971184,1.0
u32,2024-06-10T00:00:00.000000,1,0,2.1060595473348154,0.2768402817468921,0.9449072532204168,0.02214257606159513,1.9880464862585865,0.5562326932971184,1.0
u32,2024-06-17T00:00:00.000000,1,0,2.411800407246888,0.7610524612653234,1.79679972103118,0.0005508333692114232,1.9880464862585865,0.5562326932971184,1.0
u32,2024-06-24T00:00:00.000000,1,0,1.9253368094503605,0.691937483577124,1.1440378643201106,0.007501978912410507,1.9880464862585865,0.5562326932971184,1.0
u32,2024-07-01T00:00:00.000000,1,1,4.249626796214422,0.4438713845920005,1.4771519622690588,0.029971340428996764,1.9880464862585865,0.5562326932971184,1.0
u32,2024-07-08T00:00:00.000000,1,1,3.6687046624207347,0.19055363100881795,0.6705166330708007,0.023861645498789826,1.9880464862585865,0.5562326932971184,1.0
u32,2024-07-15T00:00:00.000000,1,1,4.415645169299678,0.23101579557181512,0.18733017374626615,0.01761062467825621,1.9880464862585865,0.5562326932971184,1.0
u32,2024-07-22T00:00:00.000000,1,1,3.851003492036987,0.5765221794271284,0.9344391750912758,0.03220047007249342,1.9880464862585865,0.5562326932971184,1.0
u32,2024-07-29T00:00:00.000000,1,1,3.668978567428171,0.5961596968794214,1.6399874597536153,0.03558529104596939,1.9880464862585865,0.5562326932971184,1.0
u32,2024-08-05T00:00:00.000000,1,1,4.295400288886594,0.39959672095408494,1.2464713192264565,0.01227830194047258,1.9880464862585865,0.5562326932971184,1.0
u32,2024-08-12T00:00:00.000000,1,1,3.908122426036033,0.4399139064407974,0.9642993632920137,0.020696515952730046,1.9880464862585865,0.5562326932971184,1.0
u33,2024-05-13T00:00:00.000000,1,0,1.1286296942800933,2.7226244272997033,1.8661885395777211,0.0008930479587590412,1.2950014159722274,2.50836351951378,1.0
u33,2024-05-20T00:00:00.000000,1,0,1.4807329215116831,2.2761811282364324,0.12289853973025788,0.038150964838837405,1.2950014159722274,2.50836351951378,1.0
u33,2024-05-27T00:00:00.000000,1,0,1.1540504634226094,2.5954551867052635,1.9443493062728048,0.02751617528488197,1.2950014159722274,2.50836351951378,1.0
u33,2024-06-03T00:00:00.000000,1,0,1.460559047431615,1.9249315433743668,1.266273686037122,0.030736837209414454,1.2950014159722274,2.50836351951378,1.0
u33,2024-06-10T00:00:00.000000,1,0,1.1101867083053898,2.7134331263653313,0.39180158026361755,0.03698850132830752,1.2950014159722274,2.50836351951378,1.0
u33,2024-06-17T00:00:00.000000,1,0,0.9668802974572261,2.713744668777904,1.7130590029872226,0.02362343387822441,1.2950014159722274,2.50836351951378,1.0
u33,2024-06-24T00:00:00.000000,1,0,1.2784707862595406,2.2698844534252935,1.9419713090786164,0.03665622372797727,1.2950014159722274,2.50836351951378,1.0
u33,2024-07-01T00:00:00.000000,1,1,3.554868976229786,2.654849081466348,0.5172012251839735,0.023196114305502502,1.2950014159722274,2.50836351951378,1.0
u33,2024-07-08T00:00:00.000000,1,1,3.0360457172689443,2.767065513205654,0.5089631215403846,0.042978056670944904,1.2950014159722274,2.50836351951378,1.0
u33,2024-07-15T00:00:00.000000,1,1,3.285012994117146,2.2759766382377626,0.5592292361641488,0.03093303059681588,1.2950014159722274,2.50836351951378,1.0
u33,2024-07-22T00:00:00.000000,1,1,2.9126158953675754,2.527328891459855,1.4165605221131243,0.04936563099785719,1.2950014159722274,2.50836351951378,1.0
u33,2024-07-29T00:00:00.000000,1,1,3.1810984747177753,2.1477922802302034,1.3809708656451507,0.01698679738745152,1.2950014159722274,2.50836351951378,1.0
u33,2024-08-05T00:00:00.000000,1,1,3.033636594364483,2.908556139831811,1.5321642913235158,0.01425612002075944,1.2950014159722274,2.50836351951378,1.0
u33,2024-08-12T00:00:00.000000,1,1,2.762081927069539,2.377570892786396,1.0881366332968274,0.04213659844032361,1.2950014159722274,2.50836351951378,1.0
u34,2024-05-13T00:00:00.000000,1,0,2.42284287388714,2.751120124373178,1.7816766776309214,0.02446325954153989,2.508752714646693,2.8683304523682898,1.0
u34,2024-05-20T00:00:00.000000,1,0,2.4274846265254117,2.8211044340126925,1.4063144767087565,0.0023686253364744894,2.508752714646693,2.8683304523682898,1.0
u34,2024-05-27T00:00:00.000000,1,0,2.5802692270979204,2.8506076633176565,0.93804711627284,0.020717688599718065,2.508752714646693,2.8683304523682898,1.0
u34,2024-06-03T00:00:00.000000,1,0,2.4380024415024386,2.8069909948031024,0.16088281981853667,0.03071930532675929,2.508752714646693,2.8683304523682898,1.0
u34,2024-06-10T00:00:00.000000,1,0,2.1066458522403315,3.0223018309793606,0.30646724452811,0.0006888677647025166,2.508752714646693,2.8683304523682898,1.0
u34,2024-06-17T00:00:00.000000,1,0,2.981277562929312,2.966064157261751,0.8487367509200878,0.040515127763673324,2.508752714646693,2.8683304523682898,1.0
u34,2024-06-24T00:00:00.000000,1,0,2.518066874793259,2.8179178892876187,1.2276796256401652,0.0010915695822905803,2.508752714646693,2.8683304523682898,1.0
u34,2024-07-01T00:00:00.000000,1,1,4.568267062834625,2.7148870386621615,0.9004322425981838,0.005014369924762513,2.508752714646693,2.8683304523682898,1.0
u34,2024-07-08T00:00:00.000000,1,1,4.625970222473362,2.977395104761702,0.14231075919624,0.030068638140567396,2.508752714646693,2.8683304523682898,1.0
u34,2024-07-15T00:00:00.000000,1,1,4.535113005770912,2.946732639841441,1.5963556112401118,0.031617752538315065,2.508752714646693,2.8683304523682898,1.0
u34,2024-07-22T00:00:00.000000,1,1,4.349506166207799,3.311160975526672,0.18045761659753912,0.022246888051350312,2.508752714646693,2.8683304523682898,1.0
u34,2024-07-29T00:00:00.000000,1,1,4.638955661681726,2.918701335427291,0.7389430778119872,0.04938237238782309,2.508752714646693,2.8683304523682898,1.0
u34,2024-08-05T00:00:00.000000,1,1,4.480494342041443,2.6461442333251455,1.7010437812645727,0.016195063135964423,2.508752714646693,2.8683304523682898,1.0
u34,2024-08-12T00:00:00.000000,1,1,4.129390117062319,3.2237670204198348,1.0022659893038375,0.006546065607324953,2.508752714646693,2.8683304523682898,1.0
u35,2024-05-13T00:00:00.000000,1,0,0.7805360476476519,2.8415497878110494,0.27233335557094035,0.021182756027530253,0.7327467124987598,2.847166402831856,1.0
u35,2024-05-20T00:00:00.000000,1,0,0.8757276026959537,2.850102430809798,1.945156788424423,0.012941781861869985,0.7327467124987598,2.847166402831856,1.0
u35,2024-05-27T00:00:00.000000,1,0,0.7118070767701185,2.580471539085016,0.9516794736521131,0.01397436867850948,0.7327467124987598,2.847166402831856,1.0
u35,2024-06-03T00:00:00.000000,1,0,-0.04781978201674686,2.888248508224108,1.1083742530144447,0.048826353320757285,0.7327467124987598,2.847166402831856,1.0
u35,2024-06-10T00:00:00.000000,1,0,0.584706249752597,2.979063245682235,0.1590322401326959,0.01959188549550264,0.7327467124987598,2.847166402831856,1.0
u35,2024-06-17T00:00:00.000000,1,0,0.9537976717747751,2.75465525956694,0.44451077165511954,0.03374063762029349,0.7327467124987598,2.847166402831856,1.0
u35,2024-06-24T00:00:00.000000,1,0,0.8211245652662735,3.0316943473894264,0.7628352388881552,0.03583758750818047,0.7327467124987598,2.847166402831856,1.0
u35,2024-07-01T00:00:00.000000,1,1,2.5037149173055617,2.5713365525621383,1.7199831661749547,0.028597531282060135,0.7327467124987598,2.847166402831856,1.0
u35,2024-07-08T00:00:00.000000,1,1,2.8821235927795734,2.867617734761339,0.7510355624639171,0.0019489688768660196,0.7327467124987598,2.847166402831856,1.0
u35,2024-07-15T00:00:00.000000,1,1,2.3653352792035975,3.078956319307236,0.5530862430599108,0.037355543634370554,0.7327467124987598,2.847166402831856,1.0
u35,2024-07-22T00:00:00.000000,1,1,2.748882341883456,2.9637880299634047,1.880123847448812,0.030326605020397236,0.7327467124987598,2.847166402831856,1.0
u35,2024-07-29T00:00:00.000000,1,1,2.551930903589693,2.628587354612106,1.9863351188138454,0.017076913110081145,0.7327467124987598,2.847166402831856,1.0
u35,2024-08-05T00:00:00.000000,1,1,2.8146054679064916,2.9231039189546526,1.1131746386802457,0.008895624414807225,0.7327467124987598,2.847166402831856,1.0
u35,2024-08-12T00:00:00.000000,1,1,3.0221119171705597,2.8406989790928128,1.862569964663021,0.013228713891063082,0.7327467124987598,2.847166402831856,1.0
u36,2024-05-13T00:00:00.000000,1,0,0.08469621904572477,0.4507860559163193,0.16233899904568447,0.013967740609686459,0.6780209377558631,0.5030984361295997,1.0
u36,2024-05-20T00:00:00.000000,1,0,0.2921819267432259,0.4962034631226731,0.8318187009763415,0.016950387030143954,0.6780209377558631,0.5030984361295997,1.0
u36,2024-05-27T00:00:00.000000,1,0,0.4034835399120128,0.5845512148766934,0.14788939953970812,0.01010571500782333,0.6780209377558631,0.5030984361295997,1.0
u36,2024-06-03T00:00:00.000000,1,0,0.7255553529057837,0.7075798812016941,1.8641997326089252,0.025210967776888433,0.6780209377558631,0.5030984361295997,1.0
u36,2024-06-10T00:00:00.000000,1,0,0.5376280437585754,0.3772295392626988,1.570484933411547,0.038237834396632434,0.6780209377558631,0.5030984361295997,1.0
u36,2024-06-17T00:00:00.000000,1,0,0.8668421395865232,0.5294731987538301,0.9252635716280618,0.03834377840535988,0.6780209377558631,0.5030984361295997,1.0
u36,2024-06-24T00:00:00.000000,1,0,0.913427552595369,0.6772629902029275,1.865560263611685,0.004717075131982773,0.6780209377558631,0.5030984361295997,1.0
u36,2024-07-01T00:00:00.000000,1,1,3.1410687945602294,0.5544301822720521,0.2772147201162218,0.03281148240525003,0.6780209377558631,0.5030984361295997,1.0
u36,2024-07-08T00:00:00.000000,1,1,2.909583225466812,0.4471630699030211,1.6185235511522051,0.030120512654572384,0.6780209377558631,0.5030984361295997,1.0
u36,2024-07-15T00:00:00.000000,1,1,2.36383479384072,0.34346776457863293,0.624255299877545,0.020708876079633527,0.6780209377558631,0.5030984361295997,1.0
u36,2024-07-22T00:00:00.000000,1,1,2.8269238480580827,0.685346045043389,0.6039055666138753,0.01963675060508765,0.6780209377558631,0.5030984361295997,1.0
u36,2024-07-29T00:00:00.000000,1,1,2.600258159961338,0.5156380967769425,0.6136478440025142,0.044687156435813606,0.6780209377558631,0.5030984361295997,1.0
u36,2024-08-05T00:00:00.000000,1,1,2.9097828800306913,0.614127572518566,1.0547728937367775,0.020887164318141985,0.6780209377558631,0.5030984361295997,1.0
u36,2024-08-12T00:00:00.000000,1,1,2.6983223151746762,0.49749487915045093,0.3884232928497794,0.017596497151148305,0.6780209377558631,0.5030984361295997,1.0
u37,2024-05-13T00:00:00.000000,1,0,3.366594607356697,1.3771434671114804,1.942565999778919,0.03923610104256757,3.0460559871834074,1.3575430842916039,1.0
u37,2024-05-20T00:00:00.000000,1,0,3.1432827538794217,1.1977819353130075,0.3699974591181211,0.02632300453175069,3.0460559871834074,1.3575430842916039,1.0
u37,2024-05-27T00:00:00.000000,1,0,3.299947205875726,1.4213620510963187,1.2099080834482623,0.01317246571784529,3.0460559871834074,1.3575430842916039,1.0
u37,2024-06-03T00:00:00.000000,1,0,2.9464054282317056,1.8983401057474811,1.1713385665954967,0.036052027733336274,3.0460559871834074,1.3575430842916039,1.0
u37,2024-06-10T00:00:00.000000,1,0,2.837776858508987,1.1690071013853358,1.6502123093798788,0.003376365720902669,3.0460559871834074,1.3575430842916039,1.0
u37,2024-06-17T00:00:00.000000,1,0,3.084264729880353,1.3448413494039502,1.3595564579201496,0.005933868353942245,3.0460559871834074,1.3575430842916039,1.0
u37,2024-06-24T00:00:00.000000,1,0,2.723384301340503,1.4024025457279228,0.4533513977638475,0.01616329421825523,3.0460559871834074,1.3575430842916039,1.0
u37,2024-07-01T00:00:00.000000,1,1,4.803219868454209,1.4930400527098826,0.9410464288044905,0.007814566098048753,3.0460559871834074,1.3575430842916039,1.0
u37,2024-07-08T00:00:00.000000,1,1,4.762869929766807,1.61777475402201,1.0165144087953175,0.04611788192730017,3.0460559871834074,1.3575430842916039,1.0
u37,2024-07-15T00:00:00.000000,1,1,5.420219413526143,1.9200729339393485,1.8663011566760261,0.04737465225223925,3.0460559871834074,1.3575430842916039,1.0
u37,2024-07-22T00:00:00.000000,1,1,4.8612034619310505,1.1873791598150654,0.9596554461860402,0.020808084003364542,3.0460559871834074,1.3575430842916039,1.0
u37,2024-07-29T00:00:00.000000,1,1,4.681074872596587,1.4245515577990866,0.5812844413407231,0.03526362047388258,3.0460559871834074,1.3575430842916039,1.0
u37,2024-08-05T00:00:00.000000,1,1,5.198374522674883,1.4781444549769391,1.3420878978961492,0.01695079287866302,3.0460559871834074,1.3575430842916039,1.0
u37,2024-08-12T00:00:00.000000,1,1,5.116385322128037,0.9850461337666448,1.9047176218401403,0.03742572334465477,3.0460559871834074,1.3575430842916039,1.0
u38,2024-05-13T00:00:00.000000,1,0,4.302674839246259,0.9843027738047334,1.1206280318209554,0.014843424275370715,4.443202548616096,0.5821175513246306,1.0
u38,2024-05-20T00:00:00.000000,1,0,4.163880502233465,0.3822885730584281,0.583643697791836,0.019296064573160743,4.443202548616096,0.5821175513246306,1.0
u38,2024-05-27T00:00:00.000000,1,0,3.8863090784817587,0.5460561467547238,1.2912094468213107,0.019407691728903255,4.443202548616096,0.5821175513246306,1.0
u38,2024-06-03T00:00:00.000000,1,0,4.199185424912093,0.4742105149404026,1.5665350276034589,0.018943397817397862,4.443202548616096,0.5821175513246306,1.0
u38,2024-06-10T00:00:00.000000,1,0,4.624640023381266,0.7982887923148049,1.0917622168242962,0.045489878825877225,4.443202548616096,0.5821175513246306,1.0
u38,2024-06-17T00:00:00.000000,1,0,4.5744992506763875,0.7042865346068015,0.915287855791588,0.03491592039342941,4.443202548616096,0.5821175513246306,1.0
u38,2024-06-24T00:00:00.000000,1,0,4.737078150962888,0.8404548444563653,0.27629236284080494,0.02810045873564339,4.443202548616096,0.5821175513246306,1.0
u38,2024-07-01T00:00:00.000000,1,1,6.447372011415849,0.5843730906483626,1.064586295177378,0.036171568418864326,4.443202548616096,0.5821175513246306,1.0
u38,2024-07-08T00:00:00.000000,1,1,5.997533947646774,0.6006534405304313,1.263634725581045,0.03772851477198157,4.443202548616096,0.5821175513246306,1.0
u38,2024-07-15T00:00:00.000000,1,1,6.20498948610644,0.3621858821557623,0.16921737179747828,0.027809514839889467,4.443202548616096,0.5821175513246306,1.0
u38,2024-07-22T00:00:00.000000,1,1,6.616987140012376,1.0192903046081556,1.3319556018863863,0.02101112395162191,4.443202548616096,0.5821175513246306,1.0
u38,2024-07-29T00:00:00.000000,1,1,6.119934149955898,0.3247360632173557,1.4371776196264268,0.010217977260581941,4.443202548616096,0.5821175513246306,1.0
u38,2024-08-05T00:00:00.000000,1,1,6.1300193271755035,0.57429776708132,1.551999664202222,0.00998974653290663,4.443202548616096,0.5821175513246306,1.0
u38,2024-08-12T00:00:00.000000,1,1,6.351710583002166,0.8279926948546514,1.445550524842323,0.03052610021069124,4.443202548616096,0.5821175513246306,1.0
u39,2024-05-13T00:00:00.000000,1,0,1.6981725982139881,0.7211170004408786,0.18203292760808062,0.00024286688886395182,1.8843281844085866,1.0375504036662622,1.0
u39,2024-05-20T00:00:00.000000,1,0,2.2340298113737322,0.8302340086923308,1.53735579068189,0.023582009531218934,1.8843281844085866,1.0375504036662622,1.0
u39,2024-05-27T00:00:00.000000,1,0,1.1699479823720105,1.244307637254042,0.7168229675096339,0.026085710709292012,1.8843281844085866,1.0375504036662622,1.0
u39,2024-06-03T00:00:00.000000,1,0,1.9583331292918098,1.2544676819590312,1.8064281529520796,0.04975047086619052,1.8843281844085866,1.0375504036662622,1.0
u39,2024-06-10T00:00:00.000000,1,0,1.6488944102617893,1.0651914295369183,0.443341771956938,0.017606023696276684,1.8843281844085866,1.0375504036662622,1.0
u39,2024-06-17T00:00:00.000000,1,0,2.1211381511094984,1.159240750952198,1.5517445015004518,0.024814437141461795,1.8843281844085866,1.0375504036662622,1.0
u39,2024-06-24T00:00:00.000000,1,0,1.7476838097521414,1.1208240332940531,0.22725822495078085,0.020163679146517205,1.8843281844085866,1.0375504036662622,1.0
u39,2024-07-01T00:00:00.000000,1,1,4.156846173588778,1.0629237989254308,1.973456511845585,0.010447980374230705,1.8843281844085866,1.0375504036662622,1.0
u39,2024-07-08T00:00:00.000000,1,1,4.450184931975411,0.9282428450605865,1.0461967525069977,0.02902191486014224,1.8843281844085866,1.0375504036662622,1.0
u39,2024-07-15T00:00:00.000000,1,1,3.8883348618716886,1.2585385014578072,0.36330304774067934,0.021419632292073283,1.8843281844085866,1.0375504036662622,1.0
u39,2024-07-22T00:00:00.000000,1,1,3.9932309587229415,1.177048066050462,0.8021860520778396,0.02838727995468764,1.8843281844085866,1.0375504036662622,1.0
u39,2024-07-29T00:00:00.000000,1,1,3.4102263890549263,1.1268827067220428,0.23136250868561753,0.036394044599926095,1.8843281844085866,1.0375504036662622,1.0
u39,2024-08-05T00:00:00.000000,1,1,3.7563466894908566,1.2705392927038877,0.22615673018222165,0.043127390020416274,1.8843281844085866,1.0375504036662622,1.0
u39,2024-08-12T00:00:00.000000,1,1,3.6593276635340333,0.9360702883861771,0.1451373622686544,0.002814440649099559,1.8843281844085866,1.0375504036662622,1.0
u40,2024-05-13T00:00:00.000000,1,0,4.210925937043363,0.9310413812852889,1.611498499834344,0.02444491507353353,4.341335779160303,0.857169769345308,1.0
u40,2024-05-20T00:00:00.000000,1,0,4.345348522975062,1.115375580382135,0.3852461578235885,0.04153519693729657,4.341335779160303,0.857169769345308,1.0
u40,2024-05-27T00:00:00.000000,1,0,4.425108245340372,1.1309266957260204,1.7840361654727448,0.033260698280206065,4.341335779160303,0.857169769345308,1.0
u40,2024-06-03T00:00:00.000000,1,0,4.451235659255317,0.7995126777198442,0.895292103586763,0.018329053174952526,4.341335779160303,0.857169769345308,1.0
u40,2024-06-10T00:00:00.000000,1,0,4.26021669653167,0.9410627479159577,0.7211068685662797,0.015274030618558504,4.341335779160303,0.857169769345308,1.0
u40,2024-06-17T00:00:00.000000,1,0,4.344850704476113,0.3804920287538356,0.38488880807471526,0.043605215100178694,4.341335779160303,0.857169769345308,1.0
u40,2024-06-24T00:00:00.000000,1,0,4.782316948442673,0.8910645435839601,1.4183327349971027,0.04238332339989866,4.341335779160303,0.857169769345308,1.0
u40,2024-07-01T00:00:00.000000,1,1,5.875583537170287,0.9093206461735415,0.11637278855412891,0.0023625169428242556,4.341335779160303,0.857169769345308,1.0
u40,2024-07-08T00:00:00.000000,1,1,6.366734163380133,1.41065694775176,0.18527261270492557,0.037403547953994636,4.341335779160303,0.857169769345308,1.0
u40,2024-07-15T00:00:00.000000,1,1,6.59451684662631,1.1530621981157465,1.5365430366136519,0.017960219863386886,4.341335779160303,0.857169769345308,1.0
u40,2024-07-22T00:00:00.000000,1,1,6.2847599392585005,1.0195169113446083,1.9833647934660528,0.012880871141924788,4.341335779160303,0.857169769345308,1.0
u40,2024-07-29T00:00:00.000000,1,1,6.1338048562596095,1.157575619713934,1.1549856778101066,0.02982225496801367,4.341335779160303,0.857169769345308,1.0
u40,2024-08-05T00:00:00.000000,1,1,6.5278161730965945,0.8497199188348826,1.7958288401106657,0.04028863491711507,4.341335779160303,0.857169769345308,1.0
u40,2024-08-12T00:00:00.000000,1,1,5.685403185535133,0.8871859954143128,0.665082722277802,0.016489268977575123,4.341335779160303,0.857169769345308,1.0
u41,2024-05-13T00:00:00.000000,1,0,4.394342583546821,2.038855527197852,1.1211313893725556,0.024355770995821088,4.693749661534984,2.109308534187806,1.0
u41,2024-05-20T00:00:00.000000,1,0,5.137779422649158,2.333187966587482,1.1025090851485162,0.003368715256650312,4.693749661534984,2.109308534187806,1.0
u41,2024-05-27T00:00:00.000000,1,0,4.930422026549955,1.8891762813409338,0.4761634181921235,0.03826606119693183,4.693749661534984,2.109308534187806,1.0
u41,2024-06-03T00:00:00.000000,1,0,5.171623288271826,2.0383690735958706,1.4788318443728177,0.0034310428554429452,4.693749661534984,2.109308534187806,1.0
u41,2024-06-10T00:00:00.000000,1,0,4.4840431056038055,2.1178347390753554,1.5389639222058453,0.041409892624466794,4.693749661534984,2.109308534187806,1.0
u41,2024-06-17T00:00:00.000000,1,0,4.930851836070395,1.8027355585172644,0.7126803053053775,0.034863683091496456,4.693749661534984,2.109308534187806,1.0
u41,2024-06-24T00:00:00.000000,1,0,4.5095242289316735,1.7875471923338115,1.3622552500250824,0.02185640210999004,4.693749661534984,2.109308534187806,1.0
u41,2024-07-01T00:00:00.000000,1,1,6.680251099242081,1.7171394144938994,0.4047397157286986,0.010120263975188115,4.693749661534984,2.109308534187806,1.0
u41,2024-07-08T00:00:00.000000,1,1,6.7863894445894335,1.931815769239374,1.1859825905627657,0.002453702386213652,4.693749661534984,2.109308534187806,1.0
u41,2024-07-15T00:00:00.000000,1,1,6.6387603946068054,1.9804668841105162,1.2118635674794291,0.03286669808841868,4.693749661534984,2.109308534187806,1.0
u41,2024-07-22T00:00:00.000000,1,1,6.98780692303653,2.165543167316502,1.6014619952399265,0.031238031734229583,4.693749661534984,2.109308534187806,1.0
u41,2024-07-29T00:00:00.000000,1,1,6.86654512265919,1.9361205574213487,0.29226739683133146,0.013657827036276,4.693749661534984,2.109308534187806,1.0
u41,2024-08-05T00:00:00.000000,1,1,6.587373397359576,1.634869428575103,1.390197956947187,0.0045204039235948795,4.693749661534984,2.109308534187806,1.0
u41,2024-08-12T00:00:00.000000,1,1,7.166452939186182,1.768752811809144,1.4946314635985736,0.041372042625437366,4.693749661534984,2.109308534187806,1.0
u42,2024-05-13T00:00:00.000000,1,0,2.9809274798122067,1.9790623866154498,1.7418058722491563,0.03616601654835783,3.17055322665488,1.8558153073047872,1.0
u42,2024-05-20T00:00:00.000000,1,0,3.0863332063996665,2.1657934205306124,0.19572150274825328,0.007150370066319256,3.17055322665488,1.8558153073047872,1.0
u42,2024-05-27T00:00:00.000000,1,0,3.510690008424084,2.2771922539604166,1.8938729294449217,0.025257669742937434,3.17055322665488,1.8558153073047872,1.0
u42,2024-06-03T00:00:00.000000,1,0,3.717169793057733,1.5513754522665015,0.7427804967456316,0.04078653177755284,3.17055322665488,1.8558153073047872,1.0
u42,2024-06-10T00:00:00.000000,1,0,3.201294936785827,1.8072914978247323,1.6251394546410698,0.005541038484935207,3.17055322665488,1.8558153073047872,1.0
u42,2024-06-17T00:00:00.000000,1,0,2.6677596027839585,1.659194921773132,0.8640623423167524,0.002547204450151114,3.17055322665488,1.8558153073047872,1.0
u42,2024-06-24T00:00:00.000000,1,0,3.131632365698329,1.8698379390514304,1.0920687496971033,0.027612656017200483,3.17055322665488,1.8558153073047872,1.0
u42,2024-07-01T00:00:00.000000,1,1,5.3924609791787566,2.019683926716737,1.0473400729450402,0.0016938897571278256,3.17055322665488,1.8558153073047872,1.0
u42,2024-07-08T00:00:00.000000,1,1,5.033128686154441,2.0096084816195363,1.6753859316569255,0.01385990701052699,3.17055322665488,1.8558153073047872,1.0
u42,2024-07-15T00:00:00.000000,1,1,5.0496044235758655,1.9640414749483952,1.8804191772714327,0.02662076598564347,3.17055322665488,1.8558153073047872,1.0
u42,2024-07-22T00:00:00.000000,1,1,5.19743105686541,2.0550030442692386,0.8975541974876414,0.005972421796435018,3.17055322665488,1.8558153073047872,1.0
u42,2024-07-29T00:00:00.000000,1,1,4.595573986399416,1.6039326939635605,1.6896174181724342,0.007291615036784,3.17055322665488,1.8558153073047872,1.0
u42,2024-08-05T00:00:00.000000,1,1,4.813889180575599,1.7152643153405465,0.5087493143487214,0.008160334235889355,3.17055322665488,1.8558153073047872,1.0
u42,2024-08-12T00:00:00.000000,1,1,5.567304526111816,1.9882048251908906,1.2897026430968914,0.04561026702043382,3.17055322665488,1.8558153073047872,1.0
u43,2024-05-13T00:00:00.000000,1,0,1.3547198134634917,2.576090746256459,1.2994432428815619,0.031007332873277373,1.1794690914578045,2.757614247476579,1.0
u43,2024-05-20T00:00:00.000000,1,0,1.2429832267089838,2.910044095868316,0.13131618113269833,0.04790462895803249,1.1794690914578045,2.757614247476579,1.0
u43,2024-05-27T00:00:00.000000,1,0,0.9150975572269895,2.801102330537231,0.81683549421659,0.0006198606957897979,1.1794690914578045,2.757614247476579,1.0
u43,2024-06-03T00:00:00.000000,1,0,1.1451724410563802,2.7790352534784732,0.9302796477917583,0.01698585270810384,1.1794690914578045,2.757614247476579,1.0
u43,2024-06-10T00:00:00.000000,1,0,1.1787940181065573,2.9206774619109055,0.4285618847571697,0.01598327838135435,1.1794690914578045,2.757614247476579,1.0
u43,2024-06-17T00:00:00.000000,1,0,0.9508716343097074,2.9757462346942054,1.048632488250881,0.03218702327121366,1.1794690914578045,2.757614247476579,1.0
u43,2024-06-24T00:00:00.000000,1,0,0.521706044215582,2.6479996608276144,1.4162659815844933,0.0012520101502591808,1.1794690914578045,2.757614247476579,1.0
u43,2024-07-01T00:00:00.000000,1,1,3.2541431710603135,2.9593479186675467,0.15889009811415547,0.03088347302768195,1.1794690914578045,2.757614247476579,1.0
u43,2024-07-08T00:00:00.000000,1,1,3.4552961944519,3.0619543380239707,1.0814915592017234,0.030197233248931334,1.1794690914578045,2.757614247476579,1.0
u43,2024-07-15T00:00:00.000000,1,1,3.087330969532069,2.6373220851647776,0.2899085259715748,0.032749796210073207,1.1794690914578045,2.757614247476579,1.0
u43,2024-07-22T00:00:00.000000,1,1,3.4209332612165184,2.782362250358857,1.1594086439701272,0.037550437644127896,1.1794690914578045,2.757614247476579,1.0
u43,2024-07-29T00:00:00.000000,1,1,3.610267296788119,2.868662262332464,1.2778403623497998,0.03483624726372767,1.1794690914578045,2.757614247476579,1.0
u43,2024-08-05T00:00:00.000000,1,1,3.714157229269218,2.714854875106588,1.6887795268197732,0.003837021327984863,1.1794690914578045,2.757614247476579,1.0
u43,2024-08-12T00:00:00.000000,1,1,3.3841868444016425,2.743611675714019,0.9459877405184772,0.016717961335869613,1.1794690914578045,2.757614247476579,1.0
u44,2024-05-13T00:00:00.000000,1,0,1.4096266874088998,1.5119888353484074,1.7969475815330616,0.032628362588354096,1.246968101691623,1.4630524502509374,1.0
u44,2024-05-20T00:00:00.000000,1,0,1.5606601377544027,1.2899838838305706,0.26859553671498937,0.020342791969541325,1.246968101691623,1.4630524502509374,1.0
u44,2024-05-27T00:00:00.000000,1,0,1.4363396001117672,1.5591006807532908,0.8812860363928955,0.03336984440493987,1.246968101691623,1.4630524502509374,1.0
u44,2024-06-03T00:00:00.000000,1,0,1.4832129130072804,1.4539408249000292,0.16000452831669718,0.007207857446067923,1.246968101691623,1.4630524502509374,1.0
u44,2024-06-10T00:00:00.000000,1,0,1.8531600113243725,1.1160572338418508,1.3654993686113823,0.01756114637306492,1.246968101691623,1.4630524502509374,1.0
u44,2024-06-17T00:00:00.000000,1,0,1.214498100194731,1.3763269532201,1.036391820130686,0.03864475435474289,1.246968101691623,1.4630524502509374,1.0
u44,2024-06-24T00:00:00.000000,1,0,1.1329566830339641,1.0432111817386887,0.4752158985402285,0.0430443084260497,1.246968101691623,1.4630524502509374,1.0
u44,2024-07-01T00:00:00.000000,1,1,3.6940054043805945,1.5348437383812317,1.7672062643260928,0.04797981310297474,1.246968101691623,1.4630524502509374,1.0
u44,2024-07-08T00:00:00.000000,1,1,3.7516831772936525,1.6897661908260624,1.1853050635687956,0.02112475419590761,1.246968101691623,1.4630524502509374,1.0
u44,2024-07-15T00:00:00.000000,1,1,3.3788229449790514,1.1011290564674916,0.648250713225809,0.01206571689887644,1.246968101691623,1.4630524502509374,1.0
u44,2024-07-22T00:00:00.000000,1,1,3.4389489514318603,1.7577350665392888,1.7867471838563862,0.031507598463719234,1.246968101691623,1.4630524502509374,1.0
u44,2024-07-29T00:00:00.000000,1,1,3.3613495187159157,1.299887120654051,0.9823630900026646,0.010463867378597547,1.246968101691623,1.4630524502509374,1.0
u44,2024-08-05T00:00:00.000000,1,1,3.6586708045515786,1.2648311871334674,1.4615832377818947,0.03799925057480763,1.246968101691623,1.4630524502509374,1.0
u44,2024-08-12T00:00:00.000000,1,1,3.348910674038752,1.5550961781379502,0.652995669656235,0.044080861062143165,1.246968101691623,1.4630524502509374,1.0
u45,2024-05-13T00:00:00.000000,1,0,3.9696023499377286,2.269846999425481,1.9868878391635083,0.021008142726231933,3.7823470681968687,2.4364995177329303,1.0
u45,2024-05-20T00:00:00.000000,1,0,3.9962462958003986,2.114862355490622,0.9604533148528341,0.0463474499866256,3.7823470681968687,2.4364995177329303,1.0
u45,2024-05-27T00:00:00.000000,1,0,3.86841440368465,2.053743570767145,0.30129047828282696,0.011288759703313313,3.7823470681968687,2.4364995177329303,1.0
u45,2024-06-03T00:00:00.000000,1,0,4.205742163959882,2.41893238201219,0.8487597698889905,0.012299050909531012,3.7823470681968687,2.4364995177329303,1.0
u45,2024-06-10T00:00:00.000000,1,0,3.51309917694047,2.237930156166142,1.8008118237701052,0.0035057216022091942,3.7823470681968687,2.4364995177329303,1.0
u45,2024-06-17T00:00:00.000000,1,0,3.3830838924128215,2.102892597755111,1.267135515895999,0.02236378434541346,3.7823470681968687,2.4364995177329303,1.0
u45,2024-06-24T00:00:00.000000,1,0,3.664679264320784,2.065137437344897,1.205798344637187,0.02504916055158884,3.7823470681968687,2.4364995177329303,1.0
u45,2024-07-01T00:00:00.000000,1,1,6.061460425483736,2.2822534844860023,1.5167311833519297,0.01706892470905964,3.7823470681968687,2.4364995177329303,1.0
u45,2024-07-08T00:00:00.000000,1,1,5.577419527721316,2.7439710281124907,0.39163519021096194,0.02913412308653794,3.7823470681968687,2.4364995177329303,1.0
u45,2024-07-15T00:00:00.000000,1,1,5.735807128842691,2.707114233241342,0.5536921257814982,0.033570176208651596,3.7823470681968687,2.4364995177329303,1.0
u45,2024-07-22T00:00:00.000000,1,1,5.7696169251731355,2.454530883266445,1.902428289040765,0.019065376922821727,3.7823470681968687,2.4364995177329303,1.0
u45,2024-07-29T00:00:00.000000,1,1,5.783943926332379,2.6645414135202774,1.7622166127298102,0.008293301486167142,3.7823470681968687,2.4364995177329303,1.0
u45,2024-08-05T00:00:00.000000,1,1,6.144574576690228,2.370657638061129,0.8472735790286848,0.043536668665893195,3.7823470681968687,2.4364995177329303,1.0
u45,2024-08-12T00:00:00.000000,1,1,5.606790533518764,2.554227548080411,0.836941647656979,0.04061484732351431,3.7823470681968687,2.4364995177329303,1.0
u46,2024-05-13T00:00:00.000000,1,0,3.6460863740240046,1.8396057137035473,0.42374386740138725,0.03214018821667908,3.693012817766994,1.5115348949238852,1.0
u46,2024-05-20T00:00:00.000000,1,0,4.410815834672467,1.3000575459912294,0.5743737199742703,0.006974942398109496,3.693012817766994,1.5115348949238852,1.0
u46,2024-05-27T00:00:00.000000,1,0,4.078989857153164,1.3461730738452704,1.056039200777287,0.04954362390011023,3.693012817766994,1.5115348949238852,1.0
u46,2024-06-03T00:00:00.000000,1,0,3.773461652053589,1.3214276534867366,1.073349181139397,0.04037236882050774,3.693012817766994,1.5115348949238852,1.0
u46,2024-06-10T00:00:00.000000,1,0,3.3905201518847154,1.3715180889947074,0.41908216313784097,0.03704076158178934,3.693012817766994,1.5115348949238852,1.0
u46,2024-06-17T00:00:00.000000,1,0,3.56624452292737,1.5352942029044656,0.8475684405778112,0.04464524976813415,3.693012817766994,1.5115348949238852,1.0
u46,2024-06-24T00:00:00.000000,1,0,3.6870423164950186,1.3803862024374223,1.1545803415998408,0.016704692982997666,3.693012817766994,1.5115348949238852,1.0
u46,2024-07-01T00:00:00.000000,1,1,5.5536987001083595,1.6085745412194266,0.4448939054084181,0.026481262047974193,3.693012817766994,1.5115348949238852,1.0
u46,2024-07-08T00:00:00.000000,1,1,6.16274667712797,1.6132668035275048,0.2769077286312087,0.04222043070827866,3.693012817766994,1.5115348949238852,1.0
u46,2024-07-15T00:00:00.000000,1,1,6.062871940759697,1.4672156609242646,0.7850737104741157,0.03913806740280512,3.693012817766994,1.5115348949238852,1.0
u46,2024-07-22T00:00:00.000000,1,1,5.247351069910312,1.539768698690413,1.0443491078132163,0.0016468007349180248,3.693012817766994,1.5115348949238852,1.0
u46,2024-07-29T00:00:00.000000,1,1,6.079065496560645,1.129582313774629,1.6910286087803084,0.0040392681968905225,3.693012817766994,1.5115348949238852,1.0
u46,2024-08-05T00:00:00.000000,1,1,5.674016859853706,1.4383915377946432,1.7524001618432343,0.034921427728941995,3.693012817766994,1.5115348949238852,1.0
u46,2024-08-12T00:00:00.000000,1,1,5.8415947015875735,1.5406609577926622,1.3402957265334985,0.04595548322833026,3.693012817766994,1.5115348949238852,1.0
u47,2024-05-13T00:00:00.000000,1,0,1.2029621045458572,1.3213690383928214,0.9460043853988371,0.03376722353380942,0.9523490063751878,1.0841405379690552,1.0
u47,2024-05-20T00:00:00.000000,1,0,1.07244197886809,0.5118368639489206,0.4073866698053049,0.03997563028591144,0.9523490063751878,1.0841405379690552,1.0
u47,2024-05-27T00:00:00.000000,1,0,0.9371605724580905,1.2254470405486206,1.5327720643525895,0.017736266059827515,0.9523490063751878,1.0841405379690552,1.0
u47,2024-06-03T00:00:00.000000,1,0,0.9099282051275744,1.09765163478522,0.5935102789646102,0.006761068100199302,0.9523490063751878,1.0841405379690552,1.0
u47,2024-06-10T00:00:00.000000,1,0,1.264159719850754,0.8669336273622257,1.3118010762556978,0.017570542569976904,0.9523490063751878,1.0841405379690552,1.0
u47,2024-06-17T00:00:00.000000,1,0,0.4319655572940293,1.1200698741250659,1.405014174956287,0.026958414617849886,0.9523490063751878,1.0841405379690552,1.0
u47,2024-06-24T00:00:00.000000,1,0,0.6809067554108612,1.0502303948289664,1.6881396454116566,0.003756970396609816,0.9523490063751878,1.0841405379690552,1.0
u47,2024-07-01T00:00:00.000000,1,1,2.6014660056315395,0.8237536239363543,1.708536610946852,0.02898323596550297,0.9523490063751878,1.0841405379690552,1.0
u47,2024-07-08T00:00:00.000000,1,1,2.9446572882708857,1.0035839497478072,1.3910219146903975,0.03851976915906635,0.9523490063751878,1.0841405379690552,1.0
u47,2024-07-15T00:00:00.000000,1,1,3.6898220880961556,1.3625547221639063,0.21647772496954032,0.029792897536549262,0.9523490063751878,1.0841405379690552,1.0
u47,2024-07-22T00:00:00.000000,1,1,2.702892174575275,0.7288670101998109,0.7246818314809007,0.03655149365742053,0.9523490063751878,1.0841405379690552,1.0
u47,2024-07-29T00:00:00.000000,1,1,3.2661646816895575,0.9901674881251407,0.1854320607477722,0.043661996817694046,0.9523490063751878,1.0841405379690552,1.0
u47,2024-08-05T00:00:00.000000,1,1,2.6367487905693334,1.1624397454386766,0.1537553807124177,0.027933714823752804,0.9523490063751878,1.0841405379690552,1.0
u47,2024-08-12T00:00:00.000000,1,1,2.9865115646177913,1.299942465816278,0.925747933793834,0.04616562811551273,0.9523490063751878,1.0841405379690552,1.0
u48,2024-05-13T00:00:00.000000,1,0,2.0567332172418578,1.9627139832438312,1.9634391890258691,0.03695373145082062,1.7951405673261556,2.1016070316289017,1.0
u48,2024-05-20T00:00:00.000000,1,0,2.0618787625842576,1.9932062509237074,1.6437810464711329,0.03681770485735111,1.7951405673261556,2.1016070316289017,1.0
u48,2024-05-27T00:00:00.000000,1,0,2.320934833691437,2.2667497599139637,0.9793179818518916,0.04132052749863546,1.7951405673261556,2.1016070316289017,1.0
u48,2024-06-03T00:00:00.000000,1,0,1.968153075789176,2.0527412605929958,1.334672102870229,0.013523503969123947,1.7951405673261556,2.1016070316289017,1.0
u48,2024-06-10T00:00:00.000000,1,0,2.5855627936506558,2.21278943788879,1.5951881580430352,0.021649910758490695,1.7951405673261556,2.1016070316289017,1.0
u48,2024-06-17T00:00:00.000000,1,0,1.4918798919692604,2.402508375346747,0.4979118347729149,0.029391096478451464,1.7951405673261556,2.1016070316289017,1.0
u48,2024-06-24T00:00:00.000000,1,0,2.114933856249096,2.1785607404699,1.5582640903637068,0.0188234717203183,1.7951405673261556,2.1016070316289017,1.0
u48,2024-07-01T00:00:00.000000,1,1,3.7782082382600235,1.9862673338434014,1.6485851644753782,0.01604184479699086,1.7951405673261556,2.1016070316289017,1.0
u48,2024-07-08T00:00:00.000000,1,1,3.762579577520609,1.944447777752347,1.355649572257119,0.021584054058851235,1.7951405673261556,2.1016070316289017,1.0
u48,2024-07-15T00:00:00.000000,1,1,3.9978225572754993,2.213672867275353,1.098038010788098,0.015886116740464692,1.7951405673261556,2.1016070316289017,1.0
u48,2024-07-22T00:00:00.000000,1,1,3.6020722298409615,2.049684225359747,0.33532807414567367,0.020522073677772337,1.7951405673261556,2.1016070316289017,1.0
u48,2024-07-29T00:00:00.000000,1,1,3.5005676135409147,1.9305017410471865,0.16882242898607683,0.03107292032509721,1.7951405673261556,2.1016070316289017,1.0
u48,2024-08-05T00:00:00.000000,1,1,3.2204710179854574,2.1572736195430027,0.5741415342835686,0.005924262617740078,1.7951405673261556,2.1016070316289017,1.0
u48,2024-08-12T00:00:00.000000,1,1,3.6048412692684924,2.0287213480160533,0.8624820372261729,0.026451969674444516,1.7951405673261556,2.1016070316289017,1.0
u49,2024-05-13T00:00:00.000000,1,0,0.06571775721249173,0.8092081322650295,0.7252422537624126,0.027419886801735904,0.5044549726687375,0.6532342097604742,1.0
u49,2024-05-20T00:00:00.000000,1,0,0.04223462378951298,0.7130178402773044,1.8885971124134688,0.0054154060594497015,0.5044549726687375,0.6532342097604742,1.0
u49,2024-05-27T00:00:00.000000,1,0,0.5072069471233762,0.6299808806984011,1.9644253955872182,0.030883012008499806,0.5044549726687375,0.6532342097604742,1.0
u49,2024-06-03T00:00:00.000000,1,0,0.005148054669677271,1.152019610906072,0.26803366162184405,0.04872504462711446,0.5044549726687375,0.6532342097604742,1.0
u49,2024-06-10T00:00:00.000000,1,0,0.7956043669278567,0.45409616439211287,0.8981587740753041,0.019197590673858914,0.5044549726687375,0.6532342097604742,1.0
u49,2024-06-17T00:00:00.000000,1,0,0.6707539740584547,0.6993686702365993,1.9944311210448629,0.01895625305457743,0.5044549726687375,0.6532342097604742,1.0
u49,2024-06-24T00:00:00.000000,1,0,0.45409275184084413,0.8724470563719102,0.2094419957200521,0.04614321814625953,0.5044549726687375,0.6532342097604742,1.0
u49,2024-07-01T00:00:00.000000,1,1,2.3050789709911585,0.44418165348077937,0.38344994938406185,0.026669371541551613,0.5044549726687375,0.6532342097604742,1.0
u49,2024-07-08T00:00:00.000000,1,1,2.7403147532646117,0.8484310198192846,0.3944718384015078,0.012205953754278832,0.5044549726687375,0.6532342097604742,1.0
u49,2024-07-15T00:00:00.000000,1,1,2.9149957907982764,0.701913993040582,1.4468379490375436,0.04996950182572635,0.5044549726687375,0.6532342097604742,1.0
u49,2024-07-22T00:00:00.000000,1,1,2.486149767360215,0.6784672490466691,1.3808741716969555,0.0029995417292674135,0.5044549726687375,0.6532342097604742,1.0
u49,2024-07-29T00:00:00.000000,1,1,2.06386314357415,0.7798078744719318,1.2174780614167333,0.01825923515105336,0.5044549726687375,0.6532342097604742,1.0
u49,2024-08-05T00:00:00.000000,1,1,2.178632897884994,0.4017577147642002,0.4945106269784475,0.02815677717925549,0.5044549726687375,0.6532342097604742,1.0
u49,2024-08-12T00:00:00.000000,1,1,2.523831869751704,0.7676826937979291,0.9964038640483095,0.01607920514347256,0.5044549726687375,0.6532342097604742,1.0
u50,2024-05-13T00:00:00.000000,1,0,0.921582012676244,0.43639044740319366,0.5227162790446059,0.040743797134268636,0.8864879424690779,0.8849559717252804,1.0
u50,2024-05-20T00:00:00.000000,1,0,0.637102191683755,0.964237672166694,0.8947269065338967,0.016220283207080254,0.8864879424690779,0.8849559717252804,1.0
u50,2024-05-27T00:00:00.000000,1,0,1.1122030622828813,1.1131185295975565,1.763059518936612,0.007678893347387828,0.8864879424690779,0.8849559717252804,1.0
u50,2024-06-03T00:00:00.000000,1,0,1.0399420530448353,0.9132873112034855,1.8354241024679927,0.025893928783428923,0.8864879424690779,0.8849559717252804,1.0
u50,2024-06-10T00:00:00.000000,1,0,0.6412204229700883,0.9692793377072464,0.12243726754010877,0.012397349583044238,0.8864879424690779,0.8849559717252804,1.0
u50,2024-06-17T00:00:00.000000,1,0,0.6950198041063606,0.7523212215979274,1.942608044726367,0.005038076056068652,0.8864879424690779,0.8849559717252804,1.0
u50,2024-06-24T00:00:00.000000,1,0,1.1801403448402379,0.9006795056316379,1.131589240967574,0.016022744278172758,0.8864879424690779,0.8849559717252804,1.0
u50,2024-07-01T00:00:00.000000,1,1,2.718353299530766,0.6036558463228339,0.4483045075521266,0.023456671848605844,0.8864879424690779,0.8849559717252804,1.0
u50,2024-07-08T00:00:00.000000,1,1,2.763818215406441,0.8931919757951159,1.8681291146661176,0.02528623497270624,0.8864879424690779,0.8849559717252804,1.0
u50,2024-07-15T00:00:00.000000,1,1,2.5267528046255086,0.9937313725477165,1.4490017883228365,0.0358065470496419,0.8864879424690779,0.8849559717252804,1.0
u50,2024-07-22T00:00:00.000000,1,1,2.8861520258697104,0.4379488721455471,0.6286125882706403,0.004975482143272859,0.8864879424690779,0.8849559717252804,1.0
u50,2024-07-29T00:00:00.000000,1,1,3.3592640290326945,1.2511468294765935,0.5584575582101073,0.003035359230095586,0.8864879424690779,0.8849559717252804,1.0
u50,2024-08-05T00:00:00.000000,1,1,2.6698895805480642,0.9298138516086653,1.2597739069235991,0.03954325654316338,0.8864879424690779,0.8849559717252804,1.0
u50,2024-08-12T00:00:00.000000,1,1,2.683613933259993,1.0646670277538037,1.1430136121195424,0.02815053800431795,0.8864879424690779,0.8849559717252804,1.0
u51,2024-05-13T00:00:00.000000,1,0,2.4041573748109317,2.2082540473282397,0.28635167147277163,0.04146105706015596,2.6279923196937496,2.0343188959893417,1.0
u51,2024-05-20T00:00:00.000000,1,0,2.4014264938686436,1.4864122715314458,1.5167825012545697,0.004224044783853598,2.6279923196937496,2.0343188959893417,1.0
u51,2024-05-27T00:00:00.000000,1,0,2.507615837897802,1.8841739723363191,0.310425604953163,0.003975278154618511,2.6279923196937496,2.0343188959893417,1.0
u51,2024-06-03T00:00:00.000000,1,0,2.6353269362696854,1.9756382777765469,1.7896735164577056,0.038103651051508806,2.6279923196937496,2.0343188959893417,1.0
u51,2024-06-10T00:00:00.000000,1,0,3.108006504089632,2.118812380836787,1.446994586141074,0.0474073842257417,2.6279923196937496,2.0343188959893417,1.0
u51,2024-06-17T00:00:00.000000,1,0,2.277089519386424,2.1852912744841504,0.5458773043770289,0.019662506720033335,2.6279923196937496,2.0343188959893417,1.0
u51,2024-06-24T00:00:00.000000,1,0,1.8731637609619198,1.6086849875921794,1.184388151628468,0.015707744403917118,2.6279923196937496,2.0343188959893417,1.0
u51,2024-07-01T00:00:00.000000,1,1,4.662132189295838,2.0711922374244747,1.7333925723597754,0.030120848107670524,2.6279923196937496,2.0343188959893417,1.0
u51,2024-07-08T00:00:00.000000,1,1,4.619762313438632,2.0952060005521047,0.22246912166432664,0.012694554396119285,2.6279923196937496,2.0343188959893417,1.0
u51,2024-07-15T00:00:00.000000,1,1,4.148007519468446,2.316300139444347,1.4415873065462446,0.03088929681942771,2.6279923196937496,2.0343188959893417,1.0
u51,2024-07-22T00:00:00.000000,1,1,4.618250022518513,2.2399296090691783,1.3075284566488488,0.018985966324083288,2.6279923196937496,2.0343188959893417,1.0
u51,2024-07-29T00:00:00.000000,1,1,4.452783519727147,2.0581436818625973,0.9500297383278279,0.037475748876913524,2.6279923196937496,2.0343188959893417,1.0
u51,2024-08-05T00:00:00.000000,1,1,4.224621563857628,1.8774671942063057,1.3207991869882134,0.04593323075306476,2.6279923196937496,2.0343188959893417,1.0
u51,2024-08-12T00:00:00.000000,1,1,5.317891540578201,2.016372742007018,0.285334942868667,0.03242240852938232,2.6279923196937496,2.0343188959893417,1.0
u52,2024-05-13T00:00:00.000000,1,0,3.8886499201906695,1.9630043480646422,0.5095843496274148,0.0134949671978171,4.022771697751029,1.920897413906793,1.0
u52,2024-05-20T00:00:00.000000,1,0,4.437887806108929,2.049043235947377,0.5645041007230951,0.044140466607229006,4.022771697751029,1.920897413906793,1.0
u52,2024-05-27T00:00:00.000000,1,0,4.73983851094657,1.8238181733239682,0.8784320454430896,0.009097147763837632,4.022771697751029,1.920897413906793,1.0
u52,2024-06-03T00:00:00.000000,1,0,4.72207909921845,2.0847869284303724,0.13088850879616504,0.048200685117989854,4.022771697751029,1.920897413906793,1.0
u52,2024-06-10T00:00:00.000000,1,0,4.229079353286363,2.3141229081819112,1.751274553985205,0.04534036268027752,4.022771697751029,1.920897413906793,1.0
u52,2024-06-17T00:00:00.000000,1,0,3.8840152825681815,1.5261608786250727,1.256734837490629,0.013364983440529849,4.022771697751029,1.920897413906793,1.0
u52,2024-06-24T00:00:00.000000,1,0,4.244661059246997,2.392851800772715,1.3526969722412603,0.039045949551539,4.022771697751029,1.920897413906793,1.0
u52,2024-07-01T00:00:00.000000,1,1,6.058370948668228,2.1183468845034747,0.4899937158838842,0.022680708922731097,4.022771697751029,1.920897413906793,1.0
u52,2024-07-08T00:00:00.000000,1,1,6.339928478823439,1.9966252786744,1.7621639931207027,0.04580291656509139,4.022771697751029,1.920897413906793,1.0
u52,2024-07-15T00:00:00.000000,1,1,5.409353218849583,1.6758190540129712,0.9844499946212091,0.0023736748716547186,4.022771697751029,1.920897413906793,1.0
u52,2024-07-22T00:00:00.000000,1,1,5.794112918439854,1.8868154824597965,0.5896054734186948,0.008497029568053366,4.022771697751029,1.920897413906793,1.0
u52,2024-07-29T00:00:00.000000,1,1,6.243491705835078,1.649244734935035,1.9228206173989388,0.03804194201606036,4.022771697751029,1.920897413906793,1.0
u52,2024-08-05T00:00:00.000000,1,1,5.992821323602394,2.0352692504341348,0.7298012149523355,0.03232135190291411,4.022771697751029,1.920897413906793,1.0
u52,2024-08-12T00:00:00.000000,1,1,6.350246783564271,2.0182611233366496,0.6734073459251276,0.01275932561467711,4.022771697751029,1.920897413906793,1.0
u53,2024-05-13T00:00:00.000000,1,0,4.0781443477378305,2.0142507092652844,0.4030368363456267,0.033666415370097756,3.700232591873709,2.0380564105853094,1.0
u53,2024-05-20T00:00:00.000000,1,0,3.760487681056488,1.96335361114914,0.40814187639319066,0.01661885675180823,3.700232591873709,2.0380564105853094,1.0
u53,2024-05-27T00:00:00.000000,1,0,3.9669275459951034,2.322768305038316,0.46179705886606404,0.009650376807938316,3.700232591873709,2.0380564105853094,1.0
u53,2024-06-03T00:00:00.000000,1,0,3.4291722579008272,2.0229021152933444,1.4089043151787868,0.04719735629312983,3.700232591873709,2.0380564105853094,1.0
u53,2024-06-10T00:00:00.000000,1,0,3.567725053621811,1.9431538238615016,0.2868015231391424,0.0021478813687822286,3.700232591873709,2.0380564105853094,1.0
u53,2024-06-17T00:00:00.000000,1,0,4.053767846969208,2.077904018835157,1.7018106578349275,0.002840883919999071,3.700232591873709,2.0380564105853094,1.0
u53,2024-06-24T00:00:00.000000,1,0,3.6132128596925335,2.0388829871162826,0.6763415020961773,0.008651196067164846,3.700232591873709,2.0380564105853094,1.0
u53,2024-07-01T00:00:00.000000,1,1,6.323245989631416,1.8689923175897958,1.671315227755199,0.03197472177452638,3.700232591873709,2.0380564105853094,1.0
u53,2024-07-08T00:00:00.000000,1,1,5.228903269102523,2.192196167004262,1.7310255216390469,0.009189603492805416,3.700232591873709,2.0380564105853094,1.0
u53,2024-07-15T00:00:00.000000,1,1,5.697552431506118,1.6929855581837687,0.7723314147143344,0.006189366555856885,3.700232591873709,2.0380564105853094,1.0
u53,2024-07-22T00:00:00.000000,1,1,5.560307640071478,1.8162958155977016,0.23344340468473612,0.002845660106422543,3.700232591873709,2.0380564105853094,1.0
u53,2024-07-29T00:00:00.000000,1,1,5.558986094541048,2.18592161572029,1.9662383251998115,0.04821835041652,3.700232591873709,2.0380564105853094,1.0
u53,2024-08-05T00:00:00.000000,1,1,5.7464565895183695,2.2319383687349506,1.2415292893414316,0.03453235365525768,3.700232591873709,2.0380564105853094,1.0
u53,2024-08-12T00:00:00.000000,1,1,5.981445681949603,1.8812279518912276,0.24561345675667484,0.03020671026085356,3.700232591873709,2.0380564105853094,1.0
u54,2024-05-13T00:00:00.000000,1,0,5.54363377775929,2.1998208512127326,1.3882219529264128,0.0020090786314235164,4.93965984132091,2.0815567054422357,1.0
u54,2024-05-20T00:00:00.000000,1,0,5.174014202888032,2.2920855889653478,0.1082908808779592,0.02536170887804103,4.93965984132091,2.0815567054422357,1.0
u54,2024-05-27T00:00:00.000000,1,0,5.167165751114129,2.1079163908444,1.033875028800396,0.008688844389119538,4.93965984132091,2.0815567054422357,1.0
u54,2024-06-03T00:00:00.000000,1,0,5.010195824266409,2.3246531887417743,1.4813207213265753,0.043203723537107455,4.93965984132091,2.0815567054422357,1.0
u54,2024-06-10T00:00:00.000000,1,0,5.025847069631819,2.2313194826387313,0.4705559885251719,0.0013427888463213968,4.93965984132091,2.0815567054422357,1.0
u54,2024-06-17T00:00:00.000000,1,0,4.692420624919067,1.8318081833006934,1.330967213681634,0.01940267736511238,4.93965984132091,2.0815567054422357,1.0
u54,2024-06-24T00:00:00.000000,1,0,5.1459555866736135,2.190779071620725,0.3931770655731004,0.04658973097764917,4.93965984132091,2.0815567054422357,1.0
u54,2024-07-01T00:00:00.000000,1,1,6.926854912452667,2.164134984486716,1.8416925405487978,0.03246963085538703,4.93965984132091,2.0815567054422357,1.0
u54,2024-07-08T00:00:00.000000,1,1,7.140185146906712,1.947620419827795,0.10687086509138778,0.003128555792307969,4.93965984132091,2.0815567054422357,1.0
u54,2024-07-15T00:00:00.000000,1,1,6.7817078323660756,1.8565708344218048,0.7682345426155005,0.03506354035546788,4.93965984132091,2.0815567054422357,1.0
u54,2024-07-22T00:00:00.000000,1,1,7.10088999758911,2.4759958958309984,0.3782287316582611,0.03739508010740877,4.93965984132091,2.0815567054422357,1.0
u54,2024-07-29T00:00:00.000000,1,1,6.701954328129106,2.0360508223695915,0.6331183790122237,0.016530027707048894,4.93965984132091,2.0815567054422357,1.0
u54,2024-08-05T00:00:00.000000,1,1,7.0513575093390015,2.2486796910194844,1.5438601554287716,0.03477760152063208,4.93965984132091,2.0815567054422357,1.0
u54,2024-08-12T00:00:00.000000,1,1,7.011404626710948,2.1356537826642756,1.3866343271603152,0.009741884324069595,4.93965984132091,2.0815567054422357,1.0
u55,2024-05-13T00:00:00.000000,1,0,3.1834803638223144,2.088185270761644,1.084778124105814,0.004996590448618183,3.4164226862668237,1.5538325948103069,1.0
u55,2024-05-20T00:00:00.000000,1,0,3.2069562483470517,1.5435190269150643,1.9128057302330144,0.014243234522194503,3.4164226862668237,1.5538325948103069,1.0
u55,2024-05-27T00:00:00.000000,1,0,3.619407051799781,1.424860533482841,1.8066758458384733,0.028148295566744426,3.4164226862668237,1.5538325948103069,1.0
u55,2024-06-03T00:00:00.000000,1,0,3.23052979136262,1.370290799910255,0.31818588142070303,0.02781092263620873,3.4164226862668237,1.5538325948103069,1.0
u55,2024-06-10T00:00:00.000000,1,0,3.62300619656049,1.749165668805933,1.7709044769321514,0.02362867554535359,3.4164226862668237,1.5538325948103069,1.0
u55,2024-06-17T00:00:00.000000,1,0,2.8880358648740603,1.7264500984193778,0.6147487474339937,0.02444877576721373,3.4164226862668237,1.5538325948103069,1.0
u55,2024-06-24T00:00:00.000000,1,0,3.5304296759814076,1.3564215639029296,0.29272659662339984,0.015437424425150248,3.4164226862668237,1.5538325948103069,1.0
u55,2024-07-01T00:00:00.000000,1,1,5.585897870648697,1.691850877845386,0.25070210844475166,0.034805817880650645,3.4164226862668237,1.5538325948103069,1.0
u55,2024-07-08T00:00:00.000000,1,1,5.199451980484572,1.4823715827569437,0.7435217034994257,0.011403970397820824,3.4164226862668237,1.5538325948103069,1.0
u55,2024-07-15T00:00:00.000000,1,1,5.169872097344557,1.571083362055308,1.9079301669855369,0.007008987110166587,3.4164226862668237,1.5538325948103069,1.0
u55,2024-07-22T00:00:00.000000,1,1,5.733988531109368,1.293476647327605,1.3191547701901885,0.03549631890712909,3.4164226862668237,1.5538325948103069,1.0
u55,2024-07-29T00:00:00.000000,1,1,5.290942169157681,1.439098656638623,1.0185904375606252,0.026667929375735058,3.4164226862668237,1.5538325948103069,1.0
u55,2024-08-05T00:00:00.000000,1,1,5.747771193828494,1.6396256730357466,1.3628163627598162,0.0016804984593125462,3.4164226862668237,1.5538325948103069,1.0
u55,2024-08-12T00:00:00.000000,1,1,5.512557540420635,1.7580091590108018,0.4623815989131643,0.031936545644869044,3.4164226862668237,1.5538325948103069,1.0
u56,2024-05-13T00:00:00.000000,1,0,3.0205910775888793,1.5823491660355649,0.7702152565307574,0.03602295764279749,3.328144835922132,1.3789537563879937,1.0
u56,2024-05-20T00:00:00.000000,1,0,3.6906236835662822,1.8257723725475399,1.0252659563794908,0.04831484436302094,3.328144835922132,1.3789537563879937,1.0
u56,2024-05-27T00:00:00.000000,1,0,3.3537562504029084,1.0466527724402916,1.0105229644890574,0.0013239550652481725,3.328144835922132,1.3789537563879937,1.0
u56,2024-06-03T00:00:00.000000,1,0,3.150551193603138,1.1960385007225234,0.5862842555734131,0.04997044626938357,3.328144835922132,1.3789537563879937,1.0
u56,2024-06-10T00:00:00.000000,1,0,2.9387423086796938,1.5020708139602512,0.21758240634859527,0.0012750781980098937,3.328144835922132,1.3789537563879937,1.0
u56,2024-06-17T00:00:00.000000,1,0,3.7811060408582264,1.1638960803437186,1.8734378780053682,0.0468453270011339,3.328144835922132,1.3789537563879937,1.0
u56,2024-06-24T00:00:00.000000,1,0,3.4918829638771176,1.5984192578285672,0.6545993628979746,0.0031986271204136663,3.328144835922132,1.3789537563879937,1.0
u56,2024-07-01T00:00:00.000000,1,1,4.9826667758997445,1.6016856977362535,0.262559517934947,0.01556115546021119,3.328144835922132,1.3789537563879937,1.0
u56,2024-07-08T00:00:00.000000,1,1,5.405618692021299,1.4759782681619098,1.4445937291521458,0.040067446571096954,3.328144835922132,1.3789537563879937,1.0
u56,2024-07-15T00:00:00.000000,1,1,4.923184612233417,1.5534234923803474,0.8723541871575096,0.042438604253023836,3.328144835922132,1.3789537563879937,1.0
u56,2024-07-22T00:00:00.000000,1,1,5.314724955665771,1.0979208842526016,1.8938767286548854,0.013748543691855825,3.328144835922132,1.3789537563879937,1.0
u56,2024-07-29T00:00:00.000000,1,1,5.430745873148438,1.24946187069209,0.7967063663891126,0.017567484164463205,3.328144835922132,1.3789537563879937,1.0
u56,2024-08-05T00:00:00.000000,1,1,5.2269159096902795,1.4004434969274568,0.6554426315084283,0.026038530397958445,3.328144835922132,1.3789537563879937,1.0
u56,2024-08-12T00:00:00.000000,1,1,5.8117179791623785,1.2808613242492515,0.39944287524810895,0.005175513415502925,3.328144835922132,1.3789537563879937,1.0
u57,2024-05-13T00:00:00.000000,1,0,2.5179293588460925,2.2975753340690837,1.5703145465061012,0.01963550292804619,2.763478639569208,2.0812852401433775,1.0
u57,2024-05-20T00:00:00.000000,1,0,2.6503207771324866,1.6979220657903622,0.17357294233509274,0.016447182523824634,2.763478639569208,2.0812852401433775,1.0
u57,2024-05-27T00:00:00.000000,1,0,2.1304934455052162,1.9280221702202363,1.1651390026261452,0.024030457424639384,2.763478639569208,2.0812852401433775,1.0
u57,2024-06-03T00:00:00.000000,1,0,2.9940597692181186,1.9698511347327576,0.7043218795064909,0.017310722768054575,2.763478639569208,2.0812852401433775,1.0
u57,2024-06-10T00:00:00.000000,1,0,3.0662085806894095,1.8095097909587743,0.6979298359105529,0.01651589428877126,2.763478639569208,2.0812852401433775,1.0
u57,2024-06-17T00:00:00.000000,1,0,2.4549273672868273,2.0378565175281147,0.3565965288915719,0.02205209398376967,2.763478639569208,2.0812852401433775,1.0
u57,2024-06-24T00:00:00.000000,1,0,2.929664691367805,1.964686463410564,1.724811498320006,0.008158907853207182,2.763478639569208,2.0812852401433775,1.0
u57,2024-07-01T00:00:00.000000,1,1,4.745201723156827,1.9930087776701875,0.11924574094877177,0.0457698468544816,2.763478639569208,2.0812852401433775,1.0
u57,2024-07-08T00:00:00.000000,1,1,5.38201838538869,2.2691693245030136,0.6448134118605139,0.043313788670798624,2.763478639569208,2.0812852401433775,1.0
u57,2024-07-15T00:00:00.000000,1,1,4.91826618259956,2.178213942405718,0.4850877969486632,0.034262371605286,2.763478639569208,2.0812852401433775,1.0
u57,2024-07-22T00:00:00.000000,1,1,4.63030814864358,1.9800513868049108,0.9346169174399345,0.0134256823819911,2.763478639569208,2.0812852401433775,1.0
u57,2024-07-29T00:00:00.000000,1,1,4.8049456672114985,2.2987761641730704,1.9508082760631063,0.0014171885285699237,2.763478639569208,2.0812852401433775,1.0
u57,2024-08-05T00:00:00.000000,1,1,4.56248011050574,2.308340186474015,0.24208491503196375,0.005508502255306658,2.763478639569208,2.0812852401433775,1.0
u57,2024-08-12T00:00:00.000000,1,1,4.669532457896723,2.11438833254673,0.23077208910086683,0.04172113760755783,2.763478639569208,2.0812852401433775,1.0
u58,2024-05-13T00:00:00.000000,1,0,2.8746483560154616,2.605382307706403,1.0802079028644005,0.012585532087471613,2.8554073153020156,2.740152645342515,1.0
u58,2024-05-20T00:00:00.000000,1,0,2.845003540296439,2.363038064453821,1.3518076820995097,0.006698860961450382,2.8554073153020156,2.740152645342515,1.0
u58,2024-05-27T00:00:00.000000,1,0,2.7709963177303054,2.690787886240198,0.6690737315218271,0.011604023033489392,2.8554073153020156,2.740152645342515,1.0
u58,2024-06-03T00:00:00.000000,1,0,2.366994651116652,2.6705186871751803,0.20887561362699966,0.04251418425776921,2.8554073153020156,2.740152645342515,1.0
u58,2024-06-10T00:00:00.000000,1,0,3.0900457870304376,2.446499893368746,1.352107725343612,0.02013065158517248,2.8554073153020156,2.740152645342515,1.0
u58,2024-06-17T00:00:00.000000,1,0,2.9086846503790933,2.84801355593109,0.2640833815530336,0.043923607769799394,2.8554073153020156,2.740152645342515,1.0
u58,2024-06-24T00:00:00.000000,1,0,2.9815041642348543,2.905286836003247,1.1688034294363594,0.027879929556272748,2.8554073153020156,2.740152645342515,1.0
u58,2024-07-01T00:00:00.000000,1,1,4.044262011280013,2.6158602518269602,1.1676877548422377,0.016439279890505167,2.8554073153020156,2.740152645342515,1.0
u58,2024-07-08T00:00:00.000000,1,1,4.905090960371811,2.7289635589334615,1.2328548781410726,0.013201685113780705,2.8554073153020156,2.740152645342515,1.0
u58,2024-07-15T00:00:00.000000,1,1,4.576910076065307,2.8372904371806182,0.7922869953036614,0.043948443619322874,2.8554073153020156,2.740152645342515,1.0
u58,2024-07-22T00:00:00.000000,1,1,4.770458316636064,2.800773022332581,1.537439230463624,0.016405040459509978,2.8554073153020156,2.740152645342515,1.0
u58,2024-07-29T00:00:00.000000,1,1,4.394525621088742,2.444711052650309,1.162560234531808,0.00004962320253144581,2.8554073153020156,2.740152645342515,1.0
u58,2024-08-05T00:00:00.000000,1,1,4.67293293114228,2.8651950314584083,1.5863394546567628,0.04687826293864736,2.8554073153020156,2.740152645342515,1.0
u58,2024-08-12T00:00:00.000000,1,1,4.771978427405642,2.7853246126058258,1.6045098506030404,0.022557287200557732,2.8554073153020156,2.740152645342515,1.0
u59,2024-05-13T00:00:00.000000,1,0,4.180849102048779,0.21411960381731535,1.6067394983430205,0.0309857300607312,4.053011918002951,0.2188041956574784,1.0
u59,2024-05-20T00:00:00.000000,1,0,3.899761550287046,0.004063713113918205,1.936851530919862,0.02196060896171023,4.053011918002951,0.2188041956574784,1.0
u59,2024-05-27T00:00:00.000000,1,0,3.7388844017730145,0.33556150471606805,0.8780544400423386,0.02763357822987071,4.053011918002951,0.2188041956574784,1.0
u59,2024-06-03T00:00:00.000000,1,0,3.9749433288340144,-0.1528443367650287,1.8271969376167396,0.04660551299076809,4.053011918002951,0.2188041956574784,1.0
u59,2024-06-10T00:00:00.000000,1,0,4.300493284887182,0.07619477931921564,1.4399561117044921,0.04191617956479533,4.053011918002951,0.2188041956574784,1.0
u59,2024-06-17T00:00:00.000000,1,0,3.678723578259813,0.36073656878505367,1.5244857663703713,0.03381968883586434,4.053011918002951,0.2188041956574784,1.0
u59,2024-06-24T00:00:00.000000,1,0,4.5543482865719245,0.31749059329421747,1.0469116393414153,0.029413427730254363,4.053011918002951,0.2188041956574784,1.0
u59,2024-07-01T00:00:00.000000,1,1,6.040909202042747,-0.22023255364696334,1.259046566045333,0.0064568165849101635,4.053011918002951,0.2188041956574784,1.0
u59,2024-07-08T00:00:00.000000,1,1,5.945593117131598,-0.002362840772945185,1.5407691325809103,0.01960212309309281,4.053011918002951,0.2188041956574784,1.0
u59,2024-07-15T00:00:00.000000,1,1,6.336336678565033,0.24612465226001856,1.1839673905966237,0.00003211518499368626,4.053011918002951,0.2188041956574784,1.0
u59,2024-07-22T00:00:00.000000,1,1,6.01841141956075,0.43166663290691487,1.1775077944287053,0.024827940852180805,4.053011918002951,0.2188041956574784,1.0
u59,2024-07-29T00:00:00.000000,1,1,6.165589161452972,0.29497004622501305,0.6283406754680436,0.0479536669039993,4.053011918002951,0.2188041956574784,1.0
u59,2024-08-05T00:00:00.000000,1,1,6.290764141504733,-0.10220700014330633,1.9453965009108498,0.0459454861405045,4.053011918002951,0.2188041956574784,1.0
u59,2024-08-12T00:00:00.000000,1,1,6.085158439854748,-0.03704659877757491,0.42712426099755596,0.027167570871187888,4.053011918002951,0.2188041956574784,1.0
u60,2024-05-13T00:00:00.000000,1,0,4.521698191295228,2.0548521044047074,0.8237866612924047,0.025298220929682865,3.944194350774473,1.6584000443755897,1.0
u60,2024-05-20T00:00:00.000000,1,0,3.8321614608696186,1.879601302676147,0.391703758684798,0.04188086464277436,3.944194350774473,1.6584000443755897,1.0
u60,2024-05-27T00:00:00.000000,1,0,4.237772209873962,1.5507402253122597,0.13133339205753483,0.02367377009971633,3.944194350774473,1.6584000443755897,1.0
u60,2024-06-03T00:00:00.000000,1,0,4.155451454311423,2.0465734322119635,1.6111145788027275,0.01141483542285528,3.944194350774473,1.6584000443755897,1.0
u60,2024-06-10T00:00:00.000000,1,0,3.690363709921274,1.70566490078123,0.6768070380293353,0.04443977470907167,3.944194350774473,1.6584000443755897,1.0
u60,2024-06-17T00:00:00.000000,1,0,4.175857793980224,1.6787641669962494,0.5279708279410632,0.0165012171624333,3.944194350774473,1.6584000443755897,1.0
u60,2024-06-24T00:00:00.000000,1,0,3.5298451713272407,1.7566905623635078,1.9955311376490308,0.005722265948556505,3.944194350774473,1.6584000443755897,1.0
u60,2024-07-01T00:00:00.000000,1,1,5.375398791030654,1.9426152319895467,1.151077399921796,0.01720185841295769,3.944194350774473,1.6584000443755897,1.0
u60,2024-07-08T00:00:00.000000,1,1,5.853233865761323,1.8775045266747517,1.6183041520358852,0.02491395793551651,3.944194350774473,1.6584000443755897,1.0
u60,2024-07-15T00:00:00.000000,1,1,6.127416997513331,1.230899925159472,1.0772067329178985,0.03555346769888262,3.944194350774473,1.6584000443755897,1.0
u60,2024-07-22T00:00:00.000000,1,1,5.949712615445869,1.5586125343832005,0.45044732568499846,0.048667434187295286,3.944194350774473,1.6584000443755897,1.0
u60,2024-07-29T00:00:00.000000,1,1,6.337206258634558,1.8332685300648672,1.0175248815050353,0.04186007746687987,3.944194350774473,1.6584000443755897,1.0
u60,2024-08-05T00:00:00.000000,1,1,6.0238529455094145,1.6763018443283526,0.366855300939143,0.015352595798125436,3.944194350774473,1.6584000443755897,1.0
u60,2024-08-12T00:00:00.000000,1,1,5.65760089812853,1.6019971479885478,0.8353325196859488,0.0410052372391849,3.944194350774473,1.6584000443755897,1.0
u61,2024-05-13T00:00:00.000000,1,0,1.9788362115693903,2.2404979224950443,1.6048441613765687,0.0200849387751241,1.6550415146397541,2.2867872820328023,1.0
u61,2024-05-20T00:00:00.000000,1,0,2.0516822828632972,2.4139559496859886,1.621354649753601,0.019522325519847995,1.6550415146397541,2.2867872820328023,1.0
u61,2024-05-27T00:00:00.000000,1,0,2.149475163186918,2.2505410751234622,0.6559297207133348,0.04019413701544368,1.6550415146397541,2.2867872820328023,1.0
u61,2024-06-03T00:00:00.000000,1,0,1.344054644890374,2.388928871875505,0.26492084236637437,0.002219864845529507,1.6550415146397541,2.2867872820328023,1.0
u61,2024-06-10T00:00:00.000000,1,0,1.9777584048880117,2.358138540094474,0.9328009878875269,0.014341777734007612,1.6550415146397541,2.2867872820328023,1.0
u61,2024-06-17T00:00:00.000000,1,0,1.6370138403132146,2.289302982503169,0.5180918089055548,0.04677754283696599,1.6550415146397541,2.2867872820328023,1.0
u61,2024-06-24T00:00:00.000000,1,0,1.6671424363061613,2.2243336431114717,0.5683041208585109,0.009947835579659753,1.6550415146397541,2.2867872820328023,1.0
u61,2024-07-01T00:00:00.000000,1,1,4.125503448758904,2.363731944949849,0.7222729487949835,0.030751219095168664,1.6550415146397541,2.2867872820328023,1.0
u61,2024-07-08T00:00:00.000000,1,1,3.621392344606579,2.5990245886680987,1.4196123034441248,0.018275164911067867,1.6550415146397541,2.2867872820328023,1.0
u61,2024-07-15T00:00:00.000000,1,1,3.7606207458853516,2.381037373601981,1.9321370325378053,0.031090569222656857,1.6550415146397541,2.2867872820328023,1.0
u61,2024-07-22T00:00:00.000000,1,1,3.554561903457672,2.459405772754984,1.6874747711188893,0.03342217853528868,1.6550415146397541,2.2867872820328023,1.0
u61,2024-07-29T00:00:00.000000,1,1,3.7606424008210437,2.2559806187176292,1.3776351872119015,0.032136486539554775,1.6550415146397541,2.2867872820328023,1.0
u61,2024-08-05T00:00:00.000000,1,1,3.4603235887273702,2.607883958591595,1.9337700224090582,0.029942918505017638,1.6550415146397541,2.2867872820328023,1.0
u61,2024-08-12T00:00:00.000000,1,1,3.825574806318138,2.1382515110925717,0.21744272603625922,0.041106363695205345,1.6550415146397541,2.2867872820328023,1.0
u62,2024-05-13T00:00:00.000000,1,0,1.3990882162675942,2.410419497074146,0.15739890165993387,0.04079166776633029,1.4749049100395117,2.4527288176902515,1.0
u62,2024-05-20T00:00:00.000000,1,0,1.2270019569908392,2.5962739394402643,1.5361676885691735,0.01750216111864894,1.4749049100395117,2.4527288176902515,1.0
u62,2024-05-27T00:00:00.000000,1,0,1.42394256496559,2.7289846208020365,1.7324391095241045,0.014866476305326604,1.4749049100395117,2.4527288176902515,1.0
u62,2024-06-03T00:00:00.000000,1,0,1.1178018635890008,2.550850198181429,0.48598419281805416,0.015882761040260374,1.4749049100395117,2.4527288176902515,1.0
u62,2024-06-10T00:00:00.000000,1,0,1.7103911966458871,2.5253814335397577,0.8924004784526809,0.04397334277949382,1.4749049100395117,2.4527288176902515,1.0
u62,2024-06-17T00:00:00.000000,1,0,1.2923946612683062,2.073141713989952,1.825856783529033,0.044500733707996086,1.4749049100395117,2.4527288176902515,1.0
u62,2024-06-24T00:00:00.000000,1,0,1.6421776628869567,2.185220079031673,0.8976400660059929,0.010561049721898252,1.4749049100395117,2.4527288176902515,1.0
u62,2024-07-01T00:00:00.000000,1,1,3.498439949272885,2.4403957538489434,1.1940610496336654,0.01799663377324026,1.4749049100395117,2.4527288176902515,1.0
u62,2024-07-08T00:00:00.000000,1,1,3.1678105815295443,2.4933702043690325,0.7571160027455015,0.03953367958223048,1.4749049100395117,2.4527288176902515,1.0
u62,2024-07-15T00:00:00.000000,1,1,3.4600278176749297,2.722193466012963,1.1858800225560249,0.013908114194613403,1.4749049100395117,2.4527288176902515,1.0
u62,2024-07-22T00:00:00.000000,1,1,3.361926493132466,2.9512765910179555,0.4249066181486856,0.02128562618734586,1.4749049100395117,2.4527288176902515,1.0
u62,2024-07-29T00:00:00.000000,1,1,2.9424219966658938,2.7319471315392003,0.2796551662604529,0.01740065073355353,1.4749049100395117,2.4527288176902515,1.0
u62,2024-08-05T00:00:00.000000,1,1,3.058047904374074,2.7443629791860733,0.8246794339655147,0.0019455410387107465,1.4749049100395117,2.4527288176902515,1.0
u62,2024-08-12T00:00:00.000000,1,1,2.9805717677081702,2.746345182223311,1.1308337349903002,0.03759752541358715,1.4749049100395117,2.4527288176902515,1.0
u63,2024-05-13T00:00:00.000000,1,0,2.232302041652029,0.9456632627611891,0.9170504823264902,0.044167263535148396,2.406134067326539,1.0383521854862683,1.0
u63,2024-05-20T00:00:00.000000,1,0,1.8503157088194553,1.2107038843269418,1.4001810573915474,0.003041493375068072,2.406134067326539,1.0383521854862683,1.0
u63,2024-05-27T00:00:00.000000,1,0,2.5105949721099843,0.9852440905604211,1.373177030882284,0.021951755611404847,2.406134067326539,1.0383521854862683,1.0
u63,2024-06-03T00:00:00.000000,1,0,2.141106520500248,1.2487671626910168,1.5409073255372314,0.04961236036566246,2.406134067326539,1.0383521854862683,1.0
u63,2024-06-10T00:00:00.000000,1,0,2.4200270567647806,0.8531365774161699,1.6814960810835018,0.03651328811400233,2.406134067326539,1.0383521854862683,1.0
u63,2024-06-17T00:00:00.000000,1,0,2.624195926435466,1.276472321259852,1.0028940191999558,0.03191435119562718,2.406134067326539,1.0383521854862683,1.0
u63,2024-06-24T00:00:00.000000,1,0,2.354699117880201,0.7802028781031446,0.9195832454558639,0.04098633855723665,2.406134067326539,1.0383521854862683,1.0
u63,2024-07-01T00:00:00.000000,1,1,4.477335498464693,0.7691399199172707,0.5729493285890956,0.035480975494295616,2.406134067326539,1.0383521854862683,1.0
u63,2024-07-08T00:00:00.000000,1,1,4.3790383642499995,0.9088701443459448,1.823114594305509,0.028676293085422418,2.406134067326539,1.0383521854862683,1.0
u63,2024-07-15T00:00:00.000000,1,1,4.833062612180025,0.9597415979690623,1.9524291346051652,0.012750873135171342,2.406134067326539,1.0383521854862683,1.0
u63,2024-07-22T00:00:00.000000,1,1,4.834993659697071,1.0896910852948853,0.9383094587616239,0.0105596860014529,2.406134067326539,1.0383521854862683,1.0
u63,2024-07-29T00:00:00.000000,1,1,4.59312138720213,1.1079390809228105,1.0704373248221781,0.004506849101913335,2.406134067326539,1.0383521854862683,1.0
u63,2024-08-05T00:00:00.000000,1,1,4.134052971797769,1.0392137139549003,1.7651500264266706,0.015478589301498764,2.406134067326539,1.0383521854862683,1.0
u63,2024-08-12T00:00:00.000000,1,1,4.277292273558189,1.101301446604186,1.0719091596115302,0.022536879390914366,2.406134067326539,1.0383521854862683,1.0
u64,2024-05-13T00:00:00.000000,1,0,3.360588921979473,1.5282619082783786,0.628478816392945,0.046392395091390703,3.880904650714143,1.5008872441405017,1.0
u64,2024-05-20T00:00:00.000000,1,0,4.051055862820052,1.1143694399523796,0.721146964865227,0.004419511770874874,3.880904650714143,1.5008872441405017,1.0
u64,2024-05-27T00:00:00.000000,1,0,3.5667420226910322,1.6230554503678394,1.6010565614114403,0.025627645627055273,3.880904650714143,1.5008872441405017,1.0
u64,2024-06-03T00:00:00.000000,1,0,3.690928390032065,1.6131954750644306,1.2982283993056085,0.04699360446137951,3.880904650714143,1.5008872441405017,1.0
u64,2024-06-10T00:00:00.000000,1,0,3.56585301480993,1.5544420836390038,1.6538502617639201,0.03962125501675893,3.880904650714143,1.5008872441405017,1.0
u64,2024-06-17T00:00:00.000000,1,0,4.668850123425213,1.770921254392904,0.24869211459878338,0.03790105415751535,3.880904650714143,1.5008872441405017,1.0
u64,2024-06-24T00:00:00.000000,1,0,3.2992788626130856,1.2364299649604649,1.6886199907245236,0.046649001332463566,3.880904650714143,1.5008872441405017,1.0
u64,2024-07-01T00:00:00.000000,1,1,5.671129021264929,1.4677571490036974,1.862930628379678,0.0480113002261484,3.880904650714143,1.5008872441405017,1.0
u64,2024-07-08T00:00:00.000000,1,1,5.865762428879717,1.3225813532060944,1.4264748181866276,0.011077924969296516,3.880904650714143,1.5008872441405017,1.0
u64,2024-07-15T00:00:00.000000,1,1,6.037612714864483,1.4544621060414302,0.39169119376927786,0.028116474720887193,3.880904650714143,1.5008872441405017,1.0
u64,2024-07-22T00:00:00.000000,1,1,5.838292768244261,1.445236490449067,1.5788848944786118,0.020764070686939574,3.880904650714143,1.5008872441405017,1.0
u64,2024-07-29T00:00:00.000000,1,1,5.836782600861562,1.517008799264606,0.49259666949953507,0.015619390610101863,3.880904650714143,1.5008872441405017,1.0
u64,2024-08-05T00:00:00.000000,1,1,6.111648901304186,1.589875656649426,0.39915045646386405,0.03330497767837862,3.880904650714143,1.5008872441405017,1.0
u64,2024-08-12T00:00:00.000000,1,1,5.894765633458629,1.6401696223050555,1.6165197536548876,0.028387805842059563,3.880904650714143,1.5008872441405017,1.0
u65,2024-05-13T00:00:00.000000,1,0,1.1875417682391471,1.905876331503599,0.8414913949996713,0.021390690468147084,1.1190035637194509,1.7794010929904391,1.0
u65,2024-05-20T00:00:00.000000,1,0,0.898277966644355,1.9196712606594044,1.697794487867681,0.03842584962994888,1.1190035637194509,1.7794010929904391,1.0
u65,2024-05-27T00:00:00.000000,1,0,1.1403019783469353,1.6901600401209866,0.1590599420152577,0.036146699934596065,1.1190035637194509,1.7794010929904391,1.0
u65,2024-06-03T00:00:00.000000,1,0,0.9171122584012115,1.6845849983171668,0.7228998738215391,0.046780339323487075,1.1190035637194509,1.7794010929904391,1.0
u65,2024-06-10T00:00:00.000000,1,0,0.6064835958334466,1.9057620328328249,1.2797513054459746,0.02068711624928285,1.1190035637194509,1.7794010929904391,1.0
u65,2024-06-17T00:00:00.000000,1,0,0.6189761838223797,1.9594010258763859,0.9357212711241245,0.03427961162189552,1.1190035637194509,1.7794010929904391,1.0
u65,2024-06-24T00:00:00.000000,1,0,1.0343948493824675,1.653037955173883,0.6376611276364943,0.03412798967162499,1.1190035637194509,1.7794010929904391,1.0
u65,2024-07-01T00:00:00.000000,1,1,3.0507773744927538,1.680056152431698,1.2554449408860255,0.04795509190347674,1.1190035637194509,1.7794010929904391,1.0
u65,2024-07-08T00:00:00.000000,1,1,3.0593540828257892,1.525030056090262,1.4403537293456976,0.01181337886391652,1.1190035637194509,1.7794010929904391,1.0
u65,2024-07-15T00:00:00.000000,1,1,2.985767127409796,1.9312781347565877,0.6276260678800974,0.018337154946497985,1.1190035637194509,1.7794010929904391,1.0
u65,2024-07-22T00:00:00.000000,1,1,3.099489861903808,2.0133503291875425,0.5177910811966171,0.040214593293834366,1.1190035637194509,1.7794010929904391,1.0
u65,2024-07-29T00:00:00.000000,1,1,3.3972672969135136,1.9294858038711544,0.25474071435755397,0.023498269706218346,1.1190035637194509,1.7794010929904391,1.0
u65,2024-08-05T00:00:00.000000,1,1,3.245112201472238,1.888618939156725,0.7530491462944321,0.04746264070529144,1.1190035637194509,1.7794010929904391,1.0
u65,2024-08-12T00:00:00.000000,1,1,2.8470742459363017,1.8713811462519931,0.5890363938197679,0.031005631447367017,1.1190035637194509,1.7794010929904391,1.0
u66,2024-05-13T00:00:00.000000,1,0,2.3181136100375426,1.5080954067877934,0.3277703545176792,0.04995200087527766,2.6016905755995556,1.237759132215772,1.0
u66,2024-05-20T00:00:00.000000,1,0,2.502873114375747,1.246283636831513,1.9105647021894272,0.0009989962114906326,2.6016905755995556,1.237759132215772,1.0
u66,2024-05-27T00:00:00.000000,1,0,2.4586253686895723,1.5475042439083444,1.837738564306347,0.03564431457160505,2.6016905755995556,1.237759132215772,1.0
u66,2024-06-03T00:00:00.000000,1,0,2.1585476860658273,1.2035125833973066,1.9750951848222154,0.04246957758542195,2.6016905755995556,1.237759132215772,1.0
u66,2024-06-10T00:00:00.000000,1,0,2.8534509821452345,1.2277780539984293,0.37067033734011257,0.033165763968635006,2.6016905755995556,1.237759132215772,1.0
u66,2024-06-17T00:00:00.000000,1,0,2.5354937536271707,1.2979817656359107,1.8567764391181134,0.031004045332663113,2.6016905755995556,1.237759132215772,1.0
u66,2024-06-24T00:00:00.000000,1,0,2.352162223320713,1.269578380653573,0.35364208667451735,0.009615702013784467,2.6016905755995556,1.237759132215772,1.0
u66,2024-07-01T00:00:00.000000,1,1,4.6819526614375215,1.1767855596170904,1.4392595891470257,0.026517250880542593,2.6016905755995556,1.237759132215772,1.0
u66,2024-07-08T00:00:00.000000,1,1,4.946313280546378,1.091357545634629,1.774343109776247,0.02735081141031668,2.6016905755995556,1.237759132215772,1.0
u66,2024-07-15T00:00:00.000000,1,1,5.069795854561892,1.1776974805685092,1.0016071694569926,0.04327159278110501,2.6016905755995556,1.237759132215772,1.0
u66,2024-07-22T00:00:00.000000,1,1,4.582564296102361,1.1956153364004194,0.6793315560413407,0.025935086414730836,2.6016905755995556,1.237759132215772,1.0
u66,2024-07-29T00:00:00.000000,1,1,4.857962533772605,1.2839611276668748,0.917954389208184,0.010891864594179968,2.6016905755995556,1.237759132215772,1.0
u66,2024-08-05T00:00:00.000000,1,1,4.311443552386985,1.666448497171168,1.8535924976963318,0.010367666651322788,2.6016905755995556,1.237759132215772,1.0
u66,2024-08-12T00:00:00.000000,1,1,5.031020325276344,1.2941208419524823,1.6744309110612912,0.006942569337541488,2.6016905755995556,1.237759132215772,1.0
u67,2024-05-13T00:00:00.000000,1,0,4.1798958270389885,1.6704134001978168,0.1684473229889063,0.02485453309032991,4.594717278128576,1.6879988820817964,1.0
u67,2024-05-20T00:00:00.000000,1,0,4.620516997630141,1.2211634736397354,1.333293038455566,0.024884856473705298,4.594717278128576,1.6879988820817964,1.0
u67,2024-05-27T00:00:00.000000,1,0,4.854627148624088,1.5258210933200786,0.4527496216730036,0.009544257328611184,4.594717278128576,1.6879988820817964,1.0
u67,2024-06-03T00:00:00.000000,1,0,4.188575022264519,1.618325009434982,1.7752669042220641,0.010488033030670658,4.594717278128576,1.6879988820817964,1.0
u67,2024-06-10T00:00:00.000000,1,0,4.249969490966985,1.6900659947182672,0.6611223945457926,0.02127113149168679,4.594717278128576,1.6879988820817964,1.0
u67,2024-06-17T00:00:00.000000,1,0,4.2303167799360075,1.8308216317924566,1.4583420896033439,0.0034469475866277357,4.594717278128576,1.6879988820817964,1.0
u67,2024-06-24T00:00:00.000000,1,0,4.0799897928150815,1.469488028005114,1.8991408340055629,0.005300124625997144,4.594717278128576,1.6879988820817964,1.0
u67,2024-07-01T00:00:00.000000,1,1,6.689230188963427,1.8005704661182746,0.3464834031193206,0.034739915562438044,4.594717278128576,1.6879988820817964,1.0
u67,2024-07-08T00:00:00.000000,1,1,6.447675773656763,1.445616938085541,0.27168186573269415,0.02489837793893328,4.594717278128576,1.6879988820817964,1.0
u67,2024-07-15T00:00:00.000000,1,1,6.473577385893644,1.463363285664204,0.3723502219962729,0.04769249449750729,4.594717278128576,1.6879988820817964,1.0
u67,2024-07-22T00:00:00.000000,1,1,6.683632184163603,1.5902623682892039,0.4742616681060763,0.003818090173630462,4.594717278128576,1.6879988820817964,1.0
u67,2024-07-29T00:00:00.000000,1,1,6.965452146026819,1.536869538796758,0.3648550279298788,0.02467420788816085,4.594717278128576,1.6879988820817964,1.0
u67,2024-08-05T00:00:00.000000,1,1,6.470635705305251,1.6355780375328706,0.9379353854181101,0.0290623511426676,4.594717278128576,1.6879988820817964,1.0
u67,2024-08-12T00:00:00.000000,1,1,6.170662081032781,1.220049258940317,0.2364862524938564,0.011006554011654747,4.594717278128576,1.6879988820817964,1.0
u68,2024-05-13T00:00:00.000000,1,0,3.137657738005105,2.8459388910212517,0.9038641339706224,0.004034018920733251,2.60038816663523,2.9732381009909026,1.0
u68,2024-05-20T00:00:00.000000,1,0,2.7991460055696145,2.6687752548692907,0.12684049232872371,0.0047616805144187705,2.60038816663523,2.9732381009909026,1.0
u68,2024-05-27T00:00:00.000000,1,0,3.334283524308327,2.6542630481877825,0.44267207110551776,0.03580499853293736,2.60038816663523,2.9732381009909026,1.0
u68,2024-06-03T00:00:00.000000,1,0,2.151390023618366,3.2437568829422117,0.5578566044999229,0.026919674504331238,2.60038816663523,2.9732381009909026,1.0
u68,2024-06-10T00:00:00.000000,1,0,2.2042612225819074,2.5258530012456983,0.3896863670589338,0.008078931218576097,2.60038816663523,2.9732381009909026,1.0
u68,2024-06-17T00:00:00.000000,1,0,2.404999328727187,3.017513151786148,0.42749773047206985,0.04648841250675366,2.60038816663523,2.9732381009909026,1.0
u68,2024-06-24T00:00:00.000000,1,0,2.505550705044684,2.75291373507605,1.141701299483204,0.01253044372015299,2.60038816663523,2.9732381009909026,1.0
u68,2024-07-01T00:00:00.000000,1,1,4.866895424085626,3.131253210885349,1.4704132772553826,0.01108485741884116,2.60038816663523,2.9732381009909026,1.0
u68,2024-07-08T00:00:00.000000,1,1,4.373725951013072,2.761985019332769,1.81450284849997,0.03982333241417713,2.60038816663523,2.9732381009909026,1.0
u68,2024-07-15T00:00:00.000000,1,1,4.9301433647708235,3.0525354644730864,1.3595508709609665,0.024001549971310848,2.60038816663523,2.9732381009909026,1.0
u68,2024-07-22T00:00:00.000000,1,1,4.741306368555745,2.9868582936784462,0.7746141345105468,0.03201875049588326,2.60038816663523,2.9732381009909026,1.0
u68,2024-07-29T00:00:00.000000,1,1,4.509085985159854,2.8056734492353725,0.6953182810795119,0.04234168875055659,2.60038816663523,2.9732381009909026,1.0
u68,2024-08-05T00:00:00.000000,1,1,4.5852119462052014,3.2348212257468703,0.9405402284117965,0.0376750281722805,2.60038816663523,2.9732381009909026,1.0
u68,2024-08-12T00:00:00.000000,1,1,4.5883596930039,2.827839226509433,1.0130637925179447,0.01298991228131532,2.60038816663523,2.9732381009909026,1.0
u69,2024-05-13T00:00:00.000000,1,0,1.883172304766671,0.5416536603047555,1.9042457815115077,0.03345187150618161,1.586703228641631,0.9422164080099213,1.0
u69,2024-05-20T00:00:00.000000,1,0,1.3980196221617986,0.776441375449867,1.6735694873714713,0.0424828601223035,1.586703228641631,0.9422164080099213,1.0
u69,2024-05-27T00:00:00.000000,1,0,1.7418003702899734,0.8511929412021879,0.8507191900921259,0.04000390345957639,1.586703228641631,0.9422164080099213,1.0
u69,2024-06-03T00:00:00.000000,1,0,1.2882712929330375,0.7333331103482349,0.40694638025726804,0.029306847758696544,1.586703228641631,0.9422164080099213,1.0
u69,2024-06-10T00:00:00.000000,1,0,1.1175916930786862,0.9860969419607025,0.6344988303603776,0.03476074115300093,1.586703228641631,0.9422164080099213,1.0
u69,2024-06-17T00:00:00.000000,1,0,1.3862017181352202,1.0014365259345754,0.8464298933422167,0.03235593940367831,1.586703228641631,0.9422164080099213,1.0
u69,2024-06-24T00:00:00.000000,1,0,1.8100033052665339,1.0972622453800642,0.1552360669207143,0.020329907185098146,1.586703228641631,0.9422164080099213,1.0
u69,2024-07-01T00:00:00.000000,1,1,3.4794441960752702,0.6686656282505095,0.39685835554522053,0.022534672193369333,1.586703228641631,0.9422164080099213,1.0
u69,2024-07-08T00:00:00.000000,1,1,3.2495116999128006,1.0302012013474542,1.4856153633347395,0.015482601501359217,1.586703228641631,0.9422164080099213,1.0
u69,2024-07-15T00:00:00.000000,1,1,3.671735659365022,0.7353941801039793,1.1246243662818067,0.03085114550802804,1.586703228641631,0.9422164080099213,1.0
u69,2024-07-22T00:00:00.000000,1,1,3.7672719232235634,0.8064587732414856,0.2918072786664156,0.03824064741779201,1.586703228641631,0.9422164080099213,1.0
u69,2024-07-29T00:00:00.000000,1,1,3.3918221157631816,0.6915553555408886,0.5166163267538729,0.016160364474639144,1.586703228641631,0.9422164080099213,1.0
u69,2024-08-05T00:00:00.000000,1,1,3.668699605602693,1.389982741292806,1.4048325212287696,0.04525963781067313,1.586703228641631,0.9422164080099213,1.0
u69,2024-08-12T00:00:00.000000,1,1,3.49129499849951,1.036155751906992,1.1634734069776151,0.015291862020628356,1.586703228641631,0.9422164080099213,1.0
u70,2024-05-13T00:00:00.000000,1,0,4.789454440002775,0.8119195301596208,1.8391204026109271,0.02592902961756768,4.58336833967153,0.467353553485809,1.0
u70,2024-05-20T00:00:00.000000,1,0,5.035984226668304,0.660863636684036,1.5645395354815461,0.02501578072097352,4.58336833967153,0.467353553485809,1.0
u70,2024-05-27T00:00:00.000000,1,0,4.64198261445317,0.5397161424068055,1.220062027766589,0.04325917273939378,4.58336833967153,0.467353553485809,1.0
u70,2024-06-03T00:00:00.000000,1,0,4.317151333070794,0.2744058648835405,1.9069852229284898,0.039910592098586835,4.58336833967153,0.467353553485809,1.0
u70,2024-06-10T00:00:00.000000,1,0,4.532689592774108,0.5066324744878467,1.9933599933056618,0.007628280234190649,4.58336833967153,0.467353553485809,1.0
u70,2024-06-17T00:00:00.000000,1,0,4.759545638194982,0.5863440451211693,1.6170211625202555,0.0454308886257506,4.58336833967153,0.467353553485809,1.0
u70,2024-06-24T00:00:00.000000,1,0,5.243022695716229,0.4638339676346814,0.912115462612157,0.02551629585378671,4.58336833967153,0.467353553485809,1.0
u70,2024-07-01T00:00:00.000000,1,1,6.61102147192958,0.4371198773476991,1.0557870291725875,0.04279854000870625,4.58336833967153,0.467353553485809,1.0
u70,2024-07-08T00:00:00.000000,1,1,6.294579197145745,0.43748650607150946,0.8419214805601898,0.026448661845647904,4.58336833967153,0.467353553485809,1.0
u70,2024-07-15T00:00:00.000000,1,1,6.530264263848599,0.47955652456865006,1.0013904852960236,0.012760444979954084,4.58336833967153,0.467353553485809,1.0
u70,2024-07-22T00:00:00.000000,1,1,6.703099301261006,0.3590334931990248,0.926666726612802,0.02078390965561171,4.58336833967153,0.467353553485809,1.0
u70,2024-07-29T00:00:00.000000,1,1,6.843113440625476,0.6100456459747066,1.2036555620291258,0.000316232361986768,4.58336833967153,0.467353553485809,1.0
u70,2024-08-05T00:00:00.000000,1,1,6.65685010778487,0.6800553391761143,0.9567570199003895,0.010368643761969071,4.58336833967153,0.467353553485809,1.0
u70,2024-08-12T00:00:00.000000,1,1,6.637797759056639,0.5504094915388997,1.7340123463189474,0.019817991698121012,4.58336833967153,0.467353553485809,1.0
u71,2024-05-13T00:00:00.000000,1,0,3.30852180418034,0.8653996722443676,1.1193243301607514,0.022977357563087514,3.374400000957968,0.8968632388140609,1.0
u71,2024-05-20T00:00:00.000000,1,0,3.0096605114053054,0.7319387245731384,1.991772621188251,0.014753004515698599,3.374400000957968,0.8968632388140609,1.0
u71,2024-05-27T00:00:00.000000,1,0,3.255706934720168,0.7948678035472097,1.2623446734521488,0.04929266002211639,3.374400000957968,0.8968632388140609,1.0
u71,2024-06-03T00:00:00.000000,1,0,3.3977570182381593,0.8227406281060885,1.4789254459665695,0.006369306086237503,3.374400000957968,0.8968632388140609,1.0
u71,2024-06-10T00:00:00.000000,1,0,3.1289189892824307,0.5536135033171505,1.8457161866664507,0.04034172235952276,3.374400000957968,0.8968632388140609,1.0
u71,2024-06-17T00:00:00.000000,1,0,4.057361607820895,0.9091853080519561,0.2322609034173506,0.024662243737230874,3.374400000957968,0.8968632388140609,1.0
u71,2024-06-24T00:00:00.000000,1,0,3.5399864698496475,0.5439400283372072,1.149481304755822,0.04179425087765712,3.374400000957968,0.8968632388140609,1.0
u71,2024-07-01T00:00:00.000000,1,1,5.505283836927827,0.8529309044263494,0.3232114032300343,0.044230500132514027,3.374400000957968,0.8968632388140609,1.0
u71,2024-07-08T00:00:00.000000,1,1,5.14096284839979,1.266945703289066,0.48959613719404826,0.04031157443614908,3.374400000957968,0.8968632388140609,1.0
u71,2024-07-15T00:00:00.000000,1,1,4.648815716149253,1.1521574153702467,1.517744471168739,0.037554058024143556,3.374400000957968,0.8968632388140609,1.0
u71,2024-07-22T00:00:00.000000,1,1,5.542031311379295,1.0085662751355735,0.9527321291672134,0.010124267262227305,3.374400000957968,0.8968632388140609,1.0
u71,2024-07-29T00:00:00.000000,1,1,5.131810859996201,0.7751118540849957,0.9537724879629509,0.005674246655085591,3.374400000957968,0.8968632388140609,1.0
u71,2024-08-05T00:00:00.000000,1,1,5.16248735032323,0.7501479701138528,1.3900727557383805,0.003558441127394685,3.374400000957968,0.8968632388140609,1.0
u71,2024-08-12T00:00:00.000000,1,1,5.074404566714849,0.9682057666212515,0.44528617884265975,0.0007047322730927897,3.374400000957968,0.8968632388140609,1.0
u72,2024-05-13T00:00:00.000000,1,0,1.9409263346253103,0.43242789311980945,1.2460888540966142,0.008822882651444975,2.0050830149234846,0.6278771393461807,1.0
u72,2024-05-20T00:00:00.000000,1,0,2.1100145602380023,0.6136139259209937,1.9547816422803694,0.001637861513184763,2.0050830149234846,0.6278771393461807,1.0
u72,2024-05-27T00:00:00.000000,1,0,2.419944686635705,0.6682086478730769,0.22760925151963052,0.00859346821156758,2.0050830149234846,0.6278771393461807,1.0
u72,2024-06-03T00:00:00.000000,1,0,1.9612488054451211,1.318686419795017,1.345083015013852,0.03915064177284214,2.0050830149234846,0.6278771393461807,1.0
u72,2024-06-10T00:00:00.000000,1,0,2.431091390259616,0.25966990588761163,1.0667069636696145,0.03590029285438897,2.0050830149234846,0.6278771393461807,1.0
u72,2024-06-17T00:00:00.000000,1,0,1.9702232296155584,0.2812169304165649,0.13949496650409898,0.009788580110486235,2.0050830149234846,0.6278771393461807,1.0
u72,2024-06-24T00:00:00.000000,1,0,2.117903893819716,0.4601059174436771,0.3846823821153813,0.009337737785570167,2.0050830149234846,0.6278771393461807,1.0
u72,2024-07-01T00:00:00.000000,1,1,4.113442380139683,0.8955163659339114,0.23423635996511014,0.0015240454562324701,2.0050830149234846,0.6278771393461807,1.0
u72,2024-07-08T00:00:00.000000,1,1,3.6055895869062398,0.36229063654749244,0.6301186264868401,0.04795852695335242,2.0050830149234846,0.6278771393461807,1.0
u72,2024-07-15T00:00:00.000000,1,1,3.9374129086029033,0.6887072285834162,1.652201322086679,0.03429336512844094,2.0050830149234846,0.6278771393461807,1.0
u72,2024-07-22T00:00:00.000000,1,1,3.976846695553139,0.7286071968509915,1.6494552362583679,0.03965397163475107,2.0050830149234846,0.6278771393461807,1.0
u72,2024-07-29T00:00:00.000000,1,1,4.027179993421143,0.4786381886347708,1.738708897268609,0.010580129072684198,2.0050830149234846,0.6278771393461807,1.0
u72,2024-08-05T00:00:00.000000,1,1,4.128063690417655,0.6952018806716493,1.7277997004298744,0.014455164059725512,2.0050830149234846,0.6278771393461807,1.0
u72,2024-08-12T00:00:00.000000,1,1,4.366435280405331,0.6437201489070086,0.7751924214084517,0.03077583473790756,2.0050830149234846,0.6278771393461807,1.0
u73,2024-05-13T00:00:00.000000,1,0,1.2037647821390565,2.6369802607807777,0.5111396864976518,0.049713933695792044,1.083907355325516,2.710499354012815,1.0
u73,2024-05-20T00:00:00.000000,1,0,1.3848691162108413,2.87488679423455,0.22402674550945373,0.0037460848129734384,1.083907355325516,2.710499354012815,1.0
u73,2024-05-27T00:00:00.000000,1,0,1.467166412847598,2.541872822410465,0.8656292093639608,0.022241787964093093,1.083907355325516,2.710499354012815,1.0
u73,2024-06-03T00:00:00.000000,1,0,0.4716497001312602,2.774157594543438,1.4073172928924134,0.023589286008151328,1.083907355325516,2.710499354012815,1.0
u73,2024-06-10T00:00:00.000000,1,0,1.2460902062096388,3.134515508222973,0.7655659002726533,0.0006107731457675403,1.083907355325516,2.710499354012815,1.0
u73,2024-06-17T00:00:00.000000,1,0,1.0865609473345998,2.8880406053695977,0.7540897955748388,0.04699912968524963,1.083907355325516,2.710499354012815,1.0
u73,2024-06-24T00:00:00.000000,1,0,1.0941606700428883,2.7706223153657223,1.6162750524168357,0.012929493552454758,1.083907355325516,2.710499354012815,1.0
u73,2024-07-01T00:00:00.000000,1,1,3.0478817818048927,2.986465819963693,1.87603858698698,0.03939299760169351,1.083907355325516,2.710499354012815,1.0
u73,2024-07-08T00:00:00.000000,1,1,3.5996400763323946,2.6332102015675316,1.66605399759024,0.027541583251513332,1.083907355325516,2.710499354012815,1.0
u73,2024-07-15T00:00:00.000000,1,1,4.065215191989893,2.4720029686563194,0.482948224631345,0.02754822077567763,1.083907355325516,2.710499354012815,1.0
u73,2024-07-22T00:00:00.000000,1,1,3.2030775712192137,3.1005271508478187,1.696108316191613,0.046018118064740245,1.083907355325516,2.710499354012815,1.0
u73,2024-07-29T00:00:00.000000,1,1,3.4326462567301146,2.8514289204569447,0.22847801449566046,0.023702810796390767,1.083907355325516,2.710499354012815,1.0
u73,2024-08-05T00:00:00.000000,1,1,3.4527048347201403,2.8304162579708905,0.1346390386790689,0.0012473859353325347,1.083907355325516,2.710499354012815,1.0
u73,2024-08-12T00:00:00.000000,1,1,3.060286617653703,2.8386563808633434,0.34211067503793935,0.006230512703977032,1.083907355325516,2.710499354012815,1.0
u74,2024-05-13T00:00:00.000000,1,0,2.7438833542757846,0.7056204315429279,1.5554634725407848,0.04385876831894583,3.0584608477240622,0.8560276822733863,1.0
u74,2024-05-20T00:00:00.000000,1,0,3.123063985710687,0.9561903089826085,0.4475160495746965,0.0034173945197813697,3.0584608477240622,0.8560276822733863,1.0
u74,2024-05-27T00:00:00.000000,1,0,2.97814759960982,0.7693422853170845,1.795714696365393,0.03457770735537093,3.0584608477240622,0.8560276822733863,1.0
u74,2024-06-03T00:00:00.000000,1,0,2.8213005128071864,1.052242242011753,1.0237007874830797,0.03708451825225595,3.0584608477240622,0.8560276822733863,1.0
u74,2024-06-10T00:00:00.000000,1,0,3.5118018176318024,0.7821366147086366,1.3529878225104084,0.048940432722352066,3.0584608477240622,0.8560276822733863,1.0
u74,2024-06-17T00:00:00.000000,1,0,2.918424091311006,1.0295827863786227,1.218664487680187,0.007331157143217637,3.0584608477240622,0.8560276822733863,1.0
u74,2024-06-24T00:00:00.000000,1,0,2.81865990842657,0.924557122112347,0.32577233029784936,0.025602096673172727,3.0584608477240622,0.8560276822733863,1.0
u74,2024-07-01T00:00:00.000000,1,1,4.6770860997503405,0.6394863178160232,0.42242417125954435,0.036179746180141054,3.0584608477240622,0.8560276822733863,1.0
u74,2024-07-08T00:00:00.000000,1,1,5.176578347518381,0.7786483721431358,0.1497977774427368,0.026099869352286798,3.0584608477240622,0.8560276822733863,1.0
u74,2024-07-15T00:00:00.000000,1,1,4.9449752825147995,0.6643358611343336,0.9960452804137812,0.04210097681621304,3.0584608477240622,0.8560276822733863,1.0
u74,2024-07-22T00:00:00.000000,1,1,5.297818607807843,0.763278694713879,0.3930628819806353,0.036007022378315365,3.0584608477240622,0.8560276822733863,1.0
u74,2024-07-29T00:00:00.000000,1,1,4.844221520064046,0.7200138514677042,1.5445619973661295,0.025946521762107058,3.0584608477240622,0.8560276822733863,1.0
u74,2024-08-05T00:00:00.000000,1,1,4.925904113036201,0.5412558961662093,0.9342853664745143,0.00901710491874711,3.0584608477240622,0.8560276822733863,1.0
u74,2024-08-12T00:00:00.000000,1,1,5.080893884464715,0.9462451390141507,1.5787749300270166,0.0399003927442293,3.0584608477240622,0.8560276822733863,1.0
u75,2024-05-13T00:00:00.000000,1,0,3.7266933743899093,0.4736122798355411,1.231534319561912,0.045961104968452515,3.8597043382480476,0.2543838065644732,1.0
u75,2024-05-20T00:00:00.000000,1,0,3.862778343453117,0.2544378273821091,0.4105156474599895,0.018564024375431348,3.8597043382480476,0.2543838065644732,1.0
u75,2024-05-27T00:00:00.000000,1,0,3.960578812153759,-0.2212269859856869,0.3862402391225346,0.01285100078242289,3.8597043382480476,0.2543838065644732,1.0
u75,2024-06-03T00:00:00.000000,1,0,3.872739345553485,0.30357326844370736,0.10424688902005456,0.025533031586994853,3.8597043382480476,0.2543838065644732,1.0
u75,2024-06-10T00:00:00.000000,1,0,4.0436176011792835,0.14596764712557297,1.265828481660611,0.011421823585871356,3.8597043382480476,0.2543838065644732,1.0
u75,2024-06-17T00:00:00.000000,1,0,3.6449471051136775,0.27441238905648846,0.4548178135726004,0.006905236893437434,3.8597043382480476,0.2543838065644732,1.0
u75,2024-06-24T00:00:00.000000,1,0,3.579736673041247,0.16588921799447098,0.6854412278689099,0.045097734509089715,3.8597043382480476,0.2543838065644732,1.0
u75,2024-07-01T00:00:00.000000,1,1,6.030227195620493,-0.09985716111389942,1.1940838753054273,0.028368027950702923,3.8597043382480476,0.2543838065644732,1.0
u75,2024-07-08T00:00:00.000000,1,1,6.318272582536206,0.45869257976077044,0.6631362287067234,0.015089271687280576,3.8597043382480476,0.2543838065644732,1.0
u75,2024-07-15T00:00:00.000000,1,1,5.905181291693904,0.16019952443550123,1.7680361755172131,0.045599382378574055,3.8597043382480476,0.2543838065644732,1.0
u75,2024-07-22T00:00:00.000000,1,1,5.248121186276324,0.4787406367613908,0.8245629130165143,0.024467959831169395,3.8597043382480476,0.2543838065644732,1.0
u75,2024-07-29T00:00:00.000000,1,1,5.691606168399117,0.32607572183782685,1.7002602710502055,0.04868320365866693,3.8597043382480476,0.2543838065644732,1.0
u75,2024-08-05T00:00:00.000000,1,1,5.98184327921053,0.35820440615583754,1.103161729878346,0.016713670585719088,3.8597043382480476,0.2543838065644732,1.0
u75,2024-08-12T00:00:00.000000,1,1,5.886385000514832,-0.03852266709824459,0.18538866666749343,0.0412251283845937,3.8597043382480476,0.2543838065644732,1.0
u76,2024-05-13T00:00:00.000000,1,0,2.2597427240848313,1.7522503307357786,0.4323422102643658,0.007565391073760558,2.3941026476177694,1.3613118276535294,1.0
u76,2024-05-20T00:00:00.000000,1,0,2.283192424055137,1.2420374941261738,1.984601105586237,0.011773758520087736,2.3941026476177694,1.3613118276535294,1.0
u76,2024-05-27T00:00:00.000000,1,0,2.528595559344683,1.3254786290108467,1.3310098482380703,0.002024947596668386,2.3941026476177694,1.3613118276535294,1.0
u76,2024-06-03T00:00:00.000000,1,0,1.9276896256938134,1.2433355613427683,1.1190075767229943,0.011891769244089558,2.3941026476177694,1.3613118276535294,1.0
u76,2024-06-10T00:00:00.000000,1,0,2.6567993071737597,0.9207732994264566,0.972472581814924,0.031795963259462684,2.3941026476177694,1.3613118276535294,1.0
u76,2024-06-17T00:00:00.000000,1,0,2.2523705839960417,1.0964353860381517,1.7424557256646924,0.014010045265499878,2.3941026476177694,1.3613118276535294,1.0
u76,2024-06-24T00:00:00.000000,1,0,2.5365475444766967,1.2229088378070867,0.6479347364869225,0.02668099669699339,2.3941026476177694,1.3613118276535294,1.0
u76,2024-07-01T00:00:00.000000,1,1,4.30909969550552,1.4835122196185815,1.9926417895133537,0.005360542293007031,2.3941026476177694,1.3613118276535294,1.0
u76,2024-07-08T00:00:00.000000,1,1,4.448819412034932,1.6175006694096143,1.0099449748390097,0.024695487157719954,2.3941026476177694,1.3613118276535294,1.0
u76,2024-07-15T00:00:00.000000,1,1,4.0455325811378255,1.4113713621864972,0.1358180001721113,0.022751088029159396,2.3941026476177694,1.3613118276535294,1.0
u76,2024-07-22T00:00:00.000000,1,1,4.089881889752186,1.107992573707361,0.3482259864488344,0.01987370418453241,2.3941026476177694,1.3613118276535294,1.0
u76,2024-07-29T00:00:00.000000,1,1,4.1884205499102904,1.6707297248798514,1.5369835174948117,0.01607003400712384,2.3941026476177694,1.3613118276535294,1.0
u76,2024-08-05T00:00:00.000000,1,1,4.234126992812961,1.4102670844132608,1.7671114505111387,0.0061007465931419095,2.3941026476177694,1.3613118276535294,1.0
u76,2024-08-12T00:00:00.000000,1,1,4.822604139496943,1.3342811062470463,0.9193084394390865,0.014927112437606978,2.3941026476177694,1.3613118276535294,1.0
u77,2024-05-13T00:00:00.000000,1,0,4.305141415607615,0.9490262301961742,1.5694206474631196,0.04252809717933707,3.934341870778597,0.886744360706039,1.0
u77,2024-05-20T00:00:00.000000,1,0,4.281244259848304,1.039812867933296,1.4759642333234357,0.03406947676519307,3.934341870778597,0.886744360706039,1.0
u77,2024-05-27T00:00:00.000000,1,0,3.633175429975191,1.0322510994311989,1.5641577320130209,0.01585603309375691,3.934341870778597,0.886744360706039,1.0
u77,2024-06-03T00:00:00.000000,1,0,3.877718606875229,0.5879218935622833,1.056001816795538,0.004502751889107987,3.934341870778597,0.886744360706039,1.0
u77,2024-06-10T00:00:00.000000,1,0,4.092990118793981,0.9623368859128537,0.7956007582112538,0.0024333727420417506,3.934341870778597,0.886744360706039,1.0
u77,2024-06-17T00:00:00.000000,1,0,3.8074675940318463,1.0503583793609361,1.037595865782131,0.01777595093176232,3.934341870778597,0.886744360706039,1.0
u77,2024-06-24T00:00:00.000000,1,0,4.03428463040113,0.4550944281564535,0.579276492491199,0.036285419786887166,3.934341870778597,0.886744360706039,1.0
u77,2024-07-01T00:00:00.000000,1,1,5.964733987324577,0.6711970890965864,1.3982255675840884,0.00008154238149324367,3.934341870778597,0.886744360706039,1.0
u77,2024-07-08T00:00:00.000000,1,1,6.354451645842997,0.8880912675263635,1.5175980409358523,0.03848750836753247,3.934341870778597,0.886744360706039,1.0
u77,2024-07-15T00:00:00.000000,1,1,5.531070951673578,0.967971811647127,1.43709957732316,0.04950728070278816,3.934341870778597,0.886744360706039,1.0
u77,2024-07-22T00:00:00.000000,1,1,5.747791073597276,0.8331854459710024,1.645700444203025,0.008019840252804028,3.934341870778597,0.886744360706039,1.0
u77,2024-07-29T00:00:00.000000,1,1,6.048849031122481,0.8760693918203368,0.17060525745677863,0.02768810471326131,3.934341870778597,0.886744360706039,1.0
u77,2024-08-05T00:00:00.000000,1,1,6.230194085145811,0.9944439314342555,1.7650548718552828,0.00813748596499282,3.934341870778597,0.886744360706039,1.0
u77,2024-08-12T00:00:00.000000,1,1,6.662342198398008,0.7233426305576232,0.4622212375513858,0.04106870681638375,3.934341870778597,0.886744360706039,1.0
u78,2024-05-13T00:00:00.000000,1,0,0.6523063345034574,1.6723603868182175,1.6021428292056406,0.04249292741234015,0.8558112981558007,1.569841388131972,1.0
u78,2024-05-20T00:00:00.000000,1,0,1.0832605633242527,1.647702466352854,1.5612176362960386,0.025287913916066468,0.8558112981558007,1.569841388131972,1.0
u78,2024-05-27T00:00:00.000000,1,0,0.9851276459356961,1.6157189204304638,1.7787476718775526,0.011772600850694044,0.8558112981558007,1.569841388131972,1.0
u78,2024-06-03T00:00:00.000000,1,0,1.3639411703845483,1.3597573994622625,0.48517133366909815,0.010566989663098915,0.8558112981558007,1.569841388131972,1.0
u78,2024-06-10T00:00:00.000000,1,0,1.3836754789905905,1.3891448806872038,0.44544936055516615,0.0165731940990753,0.8558112981558007,1.569841388131972,1.0
u78,2024-06-17T00:00:00.000000,1,0,0.9528508134409838,1.2952312562182435,1.8537278521907297,0.049329503796104554,0.8558112981558007,1.569841388131972,1.0
u78,2024-06-24T00:00:00.000000,1,0,0.9279377043942278,1.4697984163807194,0.7114754224235191,0.04285792977243746,0.8558112981558007,1.569841388131972,1.0
u78,2024-07-01T00:00:00.000000,1,1,2.4635112286403187,1.729230126137615,1.9491863811855366,0.04320693384102661,0.8558112981558007,1.569841388131972,1.0
u78,2024-07-08T00:00:00.000000,1,1,3.0806764598336445,1.3682318139571663,0.987334879085079,0.016156410307273546,0.8558112981558007,1.569841388131972,1.0
u78,2024-07-15T00:00:00.000000,1,1,2.7770978589427506,1.535972886727699,1.1437043563240945,0.02232983450587539,0.8558112981558007,1.569841388131972,1.0
u78,2024-07-22T00:00:00.000000,1,1,2.883199429808437,1.7607669468624332,1.8833602744691706,0.03192955981652708,0.8558112981558007,1.569841388131972,1.0
u78,2024-07-29T00:00:00.000000,1,1,2.7691395339000033,1.2220782956277856,1.2834168351267323,0.04247309093220806,0.8558112981558007,1.569841388131972,1.0
u78,2024-08-05T00:00:00.000000,1,1,2.538937800356242,1.6335132334469187,0.6035404810306774,0.01364668633748995,0.8558112981558007,1.569841388131972,1.0
u78,2024-08-12T00:00:00.000000,1,1,3.167587381046019,1.332376766319517,0.6154207381451834,0.0324256149202569,0.8558112981558007,1.569841388131972,1.0
u79,2024-05-13T00:00:00.000000,1,0,1.0112217130074241,1.211045244208995,0.5197629382045336,0.010033331270645873,0.73864567252348,1.153018578791244,1.0
u79,2024-05-20T00:00:00.000000,1,0,0.7363277881917755,1.2262859725780562,0.17402169989063404,0.013646990588745007,0.73864567252348,1.153018578791244,1.0
u79,2024-05-27T00:00:00.000000,1,0,0.4066709243871166,1.2911300424460945,0.508644035497035,0.015500121595696637,0.73864567252348,1.153018578791244,1.0
u79,2024-06-03T00:00:00.000000,1,0,0.18280632800399632,0.959659874558037,1.625027288646873,0.006312071828314109,0.73864567252348,1.153018578791244,1.0
u79,2024-06-10T00:00:00.000000,1,0,-0.0695551127842664,1.401584655564892,1.7759614982814544,0.00536829248432651,0.73864567252348,1.153018578791244,1.0
u79,2024-06-17T00:00:00.000000,1,0,1.0371323517934792,1.0175105762098642,1.4036456890052873,0.04582166239644533,0.73864567252348,1.153018578791244,1.0
u79,2024-06-24T00:00:00.000000,1,0,1.2729572102961684,1.4777360143858211,1.2005829721996366,0.020425833506792737,0.73864567252348,1.153018578791244,1.0
u79,2024-07-01T00:00:00.000000,1,1,2.9760953521489277,0.9016218437173741,1.7623046808979195,0.013685020381739244,0.73864567252348,1.153018578791244,1.0
u79,2024-07-08T00:00:00.000000,1,1,2.931890173669075,1.0062038851625383,0.1663400044632184,0.014062298343712067,0.73864567252348,1.153018578791244,1.0
u79,2024-07-15T00:00:00.000000,1,1,2.8890081706577444,1.176639271792536,0.31159344829451713,0.00661926456271752,0.73864567252348,1.153018578791244,1.0
u79,2024-07-22T00:00:00.000000,1,1,2.9312915582132586,1.2422042484589346,1.5441363849327265,0.036857587335859886,0.73864567252348,1.153018578791244,1.0
u79,2024-07-29T00:00:00.000000,1,1,2.8320576112599785,1.2405532388298652,1.727492836583462,0.036429682126894944,0.73864567252348,1.153018578791244,1.0
u79,2024-08-05T00:00:00.000000,1,1,2.4692403464992188,0.6653510960353195,1.4813299084099052,0.04272634340210981,0.73864567252348,1.153018578791244,1.0
u79,2024-08-12T00:00:00.000000,1,1,2.6327167730981382,1.3132542532475897,0.8604028402355365,0.023924671907074244,0.73864567252348,1.153018578791244,1.0
u80,2024-05-13T00:00:00.000000,1,0,3.013862229157719,2.6723526537886166,0.7503985118704511,0.018679550323619565,2.8620967097971115,2.372032279262378,1.0
u80,2024-05-20T00:00:00.000000,1,0,2.8081206755656765,2.541735500340079,0.26425008521073184,0.02139471315896236,2.8620967097971115,2.372032279262378,1.0
u80,2024-05-27T00:00:00.000000,1,0,2.7742854604706655,2.523455952997267,1.2625997805499312,0.04505907096243064,2.8620967097971115,2.372032279262378,1.0
u80,2024-06-03T00:00:00.000000,1,0,2.9611889034503753,2.608137731744772,0.7550557685353132,0.029518460359203302,2.8620967097971115,2.372032279262378,1.0
u80,2024-06-10T00:00:00.000000,1,0,2.8753383787967897,2.3612172440547963,0.9489130549120809,0.02715333474551242,2.8620967097971115,2.372032279262378,1.0
u80,2024-06-17T00:00:00.000000,1,0,2.918988859503828,2.160457026356203,0.2333041890218987,0.016830351678275842,2.8620967097971115,2.372032279262378,1.0
u80,2024-06-24T00:00:00.000000,1,0,2.732463181661208,2.391550931432741,1.2498360150058485,0.0205014856855156,2.8620967097971115,2.372032279262378,1.0
u80,2024-07-01T00:00:00.000000,1,1,4.6622919656089925,2.2618688957956192,0.7521972643527286,0.011833795074350917,2.8620967097971115,2.372032279262378,1.0
u80,2024-07-08T00:00:00.000000,1,1,4.561275306152535,2.9182900210942884,1.395419456026575,0.0024767471033437906,2.8620967097971115,2.372032279262378,1.0
u80,2024-07-15T00:00:00.000000,1,1,4.849521315144679,2.3855231924759503,0.4979223893998944,0.011281899281517955,2.8620967097971115,2.372032279262378,1.0
u80,2024-07-22T00:00:00.000000,1,1,4.978662214180876,2.264074618659786,0.2360158740886404,0.0018215973654930552,2.8620967097971115,2.372032279262378,1.0
u80,2024-07-29T00:00:00.000000,1,1,4.552095461000402,2.020050504871089,1.7508819434444256,0.005540219751631964,2.8620967097971115,2.372032279262378,1.0
u80,2024-08-05T00:00:00.000000,1,1,4.50875977948685,2.4346795847373217,0.7918058882597526,0.024126872562274734,2.8620967097971115,2.372032279262378,1.0
u80,2024-08-12T00:00:00.000000,1,1,4.548923177420272,2.277660349718094,0.8887291601629442,0.049471995334987244,2.8620967097971115,2.372032279262378,1.0
u81,2024-05-13T00:00:00.000000,1,0,0.7877757346436549,2.8014567103047616,1.8517322349860976,0.025366198979653476,0.7934705145479134,2.8099176554392815,1.0
u81,2024-05-20T00:00:00.000000,1,0,0.5639416764786883,2.8439225182901957,1.3517518569530997,0.02848225454898808,0.7934705145479134,2.8099176554392815,1.0
u81,2024-05-27T00:00:00.000000,1,0,1.091038816458092,2.8952857514435664,1.323765028939617,0.01986669421032704,0.7934705145479134,2.8099176554392815,1.0
u81,2024-06-03T00:00:00.000000,1,0,0.7683237580973243,2.6363994679866267,0.11151042254747828,0.0037499244649519927,0.7934705145479134,2.8099176554392815,1.0
u81,2024-06-10T00:00:00.000000,1,0,0.5099903638618837,2.4853641893859764,0.6237643241956158,0.032774568427948424,0.7934705145479134,2.8099176554392815,1.0
u81,2024-06-17T00:00:00.000000,1,0,0.5850727085342555,3.3140593938708753,1.8409738644384641,0.029265495229276184,0.7934705145479134,2.8099176554392815,1.0
u81,2024-06-24T00:00:00.000000,1,0,1.032043418170041,3.180490650426996,0.7059071857969254,0.03747981229926547,0.7934705145479134,2.8099176554392815,1.0
u81,2024-07-01T00:00:00.000000,1,1,2.762770885317915,2.720692533768705,1.0330554703397028,0.0008412969626412359,0.7934705145479134,2.8099176554392815,1.0
u81,2024-07-08T00:00:00.000000,1,1,2.8761122978382483,3.074099655973256,0.7000798216681132,0.009072722765072034,0.7934705145479134,2.8099176554392815,1.0
u81,2024-07-15T00:00:00.000000,1,1,2.5116016919920856,2.590838917596074,1.7010335572740163,0.037900088256667325,0.7934705145479134,2.8099176554392815,1.0
u81,2024-07-22T00:00:00.000000,1,1,2.6065017595140727,2.685638756729858,0.18752331019416313,0.023131515974136554,0.7934705145479134,2.8099176554392815,1.0
u81,2024-07-29T00:00:00.000000,1,1,2.4085261737668153,2.50983357499518,0.8763414584917755,0.029735133595880016,0.7934705145479134,2.8099176554392815,1.0
u81,2024-08-05T00:00:00.000000,1,1,3.1256183001809017,2.868532986092665,1.0832599643477434,0.03404833000625795,0.7934705145479134,2.8099176554392815,1.0
u81,2024-08-12T00:00:00.000000,1,1,2.7571619898139206,2.8821178761655695,0.9132535450052037,0.0007958151519855462,0.7934705145479134,2.8099176554392815,1.0
u82,2024-05-13T00:00:00.000000,1,0,1.8015350448957343,1.5037287609808065,1.4576489867131561,0.013732407130876395,1.5636809093404305,1.6016992026986365,1.0
u82,2024-05-20T00:00:00.000000,1,0,1.7812781282844181,1.7167686690601505,0.88143342997957,0.020108454957316103,1.5636809093404305,1.6016992026986365,1.0
u82,2024-05-27T00:00:00.000000,1,0,1.3216570339067528,1.7120448565073927,1.5949509542433236,0.0454486502774942,1.5636809093404305,1.6016992026986365,1.0
u82,2024-06-03T00:00:00.000000,1,0,1.8965081660980476,1.4251260997891164,1.3963504654534897,0.0370073104348002,1.5636809093404305,1.6016992026986365,1.0
u82,2024-06-10T00:00:00.000000,1,0,1.8242554906606043,1.530097341520432,0.24002208106284614,0.0005376858800012763,1.5636809093404305,1.6016992026986365,1.0
u82,2024-06-17T00:00:00.000000,1,0,0.739996749847217,1.4204044128039601,1.7699651626006705,0.021249085111064044,1.5636809093404305,1.6016992026986365,1.0
u82,2024-06-24T00:00:00.000000,1,0,1.6378116787895567,1.8275956652882206,0.8501976961312012,0.01507308339940085,1.5636809093404305,1.6016992026986365,1.0
u82,2024-07-01T00:00:00.000000,1,1,3.661136406893744,1.5363745359850758,0.35954836528134515,0.03877122263363372,1.5636809093404305,1.6016992026986365,1.0
u82,2024-07-08T00:00:00.000000,1,1,4.236232249343726,1.1535583504990474,1.6306136008213872,0.006266300488722537,1.5636809093404305,1.6016992026986365,1.0
u82,2024-07-15T00:00:00.000000,1,1,3.329338161655597,1.781664369124293,0.9797889328299033,0.03151177474864942,1.5636809093404305,1.6016992026986365,1.0
u82,2024-07-22T00:00:00.000000,1,1,3.482478782737322,1.5793078358523072,1.0602555436628338,0.0443109156694702,1.5636809093404305,1.6016992026986365,1.0
u82,2024-07-29T00:00:00.000000,1,1,3.5072811788853904,1.652189065617115,1.3582045636915334,0.005763538390287249,1.5636809093404305,1.6016992026986365,1.0
u82,2024-08-05T00:00:00.000000,1,1,3.2484817395704857,1.2519955968019318,0.9408024163892423,0.031766712152379216,1.5636809093404305,1.6016992026986365,1.0
u82,2024-08-12T00:00:00.000000,1,1,3.7152611641202613,1.3157995550259427,1.4221696596337234,0.029223554735574492,1.5636809093404305,1.6016992026986365,1.0
u83,2024-05-13T00:00:00.000000,1,0,2.5408186566317923,1.6431100011462059,0.8362510175236597,0.018173390986500983,2.836912583370614,1.7523748728487392,1.0
u83,2024-05-20T00:00:00.000000,1,0,2.9272500062262212,2.073647102974883,1.2450623800383624,0.01701503218332642,2.836912583370614,1.7523748728487392,1.0
u83,2024-05-27T00:00:00.000000,1,0,2.5401538518814104,1.9643255950123861,0.30720318231661947,0.03475191939049591,2.836912583370614,1.7523748728487392,1.0
u83,2024-06-03T00:00:00.000000,1,0,2.8969141758360903,1.222330163389104,0.6329959902875298,0.022105314727786374,2.836912583370614,1.7523748728487392,1.0
u83,2024-06-10T00:00:00.000000,1,0,2.765805421458684,1.8953760350474538,1.013725413144813,0.01104394174247701,2.836912583370614,1.7523748728487392,1.0
u83,2024-06-17T00:00:00.000000,1,0,2.815478962456332,1.758688006306722,1.6055517290151005,0.024941446221341052,2.836912583370614,1.7523748728487392,1.0
u83,2024-06-24T00:00:00.000000,1,0,2.5818503708288967,1.815007994315209,1.7689274666551014,0.03550834702493482,2.836912583370614,1.7523748728487392,1.0
u83,2024-07-01T00:00:00.000000,1,1,4.44120352827006,1.7547570760984654,0.33121154601077,0.034124464300103415,2.836912583370614,1.7523748728487392,1.0
u83,2024-07-08T00:00:00.000000,1,1,4.319222135827224,1.1302772598248716,0.9846561690131729,0.019369646488217686,2.836912583370614,1.7523748728487392,1.0
u83,2024-07-15T00:00:00.000000,1,1,5.179292374223725,1.576231288706451,1.6483142921988045,0.03744135002341724,2.836912583370614,1.7523748728487392,1.0
u83,2024-07-22T00:00:00.000000,1,1,4.9722654193279,1.6628821452074427,0.8750567293245499,0.019483559299143284,2.836912583370614,1.7523748728487392,1.0
u83,2024-07-29T00:00:00.000000,1,1,4.959520134577824,1.860910142160805,1.7715752665156543,0.0237191066455684,2.836912583370614,1.7523748728487392,1.0
u83,2024-08-05T00:00:00.000000,1,1,4.698332026590505,1.4866958317561172,1.0214244754628685,0.03583326852322644,2.836912583370614,1.7523748728487392,1.0
u83,2024-08-12T00:00:00.000000,1,1,4.666379958255289,1.7392142086343023,1.296596771977345,0.03937812812698521,2.836912583370614,1.7523748728487392,1.0
u84,2024-05-13T00:00:00.000000,1,0,1.6815391280433474,1.4953813134550635,1.4762841802013225,0.03158341927899679,1.6290933299371053,1.9668788052525268,1.0
u84,2024-05-20T00:00:00.000000,1,0,1.8032801157712008,1.691258536945722,0.20136686645584556,0.02976078442583248,1.6290933299371053,1.9668788052525268,1.0
u84,2024-05-27T00:00:00.000000,1,0,2.070010459289669,1.8497160838853501,1.6212764579228993,0.02975904865945511,1.6290933299371053,1.9668788052525268,1.0
u84,2024-06-03T00:00:00.000000,1,0,1.4933076480409222,1.9177687722123895,1.4131508276213045,0.011390557554319204,1.6290933299371053,1.9668788052525268,1.0
u84,2024-06-10T00:00:00.000000,1,0,1.2343942633547755,1.5774177721145635,1.9632165227709175,0.011389359548060236,1.6290933299371053,1.9668788052525268,1.0
u84,2024-06-17T00:00:00.000000,1,0,1.1447489537099886,1.820049255929593,0.5616731377293563,0.01804513967456415,1.6290933299371053,1.9668788052525268,1.0
u84,2024-06-24T00:00:00.000000,1,0,1.9892194499101654,2.0475964193087473,0.40223633417225424,0.02431792116333095,1.6290933299371053,1.9668788052525268,1.0
u84,2024-07-01T00:00:00.000000,1,1,3.1682678422236883,1.7390475901456706,0.1175539506951741,0.018522479559897397,1.6290933299371053,1.9668788052525268,1.0
u84,2024-07-08T00:00:00.000000,1,1,3.8998035550777015,2.0930012777491935,1.2803430386059607,0.0313327591001677,1.6290933299371053,1.9668788052525268,1.0
u84,2024-07-15T00:00:00.000000,1,1,3.5326905709259315,1.9266408525535768,1.758330510791256,0.02910835341222892,1.6290933299371053,1.9668788052525268,1.0
u84,2024-07-22T00:00:00.000000,1,1,3.558690285160427,2.2092285866917583,0.49573198942802976,0.0405940750353964,1.6290933299371053,1.9668788052525268,1.0
u84,2024-07-29T00:00:00.000000,1,1,3.4703817806668136,1.92222086084173,0.5254753442153693,0.015537013388822846,1.6290933299371053,1.9668788052525268,1.0
u84,2024-08-05T00:00:00.000000,1,1,3.8289795146910484,2.068553870256116,0.7323302070329405,0.031655286853231775,1.6290933299371053,1.9668788052525268,1.0
u84,2024-08-12T00:00:00.000000,1,1,3.359261258066379,1.9003594730982243,0.29588899316208894,0.0003439005517166527,1.6290933299371053,1.9668788052525268,1.0
u85,2024-05-13T00:00:00.000000,1,0,3.9417143010184064,1.9307533832419366,0.5247337915945434,0.0084194824322688,4.347253078837399,2.170555461744939,1.0
u85,2024-05-20T00:00:00.000000,1,0,4.62834377751416,2.2862351013483067,1.268937096017055,0.010907459228051575,4.347253078837399,2.170555461744939,1.0
u85,2024-05-27T00:00:00.000000,1,0,4.184858772206704,2.2249556831215767,0.4166086717541013,0.002192914170895799,4.347253078837399,2.170555461744939,1.0
u85,2024-06-03T00:00:00.000000,1,0,4.479660686596384,2.1008009255046787,1.3364816875908712,0.03509408602072957,4.347253078837399,2.170555461744939,1.0
u85,2024-06-10T00:00:00.000000,1,0,4.2956954391413,2.40642302368878,1.110379802240758,0.010218284687459845,4.347253078837399,2.170555461744939,1.0
u85,2024-06-17T00:00:00.000000,1,0,4.016611970058342,2.0038362851309595,0.6534002067572486,0.02532723891615027,4.347253078837399,2.170555461744939,1.0
u85,2024-06-24T00:00:00.000000,1,0,4.531646293261946,2.4215871450858835,0.9311447409498421,0.04597366542550457,4.347253078837399,2.170555461744939,1.0
u85,2024-07-01T00:00:00.000000,1,1,5.722580705748436,2.1846733768284063,1.2960814856665313,0.03175039579304032,4.347253078837399,2.170555461744939,1.0
u85,2024-07-08T00:00:00.000000,1,1,6.979125168148399,2.418674770983553,0.7120014020277989,0.029600144372443515,4.347253078837399,2.170555461744939,1.0
u85,2024-07-15T00:00:00.000000,1,1,6.193354654078376,2.1515865403592387,1.7181194699638223,0.0023212022388811094,4.347253078837399,2.170555461744939,1.0
u85,2024-07-22T00:00:00.000000,1,1,6.4543257336021105,1.9528939031340005,0.4765253362826276,0.04478654191325742,4.347253078837399,2.170555461744939,1.0
u85,2024-07-29T00:00:00.000000,1,1,5.828531734814724,2.160286890075945,1.549681511732767,0.012037147676209697,4.347253078837399,2.170555461744939,1.0
u85,2024-08-05T00:00:00.000000,1,1,6.2460101578994145,2.3361431152343806,0.8561060759135218,0.012289233824946172,4.347253078837399,2.170555461744939,1.0
u85,2024-08-12T00:00:00.000000,1,1,5.922703046792645,2.3950674357748087,1.6782061712674283,0.00795588735452364,4.347253078837399,2.170555461744939,1.0
u86,2024-05-13T00:00:00.000000,1,0,5.1161894325856805,0.6492033854459031,0.3285428587965773,0.04084100337395507,4.911100813741764,0.8314656831926375,1.0
u86,2024-05-20T00:00:00.000000,1,0,4.795349181358278,0.6978116821315778,1.1443042403171693,0.030132032616289252,4.911100813741764,0.8314656831926375,1.0
u86,2024-05-27T00:00:00.000000,1,0,5.121002796347622,0.6407515202538321,0.406265261554392,0.015102562970792594,4.911100813741764,0.8314656831926375,1.0
u86,2024-06-03T00:00:00.000000,1,0,4.831775199924353,0.6800837086396245,1.0746134559714713,0.03117875738513422,4.911100813741764,0.8314656831926375,1.0
u86,2024-06-10T00:00:00.000000,1,0,5.326618701856356,0.9023614741917289,1.0560366234412046,0.01471614874174168,4.911100813741764,0.8314656831926375,1.0
u86,2024-06-17T00:00:00.000000,1,0,5.250091931974031,0.6655020067511316,1.0608940056502754,0.04921570058909194,4.911100813741764,0.8314656831926375,1.0
u86,2024-06-24T00:00:00.000000,1,0,5.248031446820033,1.2444705347328087,0.384072305029744,0.01749996163539863,4.911100813741764,0.8314656831926375,1.0
u86,2024-07-01T00:00:00.000000,1,1,7.093767968714873,0.6506478499628214,1.204567484345082,0.02083505117840036,4.911100813741764,0.8314656831926375,1.0
u86,2024-07-08T00:00:00.000000,1,1,6.987467051395582,0.7338439281249172,0.8858459665564841,0.039196326787558314,4.911100813741764,0.8314656831926375,1.0
u86,2024-07-15T00:00:00.000000,1,1,6.788261147988054,0.609618256472036,0.6518936354149052,0.020611532484384843,4.911100813741764,0.8314656831926375,1.0
u86,2024-07-22T00:00:00.000000,1,1,6.857669773695874,0.5487639635430004,0.7922784355368407,0.049741158670711175,4.911100813741764,0.8314656831926375,1.0
u86,2024-07-29T00:00:00.000000,1,1,6.777191267233233,0.7074259922818543,1.3225782448918586,0.04139620735782862,4.911100813741764,0.8314656831926375,1.0
u86,2024-08-05T00:00:00.000000,1,1,7.249130256220075,0.6889847085222054,0.6596565424361587,0.0011400123787484728,4.911100813741764,0.8314656831926375,1.0
u86,2024-08-12T00:00:00.000000,1,1,6.397639001186797,1.2115737342794595,0.956025630472153,0.008235307024543215,4.911100813741764,0.8314656831926375,1.0
u87,2024-05-13T00:00:00.000000,1,0,1.6479962635619019,1.7934195328613212,1.2630847638480769,0.037668430697527275,1.796369328210384,1.6279690026332208,1.0
u87,2024-05-20T00:00:00.000000,1,0,1.6272069252446466,1.4925094142198145,1.860144104912659,0.030073376758723975,1.796369328210384,1.6279690026332208,1.0
u87,2024-05-27T00:00:00.000000,1,0,1.6933925996593242,1.7841052206183763,1.0616814957171308,0.03113148370403969,1.796369328210384,1.6279690026332208,1.0
u87,2024-06-03T00:00:00.000000,1,0,1.718983700238065,1.5680718244748977,1.1531664570312363,0.027627396988648995,1.796369328210384,1.6279690026332208,1.0
u87,2024-06-10T00:00:00.000000,1,0,1.8667631845218118,1.309839062979337,0.5062544941052386,0.04583475390426749,1.796369328210384,1.6279690026332208,1.0
u87,2024-06-17T00:00:00.000000,1,0,1.5517833995720238,1.6883772336532856,0.4328522547770116,0.010975207547417154,1.796369328210384,1.6279690026332208,1.0
u87,2024-06-24T00:00:00.000000,1,0,1.3729081518375286,1.9628553391122798,0.20524491725906552,0.0019942801356572005,1.796369328210384,1.6279690026332208,1.0
u87,2024-07-01T00:00:00.000000,1,1,3.516187192416505,1.5258808328517648,1.2808130593167737,0.028147892689314575,1.796369328210384,1.6279690026332208,1.0
u87,2024-07-08T00:00:00.000000,1,1,3.563343982128488,1.8466759202764742,0.7292386654280516,0.04174722063264734,1.796369328210384,1.6279690026332208,1.0
u87,2024-07-15T00:00:00.000000,1,1,3.6684788518062437,1.1031356471329374,1.799149612013411,0.013840164369552356,1.796369328210384,1.6279690026332208,1.0
u87,2024-07-22T00:00:00.000000,1,1,4.043792152174774,1.2507080170365448,1.0004750067755483,0.010866590107917396,1.796369328210384,1.6279690026332208,1.0
u87,2024-07-29T00:00:00.000000,1,1,4.171982397319983,1.6174247274323932,0.7170290212375359,0.029476529726838143,1.796369328210384,1.6279690026332208,1.0
u87,2024-08-05T00:00:00.000000,1,1,4.010283597771744,1.4737364502132317,1.983280058474877,0.04697625199898389,1.796369328210384,1.6279690026332208,1.0
u87,2024-08-12T00:00:00.000000,1,1,3.7980286697991654,1.4631091609897,1.3328091745878605,0.03667453987649684,1.796369328210384,1.6279690026332208,1.0
u88,2024-05-13T00:00:00.000000,1,0,2.4198147359131372,2.0797297084762123,1.2887973014947127,0.04186051074308275,2.148674697092707,2.2895890756589736,1.0
u88,2024-05-20T00:00:00.000000,1,0,2.2744348795798883,2.319233694895669,0.19213970631673627,0.009605711212460566,2.148674697092707,2.2895890756589736,1.0
u88,2024-05-27T00:00:00.000000,1,0,2.1580282316920956,2.286019348000495,1.1037973515796853,0.03289458907029974,2.148674697092707,2.2895890756589736,1.0
u88,2024-06-03T00:00:00.000000,1,0,2.170535168441254,2.296470574856079,1.3803931933745106,0.002714554387395629,2.148674697092707,2.2895890756589736,1.0
u88,2024-06-10T00:00:00.000000,1,0,1.8557591347628293,2.245942386749539,1.1079027341876018,0.04474589411927604,2.148674697092707,2.2895890756589736,1.0
u88,2024-06-17T00:00:00.000000,1,0,1.512943515027507,2.4677710386448655,1.3950606118410709,0.006120442386523351,2.148674697092707,2.2895890756589736,1.0
u88,2024-06-24T00:00:00.000000,1,0,2.0052252197378606,2.2798203585121715,1.9510195823871013,0.022152599967917352,2.148674697092707,2.2895890756589736,1.0
u88,2024-07-01T00:00:00.000000,1,1,4.520329662494745,2.2973980927718856,1.1314611473810978,0.012865232722751524,2.148674697092707,2.2895890756589736,1.0
u88,2024-07-08T00:00:00.000000,1,1,4.403030184982744,2.1524827530883632,0.9724363695516889,0.008506220280782507,2.148674697092707,2.2895890756589736,1.0
u88,2024-07-15T00:00:00.000000,1,1,4.178587809989934,2.2454253185489077,1.866780633510635,0.003648067058006788,2.148674697092707,2.2895890756589736,1.0
u88,2024-07-22T00:00:00.000000,1,1,3.8559231959222044,2.1427993173361872,0.5656905364365619,0.048134692608624886,2.148674697092707,2.2895890756589736,1.0
u88,2024-07-29T00:00:00.000000,1,1,4.240075546829255,2.385549539669289,0.9525898868908924,0.018755682653778513,2.148674697092707,2.2895890756589736,1.0
u88,2024-08-05T00:00:00.000000,1,1,4.301449092416632,2.239037537552089,0.33307959226276984,0.005118516500756138,2.148674697092707,2.2895890756589736,1.0
u88,2024-08-12T00:00:00.000000,1,1,3.864555848964521,2.085171626463634,0.29556951521100083,0.02402568574096743,2.148674697092707,2.2895890756589736,1.0
u89,2024-05-13T00:00:00.000000,1,0,2.501238542372137,0.42206867313129004,0.5481952829458774,0.04001242218044338,2.4902706430518746,0.5853773983706343,1.0
u89,2024-05-20T00:00:00.000000,1,0,2.412247681215375,0.7071353526764856,0.8695507803518578,0.03562406418799334,2.4902706430518746,0.5853773983706343,1.0
u89,2024-05-27T00:00:00.000000,1,0,2.493443204710597,0.7444484811292497,0.3046093323621366,0.02188059453275254,2.4902706430518746,0.5853773983706343,1.0
u89,2024-06-03T00:00:00.000000,1,0,2.7312649101391546,0.5454065859504094,0.6572196374760446,0.015297149821528744,2.4902706430518746,0.5853773983706343,1.0
u89,2024-06-10T00:00:00.000000,1,0,2.541642890432046,0.3008516686206844,1.3408208102075032,0.02546949418079962,2.4902706430518746,0.5853773983706343,1.0
u89,2024-06-17T00:00:00.000000,1,0,2.337133282943331,0.8817245172790598,1.6615538795075306,0.023965234135889288,2.4902706430518746,0.5853773983706343,1.0
u89,2024-06-24T00:00:00.000000,1,0,2.5692982215475224,0.6016549656556498,1.6276641789298942,0.0375863162386775,2.4902706430518746,0.5853773983706343,1.0
u89,2024-07-01T00:00:00.000000,1,1,4.494186820754507,0.31195462156378767,0.9035212752803045,0.021331749877722534,2.4902706430518746,0.5853773983706343,1.0
u89,2024-07-08T00:00:00.000000,1,1,4.614314506268591,0.6776474207677755,1.2116306365764227,0.007743220571441795,2.4902706430518746,0.5853773983706343,1.0
u89,2024-07-15T00:00:00.000000,1,1,4.4356469642473195,0.011453393399642908,0.19450365449003013,0.016394046038989193,2.4902706430518746,0.5853773983706343,1.0
u89,2024-07-22T00:00:00.000000,1,1,3.9857289160635707,0.6079156384537423,1.0317569927933037,0.0478169970036709,2.4902706430518746,0.5853773983706343,1.0
u89,2024-07-29T00:00:00.000000,1,1,4.490915367180181,0.32457414692505004,1.7334491228961915,0.019093770608441175,2.4902706430518746,0.5853773983706343,1.0
u89,2024-08-05T00:00:00.000000,1,1,4.50425869589008,0.8562374914717588,1.4673996033065826,0.008889305379038731,2.4902706430518746,0.5853773983706343,1.0
u89,2024-08-12T00:00:00.000000,1,1,4.29608726582568,0.684363659275294,0.6750603125247161,0.04930806619778136,2.4902706430518746,0.5853773983706343,1.0
u90,2024-05-13T00:00:00.000000,1,0,2.6875765926932877,0.7945833192115226,1.15416826071548,0.015356564683101443,2.20269206662417,0.759225791658892,1.0
u90,2024-05-20T00:00:00.000000,1,0,1.635872790261994,0.5393334143027912,0.9518797389240715,0.04313320628765456,2.20269206662417,0.759225791658892,1.0
u90,2024-05-27T00:00:00.000000,1,0,2.420611020583858,0.7408172839346862,1.208637747792195,0.049569902444281055,2.20269206662417,0.759225791658892,1.0
u90,2024-06-03T00:00:00.000000,1,0,2.820621836426092,0.721476051286017,0.27586198360283243,0.027700975103535527,2.20269206662417,0.759225791658892,1.0
u90,2024-06-10T00:00:00.000000,1,0,1.680453137220288,0.6260353125070337,0.7373472593035959,0.0006128400932513601,2.20269206662417,0.759225791658892,1.0
u90,2024-06-17T00:00:00.000000,1,0,2.1845977906900442,1.3584736107385207,0.44947545969113745,0.01408834789131766,2.20269206662417,0.759225791658892,1.0
u90,2024-06-24T00:00:00.000000,1,0,2.387644389364511,0.7589113907650528,1.312592803300789,0.017251399342130738,2.20269206662417,0.759225791658892,1.0
u90,2024-07-01T00:00:00.000000,1,1,4.234637925004974,0.8615055908937664,1.8440907530834525,0.020344297995742684,2.20269206662417,0.759225791658892,1.0
u90,2024-07-08T00:00:00.000000,1,1,4.626474436815039,0.9466191000417604,1.304948109250849,0.04319124751318775,2.20269206662417,0.759225791658892,1.0
u90,2024-07-15T00:00:00.000000,1,1,4.022690484210834,0.715299561275409,0.3781406748837939,0.030113742767389647,2.20269206662417,0.759225791658892,1.0
u90,2024-07-22T00:00:00.000000,1,1,3.9219721068688647,0.5215860538348246,0.7532322515683162,0.03829203427983457,2.20269206662417,0.759225791658892,1.0
u90,2024-07-29T00:00:00.000000,1,1,3.7617924340030786,0.5591206548274136,0.40557008838498354,0.01789050162076782,2.20269206662417,0.759225791658892,1.0
u90,2024-08-05T00:00:00.000000,1,1,4.3166177231737795,0.9072704043800295,1.36512204207679,0.0414714280081602,2.20269206662417,0.759225791658892,1.0
u90,2024-08-12T00:00:00.000000,1,1,4.363920997665893,0.6164267722119562,0.1804449561574344,0.04343728879017667,2.20269206662417,0.759225791658892,1.0
u91,2024-05-13T00:00:00.000000,1,0,3.398627193568029,0.6392866722008688,1.5226012871432162,0.03330893260575113,3.120933807149801,1.0347424172743414,1.0
u91,2024-05-20T00:00:00.000000,1,0,3.4241682223515215,1.112174773097614,1.531000236139665,0.03288781617919852,3.120933807149801,1.0347424172743414,1.0
u91,2024-05-27T00:00:00.000000,1,0,3.2310771202156627,0.9723928354934309,1.8637835528845352,0.029781870900512,3.120933807149801,1.0347424172743414,1.0
u91,2024-06-03T00:00:00.000000,1,0,2.9584610486115177,1.4437070669696705,1.6562497980533728,0.03223026699171668,3.120933807149801,1.0347424172743414,1.0
u91,2024-06-10T00:00:00.000000,1,0,2.8561595271447784,1.1019115518515061,1.810353200699208,0.04422490740522505,3.120933807149801,1.0347424172743414,1.0
u91,2024-06-17T00:00:00.000000,1,0,3.3755937679603223,0.8949897335113781,1.5897157245173437,0.04141125136571608,3.120933807149801,1.0347424172743414,1.0
u91,2024-06-24T00:00:00.000000,1,0,3.4374206355655894,1.0628506162579494,1.9943500871144286,0.001510960187567495,3.120933807149801,1.0347424172743414,1.0
u91,2024-07-01T00:00:00.000000,1,1,5.437293916112425,1.0997179421557066,1.3953997497423318,0.012781387198454487,3.120933807149801,1.0347424172743414,1.0
u91,2024-07-08T00:00:00.000000,1,1,5.548831900219811,1.3766493403995952,1.6751726859281966,0.010955833704231727,3.120933807149801,1.0347424172743414,1.0
u91,2024-07-15T00:00:00.000000,1,1,4.74423574526113,1.1321747808394753,0.45899692587815866,0.01189932438163014,3.120933807149801,1.0347424172743414,1.0
u91,2024-07-22T00:00:00.000000,1,1,5.1926814125229726,1.1393823067282915,0.4624458096866618,0.02277654530949576,3.120933807149801,1.0347424172743414,1.0
u91,2024-07-29T00:00:00.000000,1,1,5.280409602872625,0.837811900275866,0.8365879115956284,0.04891851111112383,3.120933807149801,1.0347424172743414,1.0
u91,2024-08-05T00:00:00.000000,1,1,4.519923068329742,1.1828709592429563,0.8821242020866746,0.015609003630339813,3.120933807149801,1.0347424172743414,1.0
u91,2024-08-12T00:00:00.000000,1,1,5.453438080513813,0.9108789523497018,0.17758763494957416,0.03409083628231595,3.120933807149801,1.0347424172743414,1.0
u92,2024-05-13T00:00:00.000000,1,0,1.2641580776516994,1.1877646068551537,1.4857658454090654,0.017732778802818233,1.4054202415664276,1.27578240897258,1.0
u92,2024-05-20T00:00:00.000000,1,0,1.520281582177869,1.0768209615436297,1.6544145451985879,0.013382436752992622,1.4054202415664276,1.27578240897258,1.0
u92,2024-05-27T00:00:00.000000,1,0,1.5192235463206116,1.086804485452128,0.45859185325162877,0.03636542798137155,1.4054202415664276,1.27578240897258,1.0
u92,2024-06-03T00:00:00.000000,1,0,1.9366595580846964,1.3718439724174174,1.9238905967543574,0.007387672253605371,1.4054202415664276,1.27578240897258,1.0
u92,2024-06-10T00:00:00.000000,1,0,2.1336618548677104,1.2962669711163624,1.0299168085909853,0.03927220111670854,1.4054202415664276,1.27578240897258,1.0
u92,2024-06-17T00:00:00.000000,1,0,1.3927944260755116,1.3996954501976886,1.3273799743857213,0.04753244395744678,1.4054202415664276,1.27578240897258,1.0
u92,2024-06-24T00:00:00.000000,1,0,1.1625650044272478,1.4734392895931117,1.2419010467777885,0.017865449143858743,1.4054202415664276,1.27578240897258,1.0
u92,2024-07-01T00:00:00.000000,1,1,3.946599386542288,1.3027062962370992,0.9111705335560389,0.036583639173389464,1.4054202415664276,1.27578240897258,1.0
u92,2024-07-08T00:00:00.000000,1,1,3.6193410261219037,1.0792913572390617,0.4879584153198079,0.04719738047623613,1.4054202415664276,1.27578240897258,1.0
u92,2024-07-15T00:00:00.000000,1,1,3.3522378431212276,1.2704964180244405,1.6425646101160465,0.040935091385150724,1.4054202415664276,1.27578240897258,1.0
u92,2024-07-22T00:00:00.000000,1,1,3.804382216091957,0.8894751876979067,0.6140252945022904,0.041332436949514384,1.4054202415664276,1.27578240897258,1.0
u92,2024-07-29T00:00:00.000000,1,1,2.9474444845601226,1.1448032807105855,0.9466400564325245,0.0002925011336803618,1.4054202415664276,1.27578240897258,1.0
u92,2024-08-05T00:00:00.000000,1,1,3.8937764321746466,1.6803002899055601,0.4316495287930153,0.046582793094651874,1.4054202415664276,1.27578240897258,1.0
u92,2024-08-12T00:00:00.000000,1,1,3.5730595972091224,1.3533075632755296,1.3273003847420821,0.0095961354257672,1.4054202415664276,1.27578240897258,1.0
u93,2024-05-13T00:00:00.000000,1,0,0.4678538980495337,2.278026894949988,1.5058927700454454,0.002760111660403558,0.7859000673290139,2.118882678773878,1.0
u93,2024-05-20T00:00:00.000000,1,0,1.1253273784798328,2.1564974856336856,0.36864751334775536,0.025919032363848446,0.7859000673290139,2.118882678773878,1.0
u93,2024-05-27T00:00:00.000000,1,0,0.18042684158911326,2.1028029999927034,0.2195670246440385,0.04722404281613737,0.7859000673290139,2.118882678773878,1.0
u93,2024-06-03T00:00:00.000000,1,0,1.2161055527508706,2.21972418248077,0.3437537063165091,0.010479822416338824,0.7859000673290139,2.118882678773878,1.0
u93,2024-06-10T00:00:00.000000,1,0,0.8747509427176359,2.3171698974373807,1.9978401567441977,0.001296311404547207,0.7859000673290139,2.118882678773878,1.0
u93,2024-06-17T00:00:00.000000,1,0,0.7844515556460309,2.2924959785441126,0.7956970988245977,0.044191861804931586,0.7859000673290139,2.118882678773878,1.0
u93,2024-06-24T00:00:00.000000,1,0,0.6571126561647522,2.0921167072228712,0.3720396259234908,0.020605241759053674,0.7859000673290139,2.118882678773878,1.0
u93,2024-07-01T00:00:00.000000,1,1,3.362988233455829,2.054098183988168,1.3601522541700475,0.011857143159554601,0.7859000673290139,2.118882678773878,1.0
u93,2024-07-08T00:00:00.000000,1,1,2.6208953938172472,2.481817748559672,0.5759671685690907,0.048216204344243146,0.7859000673290139,2.118882678773878,1.0
u93,2024-07-15T00:00:00.000000,1,1,3.0109604048129093,2.1803043512903626,0.5843117172248838,0.008560247112171288,0.7859000673290139,2.118882678773878,1.0
u93,2024-07-22T00:00:00.000000,1,1,2.8086375323183197,2.298354970577883,1.2894928667662784,0.04374495352782473,0.7859000673290139,2.118882678773878,1.0
u93,2024-07-29T00:00:00.000000,1,1,3.202344552287543,2.0555581177615068,0.8600474919903845,0.039298341072531356,0.7859000673290139,2.118882678773878,1.0
u93,2024-08-05T00:00:00.000000,1,1,3.1534485038589706,1.985452576020204,1.1206555932213633,0.023404269072779663,0.7859000673290139,2.118882678773878,1.0
u93,2024-08-12T00:00:00.000000,1,1,3.2441596867561904,2.34808074043639,1.9641126776785223,0.008802165994662782,0.7859000673290139,2.118882678773878,1.0
u94,2024-05-13T00:00:00.000000,1,0,1.848666007368961,0.3231114081296569,0.5741586458504563,0.02147116915107641,1.3673430085583547,0.6076315378862603,1.0
u94,2024-05-20T00:00:00.000000,1,0,1.1187767625282738,0.6650936584014588,1.8389669744577226,0.015317311858885291,1.3673430085583547,0.6076315378862603,1.0
u94,2024-05-27T00:00:00.000000,1,0,1.7200486295276596,0.25501441903947447,1.6987205171733644,0.02594071245769,1.3673430085583547,0.6076315378862603,1.0
u94,2024-06-03T00:00:00.000000,1,0,1.586791301499815,0.34294645253361944,1.5291136270424368,0.014893742132155292,1.3673430085583547,0.6076315378862603,1.0
u94,2024-06-10T00:00:00.000000,1,0,1.71406831980788,0.29058061336470725,0.10199874786473746,0.04809078707001397,1.3673430085583547,0.6076315378862603,1.0
u94,2024-06-17T00:00:00.000000,1,0,1.5189918218208371,0.7630748451774856,1.2397937087868605,0.02753207304097014,1.3673430085583547,0.6076315378862603,1.0
u94,2024-06-24T00:00:00.000000,1,0,1.6455109542649917,0.879811855381671,1.2811699837790413,0.03354606802769807,1.3673430085583547,0.6076315378862603,1.0
u94,2024-07-01T00:00:00.000000,1,1,3.6548963846923868,0.5558862606087729,0.22226306613236577,0.017511509828394313,1.3673430085583547,0.6076315378862603,1.0
u94,2024-07-08T00:00:00.000000,1,1,3.007490360291028,0.5719612509840799,1.7701073811251669,0.015137742912282615,1.3673430085583547,0.6076315378862603,1.0
u94,2024-07-15T00:00:00.000000,1,1,3.179353540704595,0.47071480012068934,0.38361572505834907,0.04647187133388496,1.3673430085583547,0.6076315378862603,1.0
u94,2024-07-22T00:00:00.000000,1,1,4.0535780087542985,0.3061352979305054,0.4318996093492189,0.046637303800372905,1.3673430085583547,0.6076315378862603,1.0
u94,2024-07-29T00:00:00.000000,1,1,3.672986381520378,0.41992262842441375,0.3967139247227037,0.009705084617438887,1.3673430085583547,0.6076315378862603,1.0
u94,2024-08-05T00:00:00.000000,1,1,3.344483326942414,0.6722710572580018,0.13562611479893041,0.025061659476313815,1.3673430085583547,0.6076315378862603,1.0
u94,2024-08-12T00:00:00.000000,1,1,2.9683757018261803,0.7531887679482983,0.34350831422684996,0.049111541478281895,1.3673430085583547,0.6076315378862603,1.0
u95,2024-05-13T00:00:00.000000,1,0,3.5351160318974375,2.841124307111691,0.8306717275487485,0.01621699966018197,3.54532383270236,2.581933769454838,1.0
u95,2024-05-20T00:00:00.000000,1,0,3.28421972740513,2.933487062791002,1.9061179296932773,0.02843299089241612,3.54532383270236,2.581933769454838,1.0
u95,2024-05-27T00:00:00.000000,1,0,3.716334091527567,2.21072963147748,1.2660562517792464,0.021336489978845626,3.54532383270236,2.581933769454838,1.0
u95,2024-06-03T00:00:00.000000,1,0,3.815093154245693,2.693557171844769,0.11792788249253605,0.028491994411600427,3.54532383270236,2.581933769454838,1.0
u95,2024-06-10T00:00:00.000000,1,0,3.503301200334872,2.386886507104311,0.8860711799619582,0.02872338296356792,3.54532383270236,2.581933769454838,1.0
u95,2024-06-17T00:00:00.000000,1,0,3.9883664220618225,2.6562872975654104,0.22787773427109329,0.04486418337665508,3.54532383270236,2.581933769454838,1.0
u95,2024-06-24T00:00:00.000000,1,0,3.4018406912999017,2.6766681476181984,1.1574554798697965,0.002877801797197727,3.54532383270236,2.581933769454838,1.0
u95,2024-07-01T00:00:00.000000,1,1,5.226966175901734,2.405608232959578,1.4471828974454308,0.0023562458297786194,3.54532383270236,2.581933769454838,1.0
u95,2024-07-08T00:00:00.000000,1,1,5.249626982012356,2.716056631556122,1.338240127860905,0.03135629876560615,3.54532383270236,2.581933769454838,1.0
u95,2024-07-15T00:00:00.000000,1,1,5.9704071574395545,2.7434312162594274,1.6877031922013166,0.030279582179738695,3.54532383270236,2.581933769454838,1.0
u95,2024-07-22T00:00:00.000000,1,1,5.334160030387421,2.3847587744563286,0.6923657716780423,0.03208228394558164,3.54532383270236,2.581933769454838,1.0
u95,2024-07-29T00:00:00.000000,1,1,4.838958648414792,2.540448122115476,1.2546214678950796,0.03674248269924684,3.54532383270236,2.581933769454838,1.0
u95,2024-08-05T00:00:00.000000,1,1,5.651049646405372,2.4617944439009705,0.676950992508751,0.021063678027576194,3.54532383270236,2.581933769454838,1.0
u95,2024-08-12T00:00:00.000000,1,1,5.314760095764937,2.483328918378354,0.23514611806862545,0.005660864150352579,3.54532383270236,2.581933769454838,1.0
u96,2024-05-13T00:00:00.000000,1,0,3.2255116289874426,0.832512493838612,1.1691358007826556,0.019572433179342014,3.5091264327953873,0.9352028912484338,1.0
u96,2024-05-20T00:00:00.000000,1,0,3.6368408111708597,1.0156759609323982,0.8135633206692655,0.03113570070438572,3.5091264327953873,0.9352028912484338,1.0
u96,2024-05-27T00:00:00.000000,1,0,3.900447961875557,0.6269882919481549,0.2544029185002926,0.021730214205930506,3.5091264327953873,0.9352028912484338,1.0
u96,2024-06-03T00:00:00.000000,1,0,3.3881378389192,0.9501991348464011,0.9453115541369803,0.029538687431876744,3.5091264327953873,0.9352028912484338,1.0
u96,2024-06-10T00:00:00.000000,1,0,3.212871098840779,1.0708834663077604,0.48554758781691376,0.045593579133350985,3.5091264327953873,0.9352028912484338,1.0
u96,2024-06-17T00:00:00.000000,1,0,3.763786209586019,0.9031275640593811,1.5187772649544167,0.02092653885183266,3.5091264327953873,0.9352028912484338,1.0
u96,2024-06-24T00:00:00.000000,1,0,3.5742149798797445,0.8896673654112682,0.3470882361612456,0.010496715654679734,3.5091264327953873,0.9352028912484338,1.0
u96,2024-07-01T00:00:00.000000,1,1,5.69216558393452,0.9265127643466486,1.7945875834994516,0.0328584879212085,3.5091264327953873,0.9352028912484338,1.0
u96,2024-07-08T00:00:00.000000,1,1,5.16275074846749,0.7563462868720234,1.7508142229418302,0.01808423375110751,3.5091264327953873,0.9352028912484338,1.0
u96,2024-07-15T00:00:00.000000,1,1,5.145463425671357,0.9617168332275643,1.8172023453481438,0.008245770430430677,3.5091264327953873,0.9352028912484338,1.0
u96,2024-07-22T00:00:00.000000,1,1,5.147921358644569,0.9221705676202956,0.8030945450139546,0.04337907623079882,3.5091264327953873,0.9352028912484338,1.0
u96,2024-07-29T00:00:00.000000,1,1,5.805323361003473,1.0027015190122017,1.2096918752695605,0.021028400501865625,3.5091264327953873,0.9352028912484338,1.0
u96,2024-08-05T00:00:00.000000,1,1,5.461720064171335,1.0473085463030027,0.471026642392521,0.03846649797590762,3.5091264327953873,0.9352028912484338,1.0
u96,2024-08-12T00:00:00.000000,1,1,5.558370640818315,0.9844585095472055,0.30057437877683457,0.026720947612092302,3.5091264327953873,0.9352028912484338,1.0
u97,2024-05-13T00:00:00.000000,1,0,4.473781456342157,2.7963881953479226,1.8112952295482616,0.042704437331610556,4.350224572686253,2.298537361543251,1.0
u97,2024-05-20T00:00:00.000000,1,0,4.11826603763339,2.400360875353445,0.28470401179138505,0.003164181670101851,4.350224572686253,2.298537361543251,1.0
u97,2024-05-27T00:00:00.000000,1,0,4.312924726431582,2.3377237744320447,0.8876412457716059,0.0451931097988011,4.350224572686253,2.298537361543251,1.0
u97,2024-06-03T00:00:00.000000,1,0,3.8810801652896756,2.4227768734338313,1.2705657596882276,0.03861337016037292,4.350224572686253,2.298537361543251,1.0
u97,2024-06-10T00:00:00.000000,1,0,4.471796600078182,2.203639115657837,1.4034902588303417,0.005207150634851266,4.350224572686253,2.298537361543251,1.0
u97,2024-06-17T00:00:00.000000,1,0,4.466473327030592,2.3966110814236274,1.99383767897417,0.004916963343619485,4.350224572686253,2.298537361543251,1.0
u97,2024-06-24T00:00:00.000000,1,0,4.184616692238427,2.33012403131019,0.22227313526142517,0.0034280058032423733,4.350224572686253,2.298537361543251,1.0
u97,2024-07-01T00:00:00.000000,1,1,6.2940048064150576,2.100030800043813,1.7749700797423262,0.032525670106637684,4.350224572686253,2.298537361543251,1.0
u97,2024-07-08T00:00:00.000000,1,1,6.630629191555152,2.377165542172736,0.6675746974514203,0.013775541972742467,4.350224572686253,2.298537361543251,1.0
u97,2024-07-15T00:00:00.000000,1,1,6.293757816298674,2.155293538520998,1.8017769609475613,0.00779506446269862,4.350224572686253,2.298537361543251,1.0
u97,2024-07-22T00:00:00.000000,1,1,6.857171358818557,2.5669738204978945,1.3692665837775124,0.04570302901632258,4.350224572686253,2.298537361543251,1.0
u97,2024-07-29T00:00:00.000000,1,1,6.3238368573919,2.046312615273824,1.3166471801365196,0.03938763594329801,4.350224572686253,2.298537361543251,1.0
u97,2024-08-05T00:00:00.000000,1,1,6.419061515019652,2.392444634946416,0.22851515355582228,0.009157017292489012,4.350224572686253,2.298537361543251,1.0
u97,2024-08-12T00:00:00.000000,1,1,6.14530189052355,2.5887086974918825,1.9380852960268886,0.0018399700200058989,4.350224572686253,2.298537361543251,1.0
u98,2024-05-13T00:00:00.000000,1,0,2.230488992456797,2.4216201896141114,1.258028885470086,0.007143480927042873,2.221016755772382,2.327083571166389,1.0
u98,2024-05-20T00:00:00.000000,1,0,2.4197962008999574,1.9897882299283602,0.20100622629598258,0.004000971276330478,2.221016755772382,2.327083571166389,1.0
u98,2024-05-27T00:00:00.000000,1,0,2.341711373179367,1.4492606541934214,0.8852557480103281,0.017920364625104778,2.221016755772382,2.327083571166389,1.0
u98,2024-06-03T00:00:00.000000,1,0,1.6222444799364442,2.630961106295491,1.5179191445658118,0.04006586631079311,2.221016755772382,2.327083571166389,1.0
u98,2024-06-10T00:00:00.000000,1,0,2.21842216796871,1.8570893281174656,1.1013418936555133,0.011172230836491943,2.221016755772382,2.327083571166389,1.0
u98,2024-06-17T00:00:00.000000,1,0,2.330182856918854,2.4440490985783114,1.1430644204767368,0.03619636397765418,2.221016755772382,2.327083571166389,1.0
u98,2024-06-24T00:00:00.000000,1,0,2.4285759624735013,2.677034355055648,1.9892622771993609,0.023249991275175637,2.221016755772382,2.327083571166389,1.0
u98,2024-07-01T00:00:00.000000,1,1,3.7665484336091017,2.157890022806921,1.5013757063242643,0.04396129284067829,2.221016755772382,2.327083571166389,1.0
u98,2024-07-08T00:00:00.000000,1,1,4.339041497326539,2.041032914517915,0.9797506009688436,0.04099949738893864,2.221016755772382,2.327083571166389,1.0
u98,2024-07-15T00:00:00.000000,1,1,4.056569018319271,2.292579173969592,0.3169503677225882,0.038596106796732,2.221016755772382,2.327083571166389,1.0
u98,2024-07-22T00:00:00.000000,1,1,4.22323224801148,2.3608330902120267,1.8237974026127735,0.03297951784356093,2.221016755772382,2.327083571166389,1.0
u98,2024-07-29T00:00:00.000000,1,1,4.141713646592681,2.384322559677252,1.2499642855534114,0.038013764234317425,2.221016755772382,2.327083571166389,1.0
u98,2024-08-05T00:00:00.000000,1,1,4.316295223021885,2.2898493586335653,1.4811113350429455,0.035263227495351816,2.221016755772382,2.327083571166389,1.0
u98,2024-08-12T00:00:00.000000,1,1,4.05444897252132,2.404312951364827,1.53440905095576,0.0256880225475845,2.221016755772382,2.327083571166389,1.0
u99,2024-05-13T00:00:00.000000,1,0,0.34237868852247927,2.1778070979069937,1.6082180575345493,0.015012405431465077,0.8361190401491834,2.101228078874655,1.0
u99,2024-05-20T00:00:00.000000,1,0,0.6766819694571449,2.4803048039699886,0.8790959752623573,0.03479668012010844,0.8361190401491834,2.101228078874655,1.0
u99,2024-05-27T00:00:00.000000,1,0,0.5380135641963839,1.7544435982287228,0.4305763622322428,0.01831085424001287,0.8361190401491834,2.101228078874655,1.0
u99,2024-06-03T00:00:00.000000,1,0,1.0163425890146107,1.9220103173194991,0.5715265686120988,0.02626934664259234,0.8361190401491834,2.101228078874655,1.0
u99,2024-06-10T00:00:00.000000,1,0,0.7554112907811876,2.38867989496187,0.6669105822637521,0.016643337530817044,0.8361190401491834,2.101228078874655,1.0
u99,2024-06-17T00:00:00.000000,1,0,0.9107357182448892,2.02182191895891,0.2831476261930843,0.04369957946367731,0.8361190401491834,2.101228078874655,1.0
u99,2024-06-24T00:00:00.000000,1,0,0.752540308307322,2.330146746640131,0.4770347396012984,0.018849690948526867,0.8361190401491834,2.101228078874655,1.0
u99,2024-07-01T00:00:00.000000,1,1,2.5376387070042847,2.1466026824772024,1.178072491828869,0.023113768014014102,0.8361190401491834,2.101228078874655,1.0
u99,2024-07-08T00:00:00.000000,1,1,2.8861395910391914,1.941836548218414,0.5169995155333726,0.005005271438360526,0.8361190401491834,2.101228078874655,1.0
u99,2024-07-15T00:00:00.000000,1,1,2.950972752808727,2.615292475063575,1.7408401327228928,0.0011848701059367361,0.8361190401491834,2.101228078874655,1.0
u99,2024-07-22T00:00:00.000000,1,1,2.833745743111766,2.0087115160633395,1.6594808163782164,0.029070348814615815,0.8361190401491834,2.101228078874655,1.0
u99,2024-07-29T00:00:00.000000,1,1,2.8818091519133793,2.260682591108511,0.5796573915235231,0.030081918456943142,0.8361190401491834,2.101228078874655,1.0
u99,2024-08-05T00:00:00.000000,1,1,2.881523120246206,2.140284498572596,1.4954242773397786,0.03365131318559136,0.8361190401491834,2.101228078874655,1.0
u99,2024-08-12T00:00:00.000000,1,1,3.1803323446891265,1.8341367088026805,1.459533594523216,0.006414866146213893,0.8361190401491834,2.101228078874655,1.0
u100,2024-05-13T00:00:00.000000,1,0,1.2773116116345147,1.612205969350872,0.3944410869847952,0.008280859027020032,1.3781489924224177,1.983903556899068,1.0
u100,2024-05-20T00:00:00.000000,1,0,0.8436292426920876,2.2108100466385117,0.4351643222233884,0.03562483051816106,1.3781489924224177,1.983903556899068,1.0
u100,2024-05-27T00:00:00.000000,1,0,1.5532065199724203,2.1146400986613316,0.5246473800408044,0.039260306797159555,1.3781489924224177,1.983903556899068,1.0
u100,2024-06-03T00:00:00.000000,1,0,0.8325216616852422,1.683691670174765,0.17985821872078517,0.013028465821273795,1.3781489924224177,1.983903556899068,1.0
u100,2024-06-10T00:00:00.000000,1,0,1.4945900694148715,2.048839887544838,0.2612225761230898,0.04832381203441919,1.3781489924224177,1.983903556899068,1.0
u100,2024-06-17T00:00:00.000000,1,0,1.1164334599342798,2.031618778909162,1.709966182596455,0.001377381064572808,1.3781489924224177,1.983903556899068,1.0
u100,2024-06-24T00:00:00.000000,1,0,1.4746864031369662,1.3021611416047296,1.697478387986821,0.026458810961893092,1.3781489924224177,1.983903556899068,1.0
u100,2024-07-01T00:00:00.000000,1,1,3.1994380097983957,2.3693775079451136,0.1518968224353781,0.006918534644680174,1.3781489924224177,1.983903556899068,1.0
u100,2024-07-08T00:00:00.000000,1,1,3.232014249303129,2.3143019243877356,1.774638538274184,0.03177146363955418,1.3781489924224177,1.983903556899068,1.0
u100,2024-07-15T00:00:00.000000,1,1,3.7392836383300514,2.1009314483912833,0.3539929947482937,0.04805861954483413,1.3781489924224177,1.983903556899068,1.0
u100,2024-07-22T00:00:00.000000,1,1,4.139693961250803,2.0473856466589524,0.6178803225860824,0.013207033179072736,1.3781489924224177,1.983903556899068,1.0
u100,2024-07-29T00:00:00.000000,1,1,3.7712778426718727,1.8640640098924834,1.5766410173794296,0.043440084459677675,1.3781489924224177,1.983903556899068,1.0
u100,2024-08-05T00:00:00.000000,1,1,3.0229886336304252,1.880343556359474,0.11773568911804742,0.037342881156818275,1.3781489924224177,1.983903556899068,1.0
u100,2024-08-12T00:00:00.000000,1,1,3.5389468338999848,1.8014878548611093,0.42167053583695635,0.040969975356716426,1.3781489924224177,1.983903556899068,1.0
u101,2024-05-13T00:00:00.000000,1,0,4.0449670470906005,2.8818547284492038,0.5707808874354195,0.015471684302367473,4.17772498675225,2.6568681613082754,1.0
u101,2024-05-20T00:00:00.000000,1,0,4.8595226840202495,2.697939297758567,0.5556400341771812,0.01968856557002024,4.17772498675225,2.6568681613082754,1.0
u101,2024-05-27T00:00:00.000000,1,0,4.036722371047646,2.3780449925575926,1.4162088505070711,0.029716142239366163,4.17772498675225,2.6568681613082754,1.0
u101,2024-06-03T00:00:00.000000,1,0,4.084452985130478,2.581421026489021,0.1708222871867735,0.013209583161765105,4.17772498675225,2.6568681613082754,1.0
u101,2024-06-10T00:00:00.000000,1,0,4.009014471875293,2.4546616239676244,0.7999050569276774,0.03260242416024334,4.17772498675225,2.6568681613082754,1.0
u101,2024-06-17T00:00:00.000000,1,0,4.349443519161055,2.833548075094761,0.9701259193157435,0.00227903268337723,4.17772498675225,2.6568681613082754,1.0
u101,2024-06-24T00:00:00.000000,1,0,4.25949077364369,2.6030620644561435,1.1374992675433242,0.003764188313914363,4.17772498675225,2.6568681613082754,1.0
u101,2024-07-01T00:00:00.000000,1,1,6.062926908492989,2.3910084167239156,0.12742612528014197,0.0077797778542122616,4.17772498675225,2.6568681613082754,1.0
u101,2024-07-08T00:00:00.000000,1,1,5.6106133124396225,2.758400515086019,1.4193277261317465,0.012032673778288223,4.17772498675225,2.6568681613082754,1.0
u101,2024-07-15T00:00:00.000000,1,1,6.060365735756052,2.549125781998462,1.2796410444103898,0.03996081901255901,4.17772498675225,2.6568681613082754,1.0
u101,2024-07-22T00:00:00.000000,1,1,6.238420440919756,2.4946088943509257,1.1173464900118737,0.04977045307722502,4.17772498675225,2.6568681613082754,1.0
u101,2024-07-29T00:00:00.000000,1,1,6.4556380111022245,2.502732309373842,1.5358233679060795,0.017247591591003298,4.17772498675225,2.6568681613082754,1.0
u101,2024-08-05T00:00:00.000000,1,1,6.003018906913778,2.60094993060477,1.051650586100861,0.026961527882783866,4.17772498675225,2.6568681613082754,1.0
u101,2024-08-12T00:00:00.000000,1,1,6.609447511798116,2.8034103498621468,1.3674800431557597,0.018309573348131266,4.17772498675225,2.6568681613082754,1.0
u102,2024-05-13T00:00:00.000000,1,0,0.9949911064884478,1.4730441577341082,0.3056378299900495,0.034391341468811294,0.6922575346119313,1.2584423005417769,1.0
u102,2024-05-20T00:00:00.000000,1,0,0.43981948868353704,1.20347147973568,1.1867255918354636,0.01881403721742656,0.6922575346119313,1.2584423005417769,1.0
u102,2024-05-27T00:00:00.000000,1,0,1.0333181246471002,1.521489626290633,1.736350949835063,0.04094219424712206,0.6922575346119313,1.2584423005417769,1.0
u102,2024-06-03T00:00:00.000000,1,0,0.3811593632143158,1.354969400432932,0.21582083440592637,0.024933391671443046,0.6922575346119313,1.2584423005417769,1.0
u102,2024-06-10T00:00:00.000000,1,0,0.6060161949951804,1.523389693667227,1.5873875525131769,0.042862025637827414,0.6922575346119313,1.2584423005417769,1.0
u102,2024-06-17T00:00:00.000000,1,0,0.7454265781923648,1.7480028512603583,0.1192613813673293,0.03130511559046053,0.6922575346119313,1.2584423005417769,1.0
u102,2024-06-24T00:00:00.000000,1,0,0.3084405082354824,1.4805548486003304,0.3971830890007453,0.041164608072087515,0.6922575346119313,1.2584423005417769,1.0
u102,2024-07-01T00:00:00.000000,1,1,3.076626703740703,1.4900868343009683,1.96005489143578,0.04466419931869911,0.6922575346119313,1.2584423005417769,1.0
u102,2024-07-08T00:00:00.000000,1,1,2.676964775020356,1.2464714210026067,1.693410556098426,0.04355429299298487,0.6922575346119313,1.2584423005417769,1.0
u102,2024-07-15T00:00:00.000000,1,1,2.8027015011714536,1.6534205176132486,1.8552368712097551,0.008691332456725227,0.6922575346119313,1.2584423005417769,1.0
u102,2024-07-22T00:00:00.000000,1,1,2.940870956450624,1.5996303562835315,0.3364408028761724,0.0010317144016273704,0.6922575346119313,1.2584423005417769,1.0
u102,2024-07-29T00:00:00.000000,1,1,3.0483249379916555,1.2635771912733766,1.833442065766211,0.014228153463605925,0.6922575346119313,1.2584423005417769,1.0
u102,2024-08-05T00:00:00.000000,1,1,3.1944498831932453,1.3451961249846671,0.961306801058213,0.0002799719432120318,0.6922575346119313,1.2584423005417769,1.0
u102,2024-08-12T00:00:00.000000,1,1,2.5938902158225674,1.2260153992129934,0.8462285971202862,0.004803856608605034,0.6922575346119313,1.2584423005417769,1.0
u103,2024-05-13T00:00:00.000000,1,0,1.4381148845161003,1.7492980214715983,1.7132247324110725,0.0112621151349806,1.6977281826380528,1.6059718081769672,1.0
u103,2024-05-20T00:00:00.000000,1,0,1.758737540046766,1.7208426648328143,0.35492073008303093,0.028524149240220127,1.6977281826380528,1.6059718081769672,1.0
u103,2024-05-27T00:00:00.000000,1,0,1.7919177283878172,1.6176246856272647,1.3067150837524453,0.020157162622544675,1.6977281826380528,1.6059718081769672,1.0
u103,2024-06-03T00:00:00.000000,1,0,1.6094824521843836,1.5574724497613606,0.7315887544247887,0.04350129404285689,1.6977281826380528,1.6059718081769672,1.0
u103,2024-06-10T00:00:00.000000,1,0,1.3364180980778397,1.3540775673017553,0.6487220269499817,0.006823508227134451,1.6977281826380528,1.6059718081769672,1.0
u103,2024-06-17T00:00:00.000000,1,0,1.96646233594923,1.7242223965866215,0.12440787225619904,0.009149446676343436,1.6977281826380528,1.6059718081769672,1.0
u103,2024-06-24T00:00:00.000000,1,0,1.490102335649542,1.5571472538264435,1.2891022460162742,0.01788658377078674,1.6977281826380528,1.6059718081769672,1.0
u103,2024-07-01T00:00:00.000000,1,1,3.349335121221274,1.3816585959214354,0.46459911703827417,0.0016529600272557343,1.6977281826380528,1.6059718081769672,1.0
u103,2024-07-08T00:00:00.000000,1,1,3.881046542660236,1.2380408102164742,0.281947518533685,0.04001885157412626,1.6977281826380528,1.6059718081769672,1.0
u103,2024-07-15T00:00:00.000000,1,1,2.8641272901382377,1.850897679696928,0.7623902043830856,0.03646204894215858,1.6977281826380528,1.6059718081769672,1.0
u103,2024-07-22T00:00:00.000000,1,1,3.431152795210964,1.8157525512112838,1.2708978664820823,0.030348586723355366,1.6977281826380528,1.6059718081769672,1.0
u103,2024-07-29T00:00:00.000000,1,1,3.9063413269962473,1.2443392654582193,1.121321126214293,0.03191734058808952,1.6977281826380528,1.6059718081769672,1.0
u103,2024-08-05T00:00:00.000000,1,1,3.7366628793766057,1.4236345529113197,0.47575753115070274,0.042236502894053424,1.6977281826380528,1.6059718081769672,1.0
u103,2024-08-12T00:00:00.000000,1,1,4.070219361507675,1.5241217468549306,1.9368120619743276,0.048988693722487084,1.6977281826380528,1.6059718081769672,1.0
u104,2024-05-13T00:00:00.000000,1,0,1.4480367390582904,1.0699695125736224,0.8270454572468603,0.013058604200829538,1.0816299002642877,1.2295986535309094,1.0
u104,2024-05-20T00:00:00.000000,1,0,1.5395208602602195,1.3171021962043323,1.5490746312402737,0.01933526817560869,1.0816299002642877,1.2295986535309094,1.0
u104,2024-05-27T00:00:00.000000,1,0,1.066462789507896,1.4905170706665742,0.10079214211589733,0.0027970436987225012,1.0816299002642877,1.2295986535309094,1.0
u104,2024-06-03T00:00:00.000000,1,0,0.9122777505801817,1.118845622763677,0.7492381610524739,0.003315640881048748,1.0816299002642877,1.2295986535309094,1.0
u104,2024-06-10T00:00:00.000000,1,0,1.5311559829593846,1.18827880141741,1.1161236350427635,0.0058322957372093035,1.0816299002642877,1.2295986535309094,1.0
u104,2024-06-17T00:00:00.000000,1,0,1.2521232929540516,1.1973281126570867,1.4777198087636567,0.013172781342801127,1.0816299002642877,1.2295986535309094,1.0
u104,2024-06-24T00:00:00.000000,1,0,0.9328823241206794,0.8048236695532381,1.9180883406007647,0.009525986349370142,1.0816299002642877,1.2295986535309094,1.0
u104,2024-07-01T00:00:00.000000,1,1,2.987447163839932,1.0363615791164218,0.45968208248108133,0.007835422814280407,1.0816299002642877,1.2295986535309094,1.0
u104,2024-07-08T00:00:00.000000,1,1,3.565662188331895,1.270231948879117,1.2629562843136026,0.032508144593898315,1.0816299002642877,1.2295986535309094,1.0
u104,2024-07-15T00:00:00.000000,1,1,3.0656270115902693,1.4024073787457554,1.845005093862651,0.036660230553437805,1.0816299002642877,1.2295986535309094,1.0
u104,2024-07-22T00:00:00.000000,1,1,3.2452025615928246,1.0289027716300927,0.7810657263218674,0.014151624403131747,1.0816299002642877,1.2295986535309094,1.0
u104,2024-07-29T00:00:00.000000,1,1,3.204921232973291,0.9014517314735444,0.9574329529752995,0.002157049154761992,1.0816299002642877,1.2295986535309094,1.0
u104,2024-08-05T00:00:00.000000,1,1,3.0957227591541367,1.0560739274854996,1.4097400351169966,0.02809234735329845,1.0816299002642877,1.2295986535309094,1.0
u104,2024-08-12T00:00:00.000000,1,1,2.628263094315516,1.4424927456947452,1.7939939750428302,0.03261900669719323,1.0816299002642877,1.2295986535309094,1.0
u105,2024-05-13T00:00:00.000000,1,0,2.8201171949874686,1.6112897115229734,1.9638637879300471,0.02123788467602951,3.211168990790769,1.4885726083206983,1.0
u105,2024-05-20T00:00:00.000000,1,0,3.2378726668944755,1.359821485554237,0.9085335392944708,0.04953123866842476,3.211168990790769,1.4885726083206983,1.0
u105,2024-05-27T00:00:00.000000,1,0,3.3151732154138815,1.8124596399353567,0.8058545102707728,0.021539846237202787,3.211168990790769,1.4885726083206983,1.0
u105,2024-06-03T00:00:00.000000,1,0,3.120664757951515,1.361412097011172,1.641623807893253,0.03302838966037553,3.211168990790769,1.4885726083206983,1.0
u105,2024-06-10T00:00:00.000000,1,0,2.968995849152944,1.6400573719307745,1.4669713520308576,0.013126960782449855,3.211168990790769,1.4885726083206983,1.0
u105,2024-06-17T00:00:00.000000,1,0,2.807850549805777,1.2196236590574157,1.695596485326745,0.006803615591672064,3.211168990790769,1.4885726083206983,1.0
u105,2024-06-24T00:00:00.000000,1,0,3.4742182596099846,1.3818457584888284,0.18387578289538337,0.02077970988008533,3.211168990790769,1.4885726083206983,1.0
u105,2024-07-01T00:00:00.000000,1,1,4.991417774193584,1.4083729125602213,0.9739026001793971,0.049488461669122234,3.211168990790769,1.4885726083206983,1.0
u105,2024-07-08T00:00:00.000000,1,1,5.182254446723223,1.6174754260571373,0.37961137710329407,0.033867731455755425,3.211168990790769,1.4885726083206983,1.0
u105,2024-07-15T00:00:00.000000,1,1,5.141004837515388,1.708811114996538,0.1596440778478054,0.04230252485892413,3.211168990790769,1.4885726083206983,1.0
u105,2024-07-22T00:00:00.000000,1,1,5.257808264101512,1.5883771284642472,0.5705882013113084,0.007769983311603657,3.211168990790769,1.4885726083206983,1.0
u105,2024-07-29T00:00:00.000000,1,1,5.40436679435014,1.6324276557047626,0.4714372603957785,0.02181794737162821,3.211168990790769,1.4885726083206983,1.0
u105,2024-08-05T00:00:00.000000,1,1,4.886000103909074,1.222143457182369,1.1735939478790491,0.007296784339085033,3.211168990790769,1.4885726083206983,1.0
u105,2024-08-12T00:00:00.000000,1,1,5.2350178097182045,0.9700293052402446,1.0225305768247612,0.015579952743777842,3.211168990790769,1.4885726083206983,1.0
u106,2024-05-13T00:00:00.000000,1,0,2.291387966799946,0.9739283299389616,1.6551479173660615,0.011282619645585763,2.5351083143669073,1.4144982064408875,1.0
u106,2024-05-20T00:00:00.000000,1,0,2.213208268137401,1.139995363006008,0.8994208101608377,0.03343499435374655,2.5351083143669073,1.4144982064408875,1.0
u106,2024-05-27T00:00:00.000000,1,0,3.078718481690543,1.2773568822262928,1.3161380722268492,0.008863353880847408,2.5351083143669073,1.4144982064408875,1.0
u106,2024-06-03T00:00:00.000000,1,0,2.434596607546312,1.310729143784652,0.4173725941384442,0.004558476776637621,2.5351083143669073,1.4144982064408875,1.0
u106,2024-06-10T00:00:00.000000,1,0,2.8324283216163573,1.2459357519973653,1.2708888540447398,0.018931863634364672,2.5351083143669073,1.4144982064408875,1.0
u106,2024-06-17T00:00:00.000000,1,0,2.437729245597803,1.272795909077104,0.9158454221163956,0.017850864950030087,2.5351083143669073,1.4144982064408875,1.0
u106,2024-06-24T00:00:00.000000,1,0,2.627331544315114,1.4494205759411285,1.336683260014966,0.0055370070136345935,2.5351083143669073,1.4144982064408875,1.0
u106,2024-07-01T00:00:00.000000,1,1,4.926611461020834,1.270285783481129,1.7813397600505156,0.006920139950810095,2.5351083143669073,1.4144982064408875,1.0
u106,2024-07-08T00:00:00.000000,1,1,4.578869907851686,1.2742530079146004,0.9612435424394904,0.04191824438015423,2.5351083143669073,1.4144982064408875,1.0
u106,2024-07-15T00:00:00.000000,1,1,4.141019881665658,1.188868859022474,0.17093603040390082,0.0014035005956978487,2.5351083143669073,1.4144982064408875,1.0
u106,2024-07-22T00:00:00.000000,1,1,5.134648076790686,1.6148400504438554,1.2280655433124081,0.0012908497105735218,2.5351083143669073,1.4144982064408875,1.0
u106,2024-07-29T00:00:00.000000,1,1,4.449214292330863,1.1241571236878078,0.4993138087353921,0.03282085618303668,2.5351083143669073,1.4144982064408875,1.0
u106,2024-08-05T00:00:00.000000,1,1,4.920907523770392,1.372332263769654,0.6100003141264434,0.019477297909987413,2.5351083143669073,1.4144982064408875,1.0
u106,2024-08-12T00:00:00.000000,1,1,4.802677587019035,1.1204550820213917,1.1653846940189516,0.02523326389235861,2.5351083143669073,1.4144982064408875,1.0
u107,2024-05-13T00:00:00.000000,1,0,4.817554535498894,1.4261587244886922,1.864203458119254,0.04539010263812299,4.8584966490624,1.1366161278338782,1.0
u107,2024-05-20T00:00:00.000000,1,0,5.447098348215074,1.1280279112425293,1.6124311449740305,0.04022471774737516,4.8584966490624,1.1366161278338782,1.0
u107,2024-05-27T00:00:00.000000,1,0,4.704116997277155,1.0011143044577508,1.9337817160937987,0.01022110689451048,4.8584966490624,1.1366161278338782,1.0
u107,2024-06-03T00:00:00.000000,1,0,4.6660069173209955,0.9763283718828389,0.26884761194245554,0.03465488894233555,4.8584966490624,1.1366161278338782,1.0
u107,2024-06-10T00:00:00.000000,1,0,5.387544342230322,1.5553718979984217,1.4478995363384803,0.00783870040739249,4.8584966490624,1.1366161278338782,1.0
u107,2024-06-17T00:00:00.000000,1,0,4.54818931803429,1.3342836760761823,0.3901180176495761,0.03459297369861661,4.8584966490624,1.1366161278338782,1.0
u107,2024-06-24T00:00:00.000000,1,0,4.8802685732397055,1.0411324035523366,1.4423304653413076,0.024437024966821864,4.8584966490624,1.1366161278338782,1.0
u107,2024-07-01T00:00:00.000000,1,1,7.059443675337332,0.6032326322272987,0.8191625333283975,0.043262017503575105,4.8584966490624,1.1366161278338782,1.0
u107,2024-07-08T00:00:00.000000,1,1,7.256335370073406,0.7671982106498176,0.4501454182462914,0.0423269798961686,4.8584966490624,1.1366161278338782,1.0
u107,2024-07-15T00:00:00.000000,1,1,7.371827117171261,1.1854717842890599,0.574666879938454,0.021842234959481722,4.8584966490624,1.1366161278338782,1.0
u107,2024-07-22T00:00:00.000000,1,1,6.628157981142969,1.143447716542036,0.9920301102297343,0.03731369067501546,4.8584966490624,1.1366161278338782,1.0
u107,2024-07-29T00:00:00.000000,1,1,6.869429766810293,1.3057512015245427,0.7402006899860761,0.00754598776646957,4.8584966490624,1.1366161278338782,1.0
u107,2024-08-05T00:00:00.000000,1,1,7.161402370618046,0.8463254629592238,1.8206260335612547,0.04404014690188898,4.8584966490624,1.1366161278338782,1.0
u107,2024-08-12T00:00:00.000000,1,1,7.372810745169381,1.0905888892115507,1.3120551242415646,0.04773524559530159,4.8584966490624,1.1366161278338782,1.0
u108,2024-05-13T00:00:00.000000,1,0,3.9314296985055646,1.5413993311422667,1.8466115965233345,0.03816078769860771,3.7717279167587225,1.5855759724524383,1.0
u108,2024-05-20T00:00:00.000000,1,0,4.026249851447574,1.696408269468873,1.0497751629862235,0.01640889723027359,3.7717279167587225,1.5855759724524383,1.0
u108,2024-05-27T00:00:00.000000,1,0,3.54712322420012,1.612915813117881,0.9969070383316158,0.017409810907743146,3.7717279167587225,1.5855759724524383,1.0
u108,2024-06-03T00:00:00.000000,1,0,3.8152779508778263,1.5469438370647126,0.34519295350668744,0.04346039054152473,3.7717279167587225,1.5855759724524383,1.0
u108,2024-06-10T00:00:00.000000,1,0,4.194956773052384,1.4307055922748018,0.4907674076608003,0.02766991038089446,3.7717279167587225,1.5855759724524383,1.0
u108,2024-06-17T00:00:00.000000,1,0,3.5840765211899943,1.8282006225455316,1.4372537098386777,0.01421493422057587,3.7717279167587225,1.5855759724524383,1.0
u108,2024-06-24T00:00:00.000000,1,0,4.000073081700618,1.5278654164011582,1.7638789281662406,0.01456950865979752,3.7717279167587225,1.5855759724524383,1.0
u108,2024-07-01T00:00:00.000000,1,1,6.0429474015488,1.4468933062189677,1.7567807410753826,0.03292855811730521,3.7717279167587225,1.5855759724524383,1.0
u108,2024-07-08T00:00:00.000000,1,1,5.777880485963623,1.7373215765833052,1.7670748726131638,0.013785959180905534,3.7717279167587225,1.5855759724524383,1.0
u108,2024-07-15T00:00:00.000000,1,1,5.762720882416181,1.764339643163955,0.4831158583629058,0.006832598503898824,3.7717279167587225,1.5855759724524383,1.0
u108,2024-07-22T00:00:00.000000,1,1,5.774813934959965,1.7584930115579696,0.3533634898429373,0.030056055860793802,3.7717279167587225,1.5855759724524383,1.0
u108,2024-07-29T00:00:00.000000,1,1,5.724766343444194,1.5380392447713822,0.39547394192331753,0.027843353396997114,3.7717279167587225,1.5855759724524383,1.0
u108,2024-08-05T00:00:00.000000,1,1,5.460709862731117,1.4794425945046197,0.4945962783642823,0.000120569871583881,3.7717279167587225,1.5855759724524383,1.0
u108,2024-08-12T00:00:00.000000,1,1,5.6263346598740105,1.8308829215737574,1.4760608938811084,0.04811069278088029,3.7717279167587225,1.5855759724524383,1.0
u109,2024-05-13T00:00:00.000000,1,0,1.9835205215902318,2.065699571337896,1.5412529690077112,0.021700233832544644,1.4393997004958161,2.0174716329378914,1.0
u109,2024-05-20T00:00:00.000000,1,0,1.7415894207032498,1.9031817187522386,0.3992174510537996,0.022488722089863897,1.4393997004958161,2.0174716329378914,1.0
u109,2024-05-27T00:00:00.000000,1,0,1.0913135567078602,2.0199407244231193,1.412716043686297,0.01706194023273518,1.4393997004958161,2.0174716329378914,1.0
u109,2024-06-03T00:00:00.000000,1,0,1.2704696772517248,2.1128955405137857,1.587429661626308,0.004007360493527084,1.4393997004958161,2.0174716329378914,1.0
u109,2024-06-10T00:00:00.000000,1,0,1.454866069493304,1.7880790872846055,0.8504929893278697,0.023335330504104603,1.4393997004958161,2.0174716329378914,1.0
u109,2024-06-17T00:00:00.000000,1,0,1.4156384881994126,1.9769418342778498,0.9390832940874779,0.0054544981838743345,1.4393997004958161,2.0174716329378914,1.0
u109,2024-06-24T00:00:00.000000,1,0,1.6004449374751764,2.637848793686864,0.8382175078669359,0.025345359173610332,1.4393997004958161,2.0174716329378914,1.0
u109,2024-07-01T00:00:00.000000,1,1,3.662481800525721,2.346538166577484,1.192528578980157,0.024744790719677175,1.4393997004958161,2.0174716329378914,1.0
u109,2024-07-08T00:00:00.000000,1,1,3.60841935179464,2.5318576619862263,1.6443235937091139,0.011280460211592208,1.4393997004958161,2.0174716329378914,1.0
u109,2024-07-15T00:00:00.000000,1,1,3.5239485878214003,1.761334182669678,0.9904202870486521,0.03418563564784218,1.4393997004958161,2.0174716329378914,1.0
u109,2024-07-22T00:00:00.000000,1,1,3.461672790903423,1.8459156325395218,0.6408358229333364,0.024541578312909186,1.4393997004958161,2.0174716329378914,1.0
u109,2024-07-29T00:00:00.000000,1,1,3.470436849963925,1.9056311381927475,1.518787847173362,0.02360194730266222,1.4393997004958161,2.0174716329378914,1.0
u109,2024-08-05T00:00:00.000000,1,1,3.0640155104390097,2.039863481226767,1.4544562717373175,0.011248412389786267,1.4393997004958161,2.0174716329378914,1.0
u109,2024-08-12T00:00:00.000000,1,1,3.9105627807115204,1.8739715484922461,0.6065508433934375,0.02779854955200875,1.4393997004958161,2.0174716329378914,1.0
u110,2024-05-13T00:00:00.000000,1,0,3.8634837114383287,1.3181655343317427,1.7458596475393733,0.02007600413401381,4.348902505434808,0.8986634115228291,1.0
u110,2024-05-20T00:00:00.000000,1,0,4.728336459549818,0.6092743072377089,1.180031081613865,0.00575138012151833,4.348902505434808,0.8986634115228291,1.0
u110,2024-05-27T00:00:00.000000,1,0,4.372371149741859,1.0087160257108556,0.5689444921954694,0.01738360153304735,4.348902505434808,0.8986634115228291,1.0
u110,2024-06-03T00:00:00.000000,1,0,4.330312341524463,0.7921878416629825,1.7501490357991654,0.03674627943888497,4.348902505434808,0.8986634115228291,1.0
u110,2024-06-10T00:00:00.000000,1,0,3.937369838097517,0.8481486039245887,0.5836397023934173,0.03295296164012767,4.348902505434808,0.8986634115228291,1.0
u110,2024-06-17T00:00:00.000000,1,0,4.432848584940545,1.4115660751813808,0.5959116067249335,0.0332397546811792,4.348902505434808,0.8986634115228291,1.0
u110,2024-06-24T00:00:00.000000,1,0,4.653502052749364,0.9465801403519335,1.7109707513399104,0.0006122832895411213,4.348902505434808,0.8986634115228291,1.0
u110,2024-07-01T00:00:00.000000,1,1,6.274375543043497,0.541918433903918,0.8107723551915982,0.02931923731502499,4.348902505434808,0.8986634115228291,1.0
u110,2024-07-08T00:00:00.000000,1,1,6.462704255320079,0.6262135155493371,1.2005937856162059,0.04387312628716614,4.348902505434808,0.8986634115228291,1.0
u110,2024-07-15T00:00:00.000000,1,1,6.275646429704307,0.7298923964819615,1.8913024518425583,0.0023323452129306367,4.348902505434808,0.8986634115228291,1.0
u110,2024-07-22T00:00:00.000000,1,1,6.053289104213843,1.136333395643899,1.5941414383344006,0.007422152592448883,4.348902505434808,0.8986634115228291,1.0
u110,2024-07-29T00:00:00.000000,1,1,6.541332400854922,0.9004497861449688,0.3840590295820877,0.02347225635328198,4.348902505434808,0.8986634115228291,1.0
u110,2024-08-05T00:00:00.000000,1,1,6.970022088107994,0.7827394179875842,0.5001479536148808,0.015198012934304278,4.348902505434808,0.8986634115228291,1.0
u110,2024-08-12T00:00:00.000000,1,1,6.5910316401312965,1.0455081113280564,0.18446920522912302,0.010979244973316633,4.348902505434808,0.8986634115228291,1.0
u111,2024-05-13T00:00:00.000000,1,0,2.1452254815409186,2.946831736176469,1.0745509973551384,0.0041802692486988535,2.0409579034782697,2.9985703320248405,1.0
u111,2024-05-20T00:00:00.000000,1,0,1.9370270278227397,3.3408548918113388,1.4388131859672935,0.002533331464143518,2.0409579034782697,2.9985703320248405,1.0
u111,2024-05-27T00:00:00.000000,1,0,2.524228184402583,3.123480017202513,0.33359484716403043,0.029353270667440104,2.0409579034782697,2.9985703320248405,1.0
u111,2024-06-03T00:00:00.000000,1,0,2.0788422446495405,2.8664349432704794,1.7953818336405334,0.012334092871583097,2.0409579034782697,2.9985703320248405,1.0
u111,2024-06-10T00:00:00.000000,1,0,2.2464442704747722,3.0632651487233082,0.5917863445517226,0.04228929190513047,2.0409579034782697,2.9985703320248405,1.0
u111,2024-06-17T00:00:00.000000,1,0,1.7725317072678397,3.1441129144313926,1.4710809165569365,0.013998884357807162,2.0409579034782697,2.9985703320248405,1.0
u111,2024-06-24T00:00:00.000000,1,0,2.663293321921107,3.2956746297537003,1.6957611371903043,0.003927248191622862,2.0409579034782697,2.9985703320248405,1.0
u111,2024-07-01T00:00:00.000000,1,1,4.167393125644871,2.9845139476219704,1.7227054743165406,0.007229268256339122,2.0409579034782697,2.9985703320248405,1.0
u111,2024-07-08T00:00:00.000000,1,1,4.03795283494338,3.3814354137455966,0.9597659573296046,0.017636720213016887,2.0409579034782697,2.9985703320248405,1.0
u111,2024-07-15T00:00:00.000000,1,1,3.660831382539277,2.792968472445539,0.9325387524292056,0.03451656306780972,2.0409579034782697,2.9985703320248405,1.0
u111,2024-07-22T00:00:00.000000,1,1,3.753740085655952,3.0033858133216227,1.2714974847580132,0.04491711531012145,2.0409579034782697,2.9985703320248405,1.0
u111,2024-07-29T00:00:00.000000,1,1,4.292034739165508,2.9115786321976116,1.325853325265355,0.03031971402545108,2.0409579034782697,2.9985703320248405,1.0
u111,2024-08-05T00:00:00.000000,1,1,3.846450379390792,3.3501925152677083,1.5394673179566334,0.04844562417611428,2.0409579034782697,2.9985703320248405,1.0
u111,2024-08-12T00:00:00.000000,1,1,3.946526318502872,2.679084807791528,1.2433419044130218,0.037466599403537026,2.0409579034782697,2.9985703320248405,1.0
u112,2024-05-13T00:00:00.000000,1,0,1.272612977110178,1.534055941240684,1.9368013918769444,0.04319242809259207,1.3012173286589948,1.541251680478983,1.0
u112,2024-05-20T00:00:00.000000,1,0,1.3626991257550671,1.5314543828667928,1.4166528993785497,0.021740054227496378,1.3012173286589948,1.541251680478983,1.0
u112,2024-05-27T00:00:00.000000,1,0,0.9611098229949546,1.7896794042044992,0.6080267287100406,0.004667312284033598,1.3012173286589948,1.541251680478983,1.0
u112,2024-06-03T00:00:00.000000,1,0,1.3603483039203554,1.5006978093462195,0.3173515590624236,0.013584787363633517,1.3012173286589948,1.541251680478983,1.0
u112,2024-06-10T00:00:00.000000,1,0,1.3629150049247964,1.7213810970500711,0.30064910264901057,0.043299705251226235,1.3012173286589948,1.541251680478983,1.0
u112,2024-06-17T00:00:00.000000,1,0,1.727056370503481,1.6629881630617407,0.11920262441939121,0.03576025021610732,1.3012173286589948,1.541251680478983,1.0
u112,2024-06-24T00:00:00.000000,1,0,1.2739484866343531,1.5479009837479154,0.3120704886770959,0.049264796161812466,1.3012173286589948,1.541251680478983,1.0
u112,2024-07-01T00:00:00.000000,1,1,3.298764586581998,1.4505413650178598,1.7181340544354853,0.012244347424020342,1.3012173286589948,1.541251680478983,1.0
u112,2024-07-08T00:00:00.000000,1,1,3.3958917049182036,1.4768771384409942,0.619345348664824,0.0001435655547406489,1.3012173286589948,1.541251680478983,1.0
u112,2024-07-15T00:00:00.000000,1,1,3.1019158747870956,1.5670601461964302,1.828605339275797,0.03209066120896105,1.3012173286589948,1.541251680478983,1.0
u112,2024-07-22T00:00:00.000000,1,1,3.57236503524185,1.799018158941181,1.429897752314409,0.03386273218391729,1.3012173286589948,1.541251680478983,1.0
u112,2024-07-29T00:00:00.000000,1,1,3.527963779915506,1.5568439599709911,1.2008853895666305,0.03962334405193051,1.3012173286589948,1.541251680478983,1.0
u112,2024-08-05T00:00:00.000000,1,1,3.345056820946079,2.0599612808928445,1.4346541890548907,0.03969413431275811,1.3012173286589948,1.541251680478983,1.0
u112,2024-08-12T00:00:00.000000,1,1,3.3759684790454485,1.5739961314905868,1.6546826468423426,0.010304695316522033,1.3012173286589948,1.541251680478983,1.0
u113,2024-05-13T00:00:00.000000,1,0,1.3939819550760018,1.8501824633214146,0.1488371659930211,0.04583199301197277,2.025643738538697,1.9590468217759645,1.0
u113,2024-05-20T00:00:00.000000,1,0,1.8271266590822535,1.8907440588996844,1.97954697313371,0.03347253967809718,2.025643738538697,1.9590468217759645,1.0
u113,2024-05-27T00:00:00.000000,1,0,1.857553505469252,1.9453772641035718,0.8161425820655481,0.029988982797754266,2.025643738538697,1.9590468217759645,1.0
u113,2024-06-03T00:00:00.000000,1,0,1.7949046732155405,2.161151625841307,0.9060305723631512,0.016622241451626663,2.025643738538697,1.9590468217759645,1.0
u113,2024-06-10T00:00:00.000000,1,0,2.012701635317864,1.9826487724017892,1.7142119882321734,0.01275383806711662,2.025643738538697,1.9590468217759645,1.0
u113,2024-06-17T00:00:00.000000,1,0,2.286037718843175,2.0492926988803313,1.006293382800598,0.009614198807113717,2.025643738538697,1.9590468217759645,1.0
u113,2024-06-24T00:00:00.000000,1,0,2.460323945963953,2.51906400895883,0.7092924949167866,0.025500809117671983,2.025643738538697,1.9590468217759645,1.0
u113,2024-07-01T00:00:00.000000,1,1,4.317765826568097,1.8471995350969657,0.3606758359080642,0.02178448270239365,2.025643738538697,1.9590468217759645,1.0
u113,2024-07-08T00:00:00.000000,1,1,4.1450391058075615,1.8286650041720005,0.9689428329913201,0.03302659831926051,2.025643738538697,1.9590468217759645,1.0
u113,2024-07-15T00:00:00.000000,1,1,3.9843303063045274,1.573542594632615,1.6665201153547242,0.011134550947964323,2.025643738538697,1.9590468217759645,1.0
u113,2024-07-22T00:00:00.000000,1,1,3.760752166704505,2.0419314876716923,1.783352714876104,0.027897649134435227,2.025643738538697,1.9590468217759645,1.0
u113,2024-07-29T00:00:00.000000,1,1,4.2514842854212285,2.173427413012496,0.21170035697733047,0.04461885519782835,2.025643738538697,1.9590468217759645,1.0
u113,2024-08-05T00:00:00.000000,1,1,4.355449261224994,2.1429293801239844,0.6309359481669994,0.017146030321326527,2.025643738538697,1.9590468217759645,1.0
u113,2024-08-12T00:00:00.000000,1,1,3.3219072657876785,1.9009541869478745,1.1576727274542296,0.011705171141244747,2.025643738538697,1.9590468217759645,1.0
u114,2024-05-13T00:00:00.000000,1,0,3.726875226594386,2.7075555627086754,1.0389017597520407,0.008339860691190122,3.3035250743496034,2.9418445999139293,1.0
u114,2024-05-20T00:00:00.000000,1,0,3.208063132709828,2.630161143970554,0.3989546237551411,0.00773619495044382,3.3035250743496034,2.9418445999139293,1.0
u114,2024-05-27T00:00:00.000000,1,0,3.6197375531987044,2.8551535339583562,1.2976334354493988,0.03133865378376071,3.3035250743496034,2.9418445999139293,1.0
u114,2024-06-03T00:00:00.000000,1,0,3.809923706790143,2.374995643387286,1.697095223532728,0.03126073948253329,3.3035250743496034,2.9418445999139293,1.0
u114,2024-06-10T00:00:00.000000,1,0,2.9778540038749526,2.8901805284597057,0.820156556656728,0.02091965489545789,3.3035250743496034,2.9418445999139293,1.0
u114,2024-06-17T00:00:00.000000,1,0,3.3228657521804053,3.067474455465492,0.8399453236849801,0.0017285831659115737,3.3035250743496034,2.9418445999139293,1.0
u114,2024-06-24T00:00:00.000000,1,0,3.2537955993534418,2.9403573305848116,1.1980965856782881,0.04030837483780151,3.3035250743496034,2.9418445999139293,1.0
u114,2024-07-01T00:00:00.000000,1,1,5.1682247055155655,3.1941516148761395,1.6125274892432617,0.004914228507112356,3.3035250743496034,2.9418445999139293,1.0
u114,2024-07-08T00:00:00.000000,1,1,5.000223936235131,2.867567271676444,1.2339922720662753,0.039625575465838114,3.3035250743496034,2.9418445999139293,1.0
u114,2024-07-15T00:00:00.000000,1,1,5.679156701702181,3.2393427154984282,0.7880328086101517,0.003030748750375095,3.3035250743496034,2.9418445999139293,1.0
u114,2024-07-22T00:00:00.000000,1,1,5.280666372742418,3.0589657282758855,0.2869782288280889,0.030544488869687497,3.3035250743496034,2.9418445999139293,1.0
u114,2024-07-29T00:00:00.000000,1,1,5.450412917511324,2.5520368861303444,1.4146508036445935,0.0008413068506224197,3.3035250743496034,2.9418445999139293,1.0
u114,2024-08-05T00:00:00.000000,1,1,5.428224865329539,2.913500980805163,1.8289565023825252,0.02191682981187908,3.3035250743496034,2.9418445999139293,1.0
u114,2024-08-12T00:00:00.000000,1,1,5.3890868522593305,2.8124412755236374,1.7818238232181938,0.020683013534685976,3.3035250743496034,2.9418445999139293,1.0
u115,2024-05-13T00:00:00.000000,1,0,1.9594656994274295,0.2009991917643208,1.3879872484886189,0.01586242989473672,1.5950986426412466,0.3231206710242468,1.0
u115,2024-05-20T00:00:00.000000,1,0,1.5520268486497975,0.1215156794636687,1.00407711276397,0.04098742449989193,1.5950986426412466,0.3231206710242468,1.0
u115,2024-05-27T00:00:00.000000,1,0,1.5033952842507945,0.4514628008270175,1.2076783891692526,0.023234320884724064,1.5950986426412466,0.3231206710242468,1.0
u115,2024-06-03T00:00:00.000000,1,0,1.1918065055835576,0.29398845638475984,0.8318268549404408,0.019746677156426813,1.5950986426412466,0.3231206710242468,1.0
u115,2024-06-10T00:00:00.000000,1,0,1.4065673622866066,-0.1768654737922325,1.4735225437333783,0.019033146385082047,1.5950986426412466,0.3231206710242468,1.0
u115,2024-06-17T00:00:00.000000,1,0,1.614263910292246,0.6598702955492437,0.21560905812241893,0.03276774590575731,1.5950986426412466,0.3231206710242468,1.0
u115,2024-06-24T00:00:00.000000,1,0,1.5853812596068153,0.5439573474581854,1.4665806823451075,0.03791278910024305,1.5950986426412466,0.3231206710242468,1.0
u115,2024-07-01T00:00:00.000000,1,1,3.2683212065997562,0.6069018807633075,1.457249992839587,0.029090242957022297,1.5950986426412466,0.3231206710242468,1.0
u115,2024-07-08T00:00:00.000000,1,1,3.560762139545754,0.42505082366550284,1.5681167440873236,0.00950204442460766,1.5950986426412466,0.3231206710242468,1.0
u115,2024-07-15T00:00:00.000000,1,1,3.3988165368459473,0.39091305087246975,0.8737786846528846,0.03319969117080374,1.5950986426412466,0.3231206710242468,1.0
u115,2024-07-22T00:00:00.000000,1,1,3.194280116124625,0.3386487863296807,1.7814430026896517,0.03864128572487392,1.5950986426412466,0.3231206710242468,1.0
u115,2024-07-29T00:00:00.000000,1,1,3.654729845887862,0.47272112357142637,0.9062940499264882,0.0394036463794053,1.5950986426412466,0.3231206710242468,1.0
u115,2024-08-05T00:00:00.000000,1,1,3.5228975590505303,0.2097210038359984,0.7423626045345141,0.005291037635226165,1.5950986426412466,0.3231206710242468,1.0
u115,2024-08-12T00:00:00.000000,1,1,3.6009936711822172,0.16586344669375025,1.3049531899543514,0.009504617978650915,1.5950986426412466,0.3231206710242468,1.0
u116,2024-05-13T00:00:00.000000,1,0,0.9134537794169856,2.7460361066322108,1.0307868047871407,0.0016701231531687122,1.055778158026739,2.913442837276989,1.0
u116,2024-05-20T00:00:00.000000,1,0,1.4682504714671292,2.83282806507576,0.12845365127952854,0.04306210222009158,1.055778158026739,2.913442837276989,1.0
u116,2024-05-27T00:00:00.000000,1,0,0.5126444467192453,3.3068165658595223,1.0384501016992778,0.03092012189541315,1.055778158026739,2.913442837276989,1.0
u116,2024-06-03T00:00:00.000000,1,0,1.0265271893517118,2.7696534309030763,0.8613680143405636,0.008116331066881454,1.055778158026739,2.913442837276989,1.0
u116,2024-06-10T00:00:00.000000,1,0,1.2993058875705463,2.890928855883391,1.968421717235266,0.04478972484231408,1.055778158026739,2.913442837276989,1.0
u116,2024-06-17T00:00:00.000000,1,0,1.2102134291154618,2.6766985717239327,1.4733736978800023,0.0169625561700698,1.055778158026739,2.913442837276989,1.0
u116,2024-06-24T00:00:00.000000,1,0,0.863050154114208,2.8859722398930843,0.8933264482641351,0.010090924678152265,1.055778158026739,2.913442837276989,1.0
u116,2024-07-01T00:00:00.000000,1,1,3.587615134954052,3.0294296056228456,0.8047782482311643,0.035461449303859936,1.055778158026739,2.913442837276989,1.0
u116,2024-07-08T00:00:00.000000,1,1,2.936088725428664,2.8597961973703354,0.7401610106340062,0.011668584935783162,1.055778158026739,2.913442837276989,1.0
u116,2024-07-15T00:00:00.000000,1,1,2.7298819906622955,3.21210314970214,0.3134557262106682,0.010871421468120646,1.055778158026739,2.913442837276989,1.0
u116,2024-07-22T00:00:00.000000,1,1,3.1874699501521944,2.6670533928601485,0.7170376231349455,0.02642249472513177,1.055778158026739,2.913442837276989,1.0
u116,2024-07-29T00:00:00.000000,1,1,2.7296075615502327,2.855575839626392,0.18249811444527253,0.03242848166821889,1.055778158026739,2.913442837276989,1.0
u116,2024-08-05T00:00:00.000000,1,1,3.3406821288716464,2.7563813187498423,1.1777898500717503,0.02189517912128316,1.055778158026739,2.913442837276989,1.0
u116,2024-08-12T00:00:00.000000,1,1,3.5404072399803175,2.71014071289565,1.0501286809325638,0.0013026226188753488,1.055778158026739,2.913442837276989,1.0
u117,2024-05-13T00:00:00.000000,1,0,2.427031765615609,2.336147362971811,1.339139350053594,0.019888736057117513,1.9770837264469658,2.0980424219806824,1.0
u117,2024-05-20T00:00:00.000000,1,0,1.7424603643464571,1.8997323594657434,1.9183768620918962,0.021279642694708962,1.9770837264469658,2.0980424219806824,1.0
u117,2024-05-27T00:00:00.000000,1,0,2.0519654157514484,1.7156793900303815,1.2935665592636492,0.031117246803794837,1.9770837264469658,2.0980424219806824,1.0
u117,2024-06-03T00:00:00.000000,1,0,2.3136570471692033,1.9810056066753492,0.49900919376863795,0.007720971401111687,1.9770837264469658,2.0980424219806824,1.0
u117,2024-06-10T00:00:00.000000,1,0,1.281855251384716,2.320073245157218,0.12631052735053905,0.030092886961816084,1.9770837264469658,2.0980424219806824,1.0
u117,2024-06-17T00:00:00.000000,1,0,1.4589940807740263,2.281671667022249,1.1014863694276789,0.03478918317375798,1.9770837264469658,2.0980424219806824,1.0
u117,2024-06-24T00:00:00.000000,1,0,1.5661306868833225,2.2171920033230257,1.6524954156322287,0.03726778326401318,1.9770837264469658,2.0980424219806824,1.0
u117,2024-07-01T00:00:00.000000,1,1,4.279498805305144,1.9792633561895354,0.80362220237874,0.03735456314678866,1.9770837264469658,2.0980424219806824,1.0
u117,2024-07-08T00:00:00.000000,1,1,4.4190510301388075,1.9424075651251091,1.5057604191825755,0.03748656584731574,1.9770837264469658,2.0980424219806824,1.0
u117,2024-07-15T00:00:00.000000,1,1,3.9393997616051277,2.2030568301530957,1.3416145766126302,0.014014521579842794,1.9770837264469658,2.0980424219806824,1.0
u117,2024-07-22T00:00:00.000000,1,1,4.1752856003476415,2.094948269413322,1.6029020637071167,0.02100622514945614,1.9770837264469658,2.0980424219806824,1.0
u117,2024-07-29T00:00:00.000000,1,1,3.933892093680627,1.938375466232917,0.42116905842529795,0.01302587025962661,1.9770837264469658,2.0980424219806824,1.0
u117,2024-08-05T00:00:00.000000,1,1,4.123756729974307,2.007270450309845,1.9520427337366593,0.012073904260769087,1.9770837264469658,2.0980424219806824,1.0
u117,2024-08-12T00:00:00.000000,1,1,4.441067149676038,2.2747994142330747,1.4240530940971174,0.03219789733045905,1.9770837264469658,2.0980424219806824,1.0
u118,2024-05-13T00:00:00.000000,1,0,3.490601815284962,3.1099786707465755,0.6145683254491091,0.0354109490204382,3.6803686261891513,2.735531735619285,1.0
u118,2024-05-20T00:00:00.000000,1,0,3.260851052982151,2.8391687121761855,1.233502865222554,0.0191314636492285,3.6803686261891513,2.735531735619285,1.0
u118,2024-05-27T00:00:00.000000,1,0,3.6011672785088122,2.501981352099601,1.4571688831669165,0.03576550870174724,3.6803686261891513,2.735531735619285,1.0
u118,2024-06-03T00:00:00.000000,1,0,3.6519260583721547,2.488631279660763,1.9374371790442209,0.005959634219531895,3.6803686261891513,2.735531735619285,1.0
u118,2024-06-10T00:00:00.000000,1,0,3.670893201425212,2.5047019485018995,1.0067187808132831,0.014410419322846825,3.6803686261891513,2.735531735619285,1.0
u118,2024-06-17T00:00:00.000000,1,0,3.3488071739438956,2.383108133124776,1.8273357350288513,0.017839620626662746,3.6803686261891513,2.735531735619285,1.0
u118,2024-06-24T00:00:00.000000,1,0,3.493522375232304,2.884413482358828,0.8523859236227017,0.0047949072400420515,3.6803686261891513,2.735531735619285,1.0
u118,2024-07-01T00:00:00.000000,1,1,5.463368228329482,2.7485655488921314,1.2355125210237015,0.028367948692874453,3.6803686261891513,2.735531735619285,1.0
u118,2024-07-08T00:00:00.000000,1,1,5.7956974574750495,2.422426290125597,0.5726430949609146,0.047560994348538776,3.6803686261891513,2.735531735619285,1.0
u118,2024-07-15T00:00:00.000000,1,1,5.995528721161102,2.710895676467504,1.6593521998123122,0.00983790304594704,3.6803686261891513,2.735531735619285,1.0
u118,2024-07-22T00:00:00.000000,1,1,5.544636524335337,2.9539130227716552,1.9407460760999988,0.048278965079726316,3.6803686261891513,2.735531735619285,1.0
u118,2024-07-29T00:00:00.000000,1,1,5.563307037939192,2.805443325345697,0.7020246629818554,0.031459896941479715,3.6803686261891513,2.735531735619285,1.0
u118,2024-08-05T00:00:00.000000,1,1,5.357960515681621,2.785043132557044,0.10984532468717939,0.0028882007297404756,3.6803686261891513,2.735531735619285,1.0
u118,2024-08-12T00:00:00.000000,1,1,5.663860236272063,2.762332630852867,1.8232149241608686,0.025931633767334317,3.6803686261891513,2.735531735619285,1.0
u119,2024-05-13T00:00:00.000000,1,0,4.403748422846005,2.601891727026493,1.7413328482978672,0.037102487666046034,4.086012824783549,2.547272905900183,1.0
u119,2024-05-20T00:00:00.000000,1,0,3.3187089034333472,2.4674146935502015,1.2374605976695991,0.026428721498108834,4.086012824783549,2.547272905900183,1.0
u119,2024-05-27T00:00:00.000000,1,0,4.147709816962019,2.731355805568305,1.6419843224548016,0.0026923180222403866,4.086012824783549,2.547272905900183,1.0
u119,2024-06-03T00:00:00.000000,1,0,4.090329732729219,2.6167747678868,0.23986259825112244,0.04882715067265318,4.086012824783549,2.547272905900183,1.0
u119,2024-06-10T00:00:00.000000,1,0,4.054960230254632,2.9021093506009366,0.5624309219938193,0.04837760026360281,4.086012824783549,2.547272905900183,1.0
u119,2024-06-17T00:00:00.000000,1,0,4.068112280615391,2.4817244225668302,0.15117795427668718,0.02766866858623443,4.086012824783549,2.547272905900183,1.0
u119,2024-06-24T00:00:00.000000,1,0,3.2874232236363508,1.9346992812653214,0.7408186473496049,0.02413518245944485,4.086012824783549,2.547272905900183,1.0
u119,2024-07-01T00:00:00.000000,1,1,6.652215108660333,2.5437672562437474,1.2630174282388302,0.04498463758481269,4.086012824783549,2.547272905900183,1.0
u119,2024-07-08T00:00:00.000000,1,1,6.089440179391943,2.345865261043161,0.4988471703154824,0.006194310151691352,4.086012824783549,2.547272905900183,1.0
u119,2024-07-15T00:00:00.000000,1,1,6.229497035002603,2.545100156560544,0.29511934128622097,0.036926580451036084,4.086012824783549,2.547272905900183,1.0
u119,2024-07-22T00:00:00.000000,1,1,6.108904868038263,2.4894400262180603,1.3543340472074317,0.009869820531680801,4.086012824783549,2.547272905900183,1.0
u119,2024-07-29T00:00:00.000000,1,1,6.130075376720095,2.2587795357310507,1.928455883326353,0.019095944195917106,4.086012824783549,2.547272905900183,1.0
u119,2024-08-05T00:00:00.000000,1,1,6.433653082973753,2.507045670331859,0.6542073737880613,0.04898312258277817,4.086012824783549,2.547272905900183,1.0
u119,2024-08-12T00:00:00.000000,1,1,6.313939916688992,2.3721049150955644,0.9158046638303386,0.006253201154058108,4.086012824783549,2.547272905900183,1.0
u120,2024-05-13T00:00:00.000000,1,0,2.1534699608191796,2.7578920600142682,0.8726105623140318,0.008526836305872738,2.2227117204655844,2.5988460162855254,1.0
u120,2024-05-20T00:00:00.000000,1,0,2.2714335357184026,2.5736539297761256,0.21747502532620366,0.01883842356483676,2.2227117204655844,2.5988460162855254,1.0
u120,2024-05-27T00:00:00.000000,1,0,2.520933671467353,2.388610826832107,1.9000290522333572,0.02135077086685346,2.2227117204655844,2.5988460162855254,1.0
u120,2024-06-03T00:00:00.000000,1,0,2.505126305612688,2.5803743749179495,0.5123879760006932,0.015179125261632925,2.2227117204655844,2.5988460162855254,1.0
u120,2024-06-10T00:00:00.000000,1,0,2.1093760747133596,2.358125973306435,0.9774441954795718,0.011387076808776365,2.2227117204655844,2.5988460162855254,1.0
u120,2024-06-17T00:00:00.000000,1,0,1.9026779491983645,2.8703135330854868,1.9161889242335228,0.04045231442152444,2.2227117204655844,2.5988460162855254,1.0
u120,2024-06-24T00:00:00.000000,1,0,1.9718212944788078,2.750752765438169,0.4955247884787818,0.03162911886976209,2.2227117204655844,2.5988460162855254,1.0
u120,2024-07-01T00:00:00.000000,1,1,4.238567113426269,3.0644070835708437,0.6159742040337474,0.00905596938818407,2.2227117204655844,2.5988460162855254,1.0
u120,2024-07-08T00:00:00.000000,1,1,4.428226409560739,3.026480910382567,1.1901834194209855,0.04184751811595802,2.2227117204655844,2.5988460162855254,1.0
u120,2024-07-15T00:00:00.000000,1,1,4.151642452731596,2.515428370857135,0.600629656591245,0.023944024946747168,2.2227117204655844,2.5988460162855254,1.0
u120,2024-07-22T00:00:00.000000,1,1,4.643898536530588,2.3143242965902013,0.11946618472861097,0.01697309852853453,2.2227117204655844,2.5988460162855254,1.0
u120,2024-07-29T00:00:00.000000,1,1,4.213656263321829,2.4029671829049715,0.21837336353905318,0.013525979835510056,2.2227117204655844,2.5988460162855254,1.0
u120,2024-08-05T00:00:00.000000,1,1,3.9956028507104446,2.639892234626121,1.1795601612803872,0.016874001153723662,2.2227117204655844,2.5988460162855254,1.0
u120,2024-08-12T00:00:00.000000,1,1,4.257376577414924,2.6368132951560206,1.2103456500383656,0.033955668328603396,2.2227117204655844,2.5988460162855254,1.0
u121,2024-05-13T00:00:00.000000,1,0,2.8333114188555557,2.4401001144511087,1.4110480932381602,0.011494374227319849,2.8910693897125332,2.4582930934093743,1.0
u121,2024-05-20T00:00:00.000000,1,0,2.722790689448822,2.5302582266667524,0.11288503886247943,0.04777639342113104,2.8910693897125332,2.4582930934093743,1.0
u121,2024-05-27T00:00:00.000000,1,0,3.4777153529016696,2.610159847701068,1.995738897042435,0.015856383727826707,2.8910693897125332,2.4582930934093743,1.0
u121,2024-06-03T00:00:00.000000,1,0,3.4040391664907483,2.8284638202676278,0.6787330675232776,0.022527014219375002,2.8910693897125332,2.4582930934093743,1.0
u121,2024-06-10T00:00:00.000000,1,0,2.829499738131323,2.4500256372165925,0.9024657005142636,0.015470496868081324,2.8910693897125332,2.4582930934093743,1.0
u121,2024-06-17T00:00:00.000000,1,0,2.674964978504729,2.4200718514533923,0.542189810291781,0.03556881018762414,2.8910693897125332,2.4582930934093743,1.0
u121,2024-06-24T00:00:00.000000,1,0,2.824927014936638,2.54940918087669,1.4544733719759757,0.038273419221500266,2.8910693897125332,2.4582930934093743,1.0
u121,2024-07-01T00:00:00.000000,1,1,5.324372500340562,2.209945530979101,1.475547372146936,0.016964729434665687,2.8910693897125332,2.4582930934093743,1.0
u121,2024-07-08T00:00:00.000000,1,1,4.953830137458525,2.7433089599344633,1.2416933303659325,0.02792405867029222,2.8910693897125332,2.4582930934093743,1.0
u121,2024-07-15T00:00:00.000000,1,1,5.3243445086332475,2.0848810572303815,1.199249273700182,0.0404358935881124,2.8910693897125332,2.4582930934093743,1.0
u121,2024-07-22T00:00:00.000000,1,1,5.481837134759182,2.141702009464927,1.913597236629863,0.00965416037304076,2.8910693897125332,2.4582930934093743,1.0
u121,2024-07-29T00:00:00.000000,1,1,4.7569665517389765,2.2138922160174155,0.9536606194843584,0.02853613464595846,2.8910693897125332,2.4582930934093743,1.0
u121,2024-08-05T00:00:00.000000,1,1,4.557369815278126,2.6063499601399576,0.8930900678772604,0.03589663227718123,2.8910693897125332,2.4582930934093743,1.0
u121,2024-08-12T00:00:00.000000,1,1,4.732726645804565,2.5256345317606357,0.14142907778298786,0.02518752835665485,2.8910693897125332,2.4582930934093743,1.0
u122,2024-05-13T00:00:00.000000,1,0,2.8609854734879203,2.050402537064096,0.11088871135493052,0.005774293681147447,2.9540140660647496,2.259246940179328,1.0
u122,2024-05-20T00:00:00.000000,1,0,2.5157964742731647,2.081125280777811,0.717677009854176,0.012942646996194386,2.9540140660647496,2.259246940179328,1.0
u122,2024-05-27T00:00:00.000000,1,0,2.725703894976714,2.4006550851987076,0.7779725780501499,0.0033646923865577774,2.9540140660647496,2.259246940179328,1.0
u122,2024-06-03T00:00:00.000000,1,0,2.853847422611311,2.2241163793513565,0.7173670213013024,0.008147862289365222,2.9540140660647496,2.259246940179328,1.0
u122,2024-06-10T00:00:00.000000,1,0,2.8337009208390227,2.1805873507748985,0.6146399228611731,0.02769312406531207,2.9540140660647496,2.259246940179328,1.0
u122,2024-06-17T00:00:00.000000,1,0,3.3973649560672317,2.356887868126042,1.9163701117463832,0.006533525448932798,2.9540140660647496,2.259246940179328,1.0
u122,2024-06-24T00:00:00.000000,1,0,2.991218661646431,2.502191235078884,1.4158517360660192,0.018715044857123615,2.9540140660647496,2.259246940179328,1.0
u122,2024-07-01T00:00:00.000000,1,1,4.503675630820432,2.267617835335823,1.9661892618108847,0.03032529161865244,2.9540140660647496,2.259246940179328,1.0
u122,2024-07-08T00:00:00.000000,1,1,5.013107857442529,2.2067904159761156,0.17700136478289868,0.008682547764583442,2.9540140660647496,2.259246940179328,1.0
u122,2024-07-15T00:00:00.000000,1,1,5.45810619785825,2.27494095581473,1.595442163562503,0.032937134522266855,2.9540140660647496,2.259246940179328,1.0
u122,2024-07-22T00:00:00.000000,1,1,4.590103390505137,2.3705587657979925,0.2296999005486112,0.03454433982156426,2.9540140660647496,2.259246940179328,1.0
u122,2024-07-29T00:00:00.000000,1,1,4.566133549864277,2.284695229973978,0.47173430932604943,0.01069262377279996,2.9540140660647496,2.259246940179328,1.0
u122,2024-08-05T00:00:00.000000,1,1,5.559493729202405,2.174189900739706,0.3576899915950741,0.03296429307096752,2.9540140660647496,2.259246940179328,1.0
u122,2024-08-12T00:00:00.000000,1,1,5.171852782899415,2.3140237278312643,0.7066514606471551,0.009592986186652053,2.9540140660647496,2.259246940179328,1.0
u123,2024-05-13T00:00:00.000000,1,0,5.538369905310296,1.2286054097757397,0.8103205191266315,0.030292444766578892,4.948979249345371,1.0483896417282086,1.0
u123,2024-05-20T00:00:00.000000,1,0,4.776676016802205,1.3474984447685556,1.2893448620813,0.024102994913969375,4.948979249345371,1.0483896417282086,1.0
u123,2024-05-27T00:00:00.000000,1,0,4.742435576085632,1.1735385503461262,0.6507941765702903,0.035179362858912794,4.948979249345371,1.0483896417282086,1.0
u123,2024-06-03T00:00:00.000000,1,0,5.080579699570474,1.2355781699885218,1.975674753876406,0.04395484395956567,4.948979249345371,1.0483896417282086,1.0
u123,2024-06-10T00:00:00.000000,1,0,5.07214473986286,1.09311262301615,1.2418073642645557,0.026740564890391734,4.948979249345371,1.0483896417282086,1.0
u123,2024-06-17T00:00:00.000000,1,0,4.96361538085576,1.284634994611207,1.2606582989165522,0.026885299252686685,4.948979249345371,1.0483896417282086,1.0
u123,2024-06-24T00:00:00.000000,1,0,4.848813801547305,0.8659260168174843,1.8252789678864645,0.03558683646723095,4.948979249345371,1.0483896417282086,1.0
u123,2024-07-01T00:00:00.000000,1,1,7.260722398790625,1.021367035546883,1.6706677206164027,0.0273342105784764,4.948979249345371,1.0483896417282086,1.0
u123,2024-07-08T00:00:00.000000,1,1,6.922767868197421,0.909773531330567,0.2037191948602096,0.01601894798187402,4.948979249345371,1.0483896417282086,1.0
u123,2024-07-15T00:00:00.000000,1,1,6.936335205231563,0.839153197782091,0.7798117107930095,0.04300118914417267,4.948979249345371,1.0483896417282086,1.0
u123,2024-07-22T00:00:00.000000,1,1,6.784945722666103,1.114467192859405,0.5549128917298098,0.03549311496137494,4.948979249345371,1.0483896417282086,1.0
u123,2024-07-29T00:00:00.000000,1,1,6.935438035191517,1.0142508124844347,1.3478337642684244,0.03060793086810176,4.948979249345371,1.0483896417282086,1.0
u123,2024-08-05T00:00:00.000000,1,1,6.550143704946648,1.162349231469362,0.26315451618168656,0.007912509047003047,4.948979249345371,1.0483896417282086,1.0
u123,2024-08-12T00:00:00.000000,1,1,6.9077451514774335,1.132079515525193,1.8357310318706797,0.0398706134798485,4.948979249345371,1.0483896417282086,1.0
u124,2024-05-13T00:00:00.000000,1,0,1.3223134723533,2.041316748212888,0.6074734256110845,0.0414465490743733,1.025233523041817,1.8079601157748404,1.0
u124,2024-05-20T00:00:00.000000,1,0,0.9908098112417899,1.8468412911629541,1.969399861174717,0.03435272916268167,1.025233523041817,1.8079601157748404,1.0
u124,2024-05-27T00:00:00.000000,1,0,0.6024227067742545,1.9294185607721293,1.3218513876102327,0.022815548980260177,1.025233523041817,1.8079601157748404,1.0
u124,2024-06-03T00:00:00.000000,1,0,1.1306729815164112,1.7966583262967821,1.0065417330389737,0.026566074140611462,1.025233523041817,1.8079601157748404,1.0
u124,2024-06-10T00:00:00.000000,1,0,0.7847897028189098,1.653791190483279,1.5954332411619812,0.006320587182091947,1.025233523041817,1.8079601157748404,1.0
u124,2024-06-17T00:00:00.000000,1,0,1.0696210626692546,1.7698161402132198,0.632077504964802,0.020125356294720922,1.025233523041817,1.8079601157748404,1.0
u124,2024-06-24T00:00:00.000000,1,0,1.777550958693897,1.6538150854751987,0.4277726816267252,0.04346837552536333,1.025233523041817,1.8079601157748404,1.0
u124,2024-07-01T00:00:00.000000,1,1,3.151537513779983,1.5319639825941012,0.721337453454713,0.0023741038889114664,1.025233523041817,1.8079601157748404,1.0
u124,2024-07-08T00:00:00.000000,1,1,3.297951975383346,1.7657676599007042,1.867459834771835,0.036535427170078225,1.025233523041817,1.8079601157748404,1.0
u124,2024-07-15T00:00:00.000000,1,1,3.1951539288395905,2.002558003264682,0.9146400161858883,0.013839637198732286,1.025233523041817,1.8079601157748404,1.0
u124,2024-07-22T00:00:00.000000,1,1,3.2086398491192796,2.0498031943117327,1.782713663381512,0.018058665520884514,1.025233523041817,1.8079601157748404,1.0
u124,2024-07-29T00:00:00.000000,1,1,3.2803796840023898,1.8503566257291628,1.8132896941315289,0.03211903758578151,1.025233523041817,1.8079601157748404,1.0
u124,2024-08-05T00:00:00.000000,1,1,2.6498618873633197,1.7899456766131194,1.8136416594191882,0.027340843413588545,1.025233523041817,1.8079601157748404,1.0
u124,2024-08-12T00:00:00.000000,1,1,3.1265366286532257,1.8122216138458627,0.2034368120493748,0.015703845866478584,1.025233523041817,1.8079601157748404,1.0
u125,2024-05-13T00:00:00.000000,1,0,3.4529446270140154,1.1231019412069918,0.3471578727725046,0.001842706930842586,2.9157278054096643,1.1514801409212205,1.0
u125,2024-05-20T00:00:00.000000,1,0,2.769204308590003,1.4602917505213253,1.1932659533398031,0.02444800626389758,2.9157278054096643,1.1514801409212205,1.0
u125,2024-05-27T00:00:00.000000,1,0,2.8834777590804466,1.2753037379239711,0.3683930042215773,0.013806493382633173,2.9157278054096643,1.1514801409212205,1.0
u125,2024-06-03T00:00:00.000000,1,0,3.0171595818615633,1.0632485915321315,1.5631758240222686,0.044855492197832664,2.9157278054096643,1.1514801409212205,1.0
u125,2024-06-10T00:00:00.000000,1,0,3.0966086117870417,1.0276527494260987,0.2737934475012592,0.008472030027252426,2.9157278054096643,1.1514801409212205,1.0
u125,2024-06-17T00:00:00.000000,1,0,2.743957809923293,1.0456951290920717,1.8583528486373293,0.014910789468522279,2.9157278054096643,1.1514801409212205,1.0
u125,2024-06-24T00:00:00.000000,1,0,2.625012062552725,1.0116968734398861,1.663304511861594,0.027418242119000055,2.9157278054096643,1.1514801409212205,1.0
u125,2024-07-01T00:00:00.000000,1,1,4.859284999868236,0.9490743407379134,1.9187163834977452,0.02129012782157895,2.9157278054096643,1.1514801409212205,1.0
u125,2024-07-08T00:00:00.000000,1,1,5.137411576646699,1.2589861065600092,0.8199753818033968,0.04724984139471691,2.9157278054096643,1.1514801409212205,1.0
u125,2024-07-15T00:00:00.000000,1,1,4.671237013409859,1.4094612462735547,1.6003378794155134,0.027470474567006936,2.9157278054096643,1.1514801409212205,1.0
u125,2024-07-22T00:00:00.000000,1,1,4.927677335876605,1.091457122324218,0.526045261730532,0.013040536885513555,2.9157278054096643,1.1514801409212205,1.0
u125,2024-07-29T00:00:00.000000,1,1,4.791080006137906,0.9609728076620834,1.5028059802095595,0.04277168448185019,2.9157278054096643,1.1514801409212205,1.0
u125,2024-08-05T00:00:00.000000,1,1,4.804299967101273,1.1344611468362373,0.7068860792167595,0.04999304241039438,2.9157278054096643,1.1514801409212205,1.0
u125,2024-08-12T00:00:00.000000,1,1,4.953043849325458,1.281628026452666,0.5840657221098535,0.016065272644255234,2.9157278054096643,1.1514801409212205,1.0
u126,2024-05-13T00:00:00.000000,1,0,2.8533748410738267,1.4652972730104372,1.1936518699679708,0.02945791222045667,2.8191395697322426,1.7178321754141017,1.0
u126,2024-05-20T00:00:00.000000,1,0,3.094609327692277,1.6501410261657188,1.5008025881745013,0.0047578986702382035,2.8191395697322426,1.7178321754141017,1.0
u126,2024-05-27T00:00:00.000000,1,0,2.6158086595135965,1.794019164783816,1.687579531690367,0.010304558945885535,2.8191395697322426,1.7178321754141017,1.0
u126,2024-06-03T00:00:00.000000,1,0,2.8315494188365045,2.085381301571453,0.2833948766807251,0.005281061075543797,2.8191395697322426,1.7178321754141017,1.0
u126,2024-06-10T00:00:00.000000,1,0,2.536485270644451,1.8018722767867525,1.0431710284736193,0.037437559887227995,2.8191395697322426,1.7178321754141017,1.0
u126,2024-06-17T00:00:00.000000,1,0,2.959142609156472,1.455344404973997,0.40689167036359397,0.029968898386107376,2.8191395697322426,1.7178321754141017,1.0
u126,2024-06-24T00:00:00.000000,1,0,2.6687435119167593,1.524041584279262,1.3309894831600038,0.035774649839544925,2.8191395697322426,1.7178321754141017,1.0
u126,2024-07-01T00:00:00.000000,1,1,4.788775502327467,1.738250300391718,0.9248826902847082,0.004475946316915153,2.8191395697322426,1.7178321754141017,1.0
u126,2024-07-08T00:00:00.000000,1,1,4.60331842382615,1.9961188112651642,1.841058772523411,0.04400279995040288,2.8191395697322426,1.7178321754141017,1.0
u126,2024-07-15T00:00:00.000000,1,1,5.174071192296664,1.9441036058647654,0.3927366652976513,0.002418371309957579,2.8191395697322426,1.7178321754141017,1.0
u126,2024-07-22T00:00:00.000000,1,1,4.94549329483151,1.6098443396955537,0.8019061410335138,0.023634333321779857,2.8191395697322426,1.7178321754141017,1.0
u126,2024-07-29T00:00:00.000000,1,1,5.003924550876665,2.0903306098245764,0.6969165626244131,0.020919477733175082,2.8191395697322426,1.7178321754141017,1.0
u126,2024-08-05T00:00:00.000000,1,1,5.020786063192455,1.4256368539430735,1.123120758086176,0.03655819547716008,2.8191395697322426,1.7178321754141017,1.0
u126,2024-08-12T00:00:00.000000,1,1,4.642173487522903,2.150220531651802,1.3409368683524878,0.024105536012721224,2.8191395697322426,1.7178321754141017,1.0
u127,2024-05-13T00:00:00.000000,1,0,2.9417134968586116,0.5573778537505583,0.10661565500076234,0.010639579602075545,3.0759392401155146,0.30756742015332483,1.0
u127,2024-05-20T00:00:00.000000,1,0,3.2391361244123003,0.22827424374402305,1.2363521123124586,0.008866683164836587,3.0759392401155146,0.30756742015332483,1.0
u127,2024-05-27T00:00:00.000000,1,0,3.3913070322332923,0.6627070266264676,0.9756280649568944,0.019365330266032273,3.0759392401155146,0.30756742015332483,1.0
u127,2024-06-03T00:00:00.000000,1,0,3.19252682235885,0.13609826964248994,0.621709605058641,0.021227801874692018,3.0759392401155146,0.30756742015332483,1.0
u127,2024-06-10T00:00:00.000000,1,0,3.002418968637505,0.31735509869494716,1.8411341798025136,0.02750635239089823,3.0759392401155146,0.30756742015332483,1.0
u127,2024-06-17T00:00:00.000000,1,0,3.1251034708383267,0.18780215106196796,1.601785631084375,0.01321608064924928,3.0759392401155146,0.30756742015332483,1.0
u127,2024-06-24T00:00:00.000000,1,0,3.062511947744776,0.2197975521640015,0.14114046256086998,0.04735313209457143,3.0759392401155146,0.30756742015332483,1.0
u127,2024-07-01T00:00:00.000000,1,1,4.856799362442829,0.2515818549127539,1.5131747482055984,0.016612225770104395,3.0759392401155146,0.30756742015332483,1.0
u127,2024-07-08T00:00:00.000000,1,1,5.081597794133001,0.34292135579850547,0.14569590377921535,0.02507704560499476,3.0759392401155146,0.30756742015332483,1.0
u127,2024-07-15T00:00:00.000000,1,1,4.711363200824695,0.27360401293431014,0.9432020896107327,0.026626506459246663,3.0759392401155146,0.30756742015332483,1.0
u127,2024-07-22T00:00:00.000000,1,1,4.307964270224766,0.0819667784646197,1.711723541208154,0.03107592101149751,3.0759392401155146,0.30756742015332483,1.0
u127,2024-07-29T00:00:00.000000,1,1,5.471651040890085,0.5851116740875095,1.1358394210535703,0.002968144012946178,3.0759392401155146,0.30756742015332483,1.0
u127,2024-08-05T00:00:00.000000,1,1,4.764763956235829,0.5369163412432643,1.073712688307352,0.04351938027012715,3.0759392401155146,0.30756742015332483,1.0
u127,2024-08-12T00:00:00.000000,1,1,4.966409847312288,0.7021465911094209,0.13741927183740507,0.002958082324884004,3.0759392401155146,0.30756742015332483,1.0
u128,2024-05-13T00:00:00.000000,1,0,1.9375927539007776,1.2872990654166059,0.5374015816807389,0.039025666978813635,2.083092177388038,1.493894910556312,1.0
u128,2024-05-20T00:00:00.000000,1,0,2.024103666313332,1.5043681751943392,0.42749232501035206,0.005545419253173462,2.083092177388038,1.493894910556312,1.0
u128,2024-05-27T00:00:00.000000,1,0,2.4691219785751546,1.4240760778883284,0.18653062331012688,0.016681751856316752,2.083092177388038,1.493894910556312,1.0
u128,2024-06-03T00:00:00.000000,1,0,2.49433114561719,1.4729234329997052,1.663024847986859,0.006463297294769955,2.083092177388038,1.493894910556312,1.0
u128,2024-06-10T00:00:00.000000,1,0,2.1433042348365183,1.2870427387282886,0.8287486041746448,0.03242030642241612,2.083092177388038,1.493894910556312,1.0
u128,2024-06-17T00:00:00.000000,1,0,1.680265992603285,1.6281918895581686,0.6801573035345982,0.026597422797603118,2.083092177388038,1.493894910556312,1.0
u128,2024-06-24T00:00:00.000000,1,0,1.944318523201913,1.7409906300491413,0.11362509959931286,0.04421050207825022,2.083092177388038,1.493894910556312,1.0
u128,2024-07-01T00:00:00.000000,1,1,3.950901331072119,1.586468275007293,0.5202066964938787,0.034153830057888995,2.083092177388038,1.493894910556312,1.0
u128,2024-07-08T00:00:00.000000,1,1,4.289152265788495,1.615140951733181,0.7109623078348853,0.04271203625968865,2.083092177388038,1.493894910556312,1.0
u128,2024-07-15T00:00:00.000000,1,1,4.0215959593083,1.3487221020576667,0.65699299521272,0.006015628379817445,2.083092177388038,1.493894910556312,1.0
u128,2024-07-22T00:00:00.000000,1,1,3.6791334134477958,1.4425897990877918,1.779346666942488,0.0018317470901772438,2.083092177388038,1.493894910556312,1.0
u128,2024-07-29T00:00:00.000000,1,1,4.106769741193006,1.4071281823746367,1.9556736969315254,0.03250652996490216,2.083092177388038,1.493894910556312,1.0
u128,2024-08-05T00:00:00.000000,1,1,4.291991441808553,1.5345376630152505,0.7826288573928555,0.0004357348663366845,2.083092177388038,1.493894910556312,1.0
u128,2024-08-12T00:00:00.000000,1,1,3.712404947589433,1.4722707429129278,0.15329985687158257,0.0009066325229882988,2.083092177388038,1.493894910556312,1.0
u129,2024-05-13T00:00:00.000000,1,0,1.4190457378620178,1.0383894235271638,1.602233979131629,0.027722984999533164,2.1513627234786474,0.923906307014525,1.0
u129,2024-05-20T00:00:00.000000,1,0,2.1566880151408,0.9607357015968397,1.995613481323375,0.030899306046076838,2.1513627234786474,0.923906307014525,1.0
u129,2024-05-27T00:00:00.000000,1,0,1.8780319599573327,1.484798805561741,1.820883638198625,0.04105959040953805,2.1513627234786474,0.923906307014525,1.0
u129,2024-06-03T00:00:00.000000,1,0,1.9765976804741976,0.37013166272165254,1.7871175071220233,0.014963918606103521,2.1513627234786474,0.923906307014525,1.0
u129,2024-06-10T00:00:00.000000,1,0,1.8778640106280216,0.8297615225642236,1.2399977362634151,0.049907650030634645,2.1513627234786474,0.923906307014525,1.0
u129,2024-06-17T00:00:00.000000,1,0,1.7548913598187839,0.8782832706713971,1.1903405591131668,0.04486608845686505,2.1513627234786474,0.923906307014525,1.0
u129,2024-06-24T00:00:00.000000,1,0,1.772237627656691,0.9667690041988266,0.22385047012139833,0.016131986717193198,2.1513627234786474,0.923906307014525,1.0
u129,2024-07-01T00:00:00.000000,1,1,4.211482573622735,0.9652443215137297,1.5102428349464116,0.033396161523407054,2.1513627234786474,0.923906307014525,1.0
u129,2024-07-08T00:00:00.000000,1,1,4.0521028029373145,0.8905866454846014,1.636971726422522,0.014689014588253547,2.1513627234786474,0.923906307014525,1.0
u129,2024-07-15T00:00:00.000000,1,1,4.556718022016348,1.2128013668891438,1.7046563797869048,0.015994279535350788,2.1513627234786474,0.923906307014525,1.0
u129,2024-07-22T00:00:00.000000,1,1,3.495474749790568,1.1396732898665132,0.36231728500861893,0.02086680200867008,2.1513627234786474,0.923906307014525,1.0
u129,2024-07-29T00:00:00.000000,1,1,4.503431426605328,0.7515945308389631,1.813602039967785,0.0024466847762921575,2.1513627234786474,0.923906307014525,1.0
u129,2024-08-05T00:00:00.000000,1,1,3.817281873994184,0.9020101250931115,1.4337294879097449,0.04434655846490937,2.1513627234786474,0.923906307014525,1.0
u129,2024-08-12T00:00:00.000000,1,1,4.525590624525751,1.1506267786157247,0.10489935992451388,0.024846076612572328,2.1513627234786474,0.923906307014525,1.0
u130,2024-05-13T00:00:00.000000,1,0,4.306469168474035,1.7380027227995585,1.8384608928285806,0.01635783304290211,4.771544594559621,1.8033412405169484,1.0
u130,2024-05-20T00:00:00.000000,1,0,4.599038685623296,1.6746436987003226,0.582378006600621,0.003188875323036267,4.771544594559621,1.8033412405169484,1.0
u130,2024-05-27T00:00:00.000000,1,0,4.725270546340792,2.0131949102941107,1.4304871578574192,0.04098912478299196,4.771544594559621,1.8033412405169484,1.0
u130,2024-06-03T00:00:00.000000,1,0,4.293388202924609,1.8923837825663523,0.17715586003750716,0.010712791146673097,4.771544594559621,1.8033412405169484,1.0
u130,2024-06-10T00:00:00.000000,1,0,4.816232156932325,1.9611103831474033,1.5751684805584263,0.007119396249413507,4.771544594559621,1.8033412405169484,1.0
u130,2024-06-17T00:00:00.000000,1,0,4.581827067504814,1.6771868994787038,1.9838239639106718,0.03270349345291681,4.771544594559621,1.8033412405169484,1.0
u130,2024-06-24T00:00:00.000000,1,0,4.4646550446929005,1.8395139254479147,0.9566592188904351,0.03858038000529343,4.771544594559621,1.8033412405169484,1.0
u130,2024-07-01T00:00:00.000000,1,1,7.059852897545593,1.7783121227747165,1.0722341275099552,0.04959647046089962,4.771544594559621,1.8033412405169484,1.0
u130,2024-07-08T00:00:00.000000,1,1,6.653868509118775,1.870995685282391,0.8629848122262638,0.023399648318864725,4.771544594559621,1.8033412405169484,1.0
u130,2024-07-15T00:00:00.000000,1,1,6.708467269027592,1.7702100779921186,1.9309491409605066,0.04557436026173947,4.771544594559621,1.8033412405169484,1.0
u130,2024-07-22T00:00:00.000000,1,1,6.393072075840281,1.433767216555865,1.372620180843847,0.022584274790287236,4.771544594559621,1.8033412405169484,1.0
u130,2024-07-29T00:00:00.000000,1,1,6.690376234105638,1.8473167131216215,1.6853676849556565,0.024864301210550332,4.771544594559621,1.8033412405169484,1.0
u130,2024-08-05T00:00:00.000000,1,1,7.052378532038533,1.3689016125458306,0.8003839923469501,0.001585857640544386,4.771544594559621,1.8033412405169484,1.0
u130,2024-08-12T00:00:00.000000,1,1,6.588577735500627,1.8494391692029195,0.5271030935493354,0.012366163676988375,4.771544594559621,1.8033412405169484,1.0
u131,2024-05-13T00:00:00.000000,1,0,2.8967000634447784,1.2837717571521292,1.1975253984925829,0.008002236356955118,3.1286281119913024,1.0897600391106086,1.0
u131,2024-05-20T00:00:00.000000,1,0,3.176117223156677,1.2818510546049426,1.3203656043988854,0.021371247363644687,3.1286281119913024,1.0897600391106086,1.0
u131,2024-05-27T00:00:00.000000,1,0,3.076962070563073,1.1766385444275687,0.9797291644990263,0.01865151945471453,3.1286281119913024,1.0897600391106086,1.0
u131,2024-06-03T00:00:00.000000,1,0,3.2418921680610584,1.1759966643184545,1.5807491368624185,0.021299604928684608,3.1286281119913024,1.0897600391106086,1.0
u131,2024-06-10T00:00:00.000000,1,0,3.5755447876544144,0.9977844759632042,0.1860419276741095,0.026995940530045504,3.1286281119913024,1.0897600391106086,1.0
u131,2024-06-17T00:00:00.000000,1,0,3.6442501599160355,1.0263541151526419,0.9317999860430956,0.00980601775722561,3.1286281119913024,1.0897600391106086,1.0
u131,2024-06-24T00:00:00.000000,1,0,3.5943382139900444,1.1740422205203167,0.8585231778847385,0.04283075711919756,3.1286281119913024,1.0897600391106086,1.0
u131,2024-07-01T00:00:00.000000,1,1,5.226141534347192,0.8292957580906022,0.6053040506570125,0.03000147208714742,3.1286281119913024,1.0897600391106086,1.0
u131,2024-07-08T00:00:00.000000,1,1,5.0098675936164705,1.0092421185596872,0.9325076692785669,0.016719475041026093,3.1286281119913024,1.0897600391106086,1.0
u131,2024-07-15T00:00:00.000000,1,1,5.606378602092991,1.1495296479982873,0.8536805001804629,0.03692396328031138,3.1286281119913024,1.0897600391106086,1.0
u131,2024-07-22T00:00:00.000000,1,1,5.269948294446119,1.1448981856590181,0.9369613528177947,0.0253843889867882,3.1286281119913024,1.0897600391106086,1.0
u131,2024-07-29T00:00:00.000000,1,1,5.32969454908878,1.2403824992861636,1.8306175631817558,0.0393389337605517,3.1286281119913024,1.0897600391106086,1.0
u131,2024-08-05T00:00:00.000000,1,1,5.587747452427475,0.9941797311559218,1.3247704572349521,0.014391514821968727,3.1286281119913024,1.0897600391106086,1.0
u131,2024-08-12T00:00:00.000000,1,1,4.945760756312212,0.9281955620483099,0.6077126100454779,0.04514091040700388,3.1286281119913024,1.0897600391106086,1.0
u132,2024-05-13T00:00:00.000000,1,0,4.3991641533528725,1.6417516657807483,0.1531744624969107,0.01739334127970272,4.3192972579625035,1.3885629489510285,1.0
u132,2024-05-20T00:00:00.000000,1,0,4.511688372389702,1.276932591771885,1.889928693975583,0.012735511452757253,4.3192972579625035,1.3885629489510285,1.0
u132,2024-05-27T00:00:00.000000,1,0,4.261490970136455,1.3681158033586003,0.10734137644924559,0.03637785261772996,4.3192972579625035,1.3885629489510285,1.0
u132,2024-06-03T00:00:00.000000,1,0,4.313399201836977,1.6056701755872687,1.4136934267565224,0.002610747754117154,4.3192972579625035,1.3885629489510285,1.0
u132,2024-06-10T00:00:00.000000,1,0,3.7833116119236,1.6118894801833499,1.909982293794693,0.03420257706087939,4.3192972579625035,1.3885629489510285,1.0
u132,2024-06-17T00:00:00.000000,1,0,4.02753740799038,1.1515481402903773,1.7599155182280262,0.010077796383567024,4.3192972579625035,1.3885629489510285,1.0
u132,2024-06-24T00:00:00.000000,1,0,4.663129249678028,1.4122470132383327,0.6598465688252757,0.025245736858532115,4.3192972579625035,1.3885629489510285,1.0
u132,2024-07-01T00:00:00.000000,1,1,5.92896890900311,1.3858120730291823,1.9337553567320167,0.03465690173272151,4.3192972579625035,1.3885629489510285,1.0
u132,2024-07-08T00:00:00.000000,1,1,6.596887127153376,1.43940108426256,0.5541755100875767,0.03564399283335968,4.3192972579625035,1.3885629489510285,1.0
u132,2024-07-15T00:00:00.000000,1,1,6.31716732938976,1.2801258952691608,0.8836167902745994,0.031742010950815296,4.3192972579625035,1.3885629489510285,1.0
u132,2024-07-22T00:00:00.000000,1,1,5.96959885599079,1.7581248912409495,1.764394944763729,0.0189775553537339,4.3192972579625035,1.3885629489510285,1.0
u132,2024-07-29T00:00:00.000000,1,1,6.1977657064433265,1.6245560968425463,1.6279255353656499,0.017708228748303124,4.3192972579625035,1.3885629489510285,1.0
u132,2024-08-05T00:00:00.000000,1,1,6.11569395939371,1.6539178690419871,1.4035730352209699,0.03905167037762112,4.3192972579625035,1.3885629489510285,1.0
u132,2024-08-12T00:00:00.000000,1,1,6.7312738004546455,1.538151394715405,0.15816015816444856,0.006647155163702018,4.3192972579625035,1.3885629489510285,1.0
u133,2024-05-13T00:00:00.000000,1,0,3.150893161675014,2.225641886658121,0.7049338693813441,0.027704462281079513,3.149541642022209,2.163939213735463,1.0
u133,2024-05-20T00:00:00.000000,1,0,3.0586247864125022,2.3695528177275276,0.965824034040249,0.03241080201356903,3.149541642022209,2.163939213735463,1.0
u133,2024-05-27T00:00:00.000000,1,0,3.0050152478128327,2.355953406519783,0.5808218502256687,0.049393536087236185,3.149541642022209,2.163939213735463,1.0
u133,2024-06-03T00:00:00.000000,1,0,3.348205656594125,2.0818946148975592,0.37851604293944596,0.040217563468062545,3.149541642022209,2.163939213735463,1.0
u133,2024-06-10T00:00:00.000000,1,0,3.407360469169335,1.8974996710772607,1.403376547491583,0.004505912183791444,3.149541642022209,2.163939213735463,1.0
u133,2024-06-17T00:00:00.000000,1,0,3.517268576639295,1.7235454945076234,0.7413378687185211,0.013036799887835732,3.149541642022209,2.163939213735463,1.0
u133,2024-06-24T00:00:00.000000,1,0,2.58437915344106,1.5635936453575954,0.7216911130098195,0.04381135554197518,3.149541642022209,2.163939213735463,1.0
u133,2024-07-01T00:00:00.000000,1,1,5.129772230679544,2.290579300677325,1.2397489051723993,0.005353528641580807,3.149541642022209,2.163939213735463,1.0
u133,2024-07-08T00:00:00.000000,1,1,5.025615725723941,2.1706612711177784,0.6440832824788654,0.01074981712100222,3.149541642022209,2.163939213735463,1.0
u133,2024-07-15T00:00:00.000000,1,1,5.419975652122817,2.0396598593906563,1.695546371675533,0.02906197973277388,3.149541642022209,2.163939213735463,1.0
u133,2024-07-22T00:00:00.000000,1,1,5.471993694732991,2.137379923147331,1.6049251626734649,0.009843550428218363,3.149541642022209,2.163939213735463,1.0
u133,2024-07-29T00:00:00.000000,1,1,5.792366204006833,2.2058757405972527,1.5082657988855013,0.03064367444897603,3.149541642022209,2.163939213735463,1.0
u133,2024-08-05T00:00:00.000000,1,1,4.967849716524709,2.1692660498307097,1.0499191743564584,0.03731694617414455,3.149541642022209,2.163939213735463,1.0
u133,2024-08-12T00:00:00.000000,1,1,4.764778253111013,2.1229507604631364,0.4501129974669612,0.029438334981010908,3.149541642022209,2.163939213735463,1.0
u134,2024-05-13T00:00:00.000000,1,0,3.7836465744754353,0.2697008935053331,0.2586532212344734,0.027097311609668235,3.623976768595961,0.29359927559333227,1.0
u134,2024-05-20T00:00:00.000000,1,0,3.168156962828485,0.34241132078968584,1.5767281066844152,0.04852583318760534,3.623976768595961,0.29359927559333227,1.0
u134,2024-05-27T00:00:00.000000,1,0,3.3877554506061447,0.34297006141957553,0.15587824498402836,0.016470610805588398,3.623976768595961,0.29359927559333227,1.0
u134,2024-06-03T00:00:00.000000,1,0,3.84655574450864,0.4572048263380867,0.7834540495757144,0.014901727377345348,3.623976768595961,0.29359927559333227,1.0
u134,2024-06-10T00:00:00.000000,1,0,3.9777854624038844,0.19488282532771872,1.3522843095463108,0.026774704701717167,3.623976768595961,0.29359927559333227,1.0
u134,2024-06-17T00:00:00.000000,1,0,3.5567821194722296,-0.19063629588450565,0.3844095265084485,0.019172483960970654,3.623976768595961,0.29359927559333227,1.0
u134,2024-06-24T00:00:00.000000,1,0,3.5009618833868092,0.6448368892103602,0.24068110618907074,0.047921240187323376,3.623976768595961,0.29359927559333227,1.0
u134,2024-07-01T00:00:00.000000,1,1,5.352514985600205,0.18084387979423802,1.2848966181825048,0.047258275872986734,3.623976768595961,0.29359927559333227,1.0
u134,2024-07-08T00:00:00.000000,1,1,5.413738985320278,0.14899776704869158,0.45642312575891,0.03094049644864675,3.623976768595961,0.29359927559333227,1.0
u134,2024-07-15T00:00:00.000000,1,1,5.960278090670852,0.2724029155955749,0.7881299840757469,0.049237926501593865,3.623976768595961,0.29359927559333227,1.0
u134,2024-07-22T00:00:00.000000,1,1,5.6751656037113385,0.40346685928263204,1.7594101298652545,0.04502403732529605,3.623976768595961,0.29359927559333227,1.0
u134,2024-07-29T00:00:00.000000,1,1,6.109465535463176,0.25009743426727515,0.19681834823608382,0.04648832498137442,3.623976768595961,0.29359927559333227,1.0
u134,2024-08-05T00:00:00.000000,1,1,5.298692888345354,0.23506501692296106,0.8491241514175262,0.040683403830677436,3.623976768595961,0.29359927559333227,1.0
u134,2024-08-12T00:00:00.000000,1,1,5.333016361752678,0.5949529940170444,0.4681657958894577,0.009249154737745114,3.623976768595961,0.29359927559333227,1.0
u135,2024-05-13T00:00:00.000000,1,0,2.6502489326031133,0.09359259131400978,1.1588687578074548,0.003500178023042344,2.4816956071315417,0.21330432589494552,1.0
u135,2024-05-20T00:00:00.000000,1,0,2.613607823655933,-0.2804016990193817,0.6807589915109818,0.010736097129281686,2.4816956071315417,0.21330432589494552,1.0
u135,2024-05-27T00:00:00.000000,1,0,2.6683841989490547,-0.04637776989744269,1.2834168039180416,0.008384560723472856,2.4816956071315417,0.21330432589494552,1.0
u135,2024-06-03T00:00:00.000000,1,0,2.5375603658389823,-0.19308231211379517,0.5767232609811221,0.04663574365826029,2.4816956071315417,0.21330432589494552,1.0
u135,2024-06-10T00:00:00.000000,1,0,2.3967844528702464,0.3183685195055559,1.8182197497110975,0.032764480763219354,2.4816956071315417,0.21330432589494552,1.0
u135,2024-06-17T00:00:00.000000,1,0,1.9008387990536946,0.2399869422091101,0.2112265439156304,0.041883975600379014,2.4816956071315417,0.21330432589494552,1.0
u135,2024-06-24T00:00:00.000000,1,0,2.6254328725204674,0.4967710025818158,0.5870675507953257,0.005240294994077882,2.4816956071315417,0.21330432589494552,1.0
u135,2024-07-01T00:00:00.000000,1,1,4.048351804785675,0.26240904209395244,0.5929332178886801,0.0345553589784735,2.4816956071315417,0.21330432589494552,1.0
u135,2024-07-08T00:00:00.000000,1,1,4.319558064322915,0.16497680246247137,1.6468492054546926,0.025514363458818124,2.4816956071315417,0.21330432589494552,1.0
u135,2024-07-15T00:00:00.000000,1,1,4.149043192745361,0.7236309805529701,0.1813769982780104,0.03184951907471749,2.4816956071315417,0.21330432589494552,1.0
u135,2024-07-22T00:00:00.000000,1,1,4.585702053939226,0.2668278277011684,0.12680664264056657,0.038996463027410014,2.4816956071315417,0.21330432589494552,1.0
u135,2024-07-29T00:00:00.000000,1,1,4.411216047245155,-0.009882445823328895,1.920870344985795,0.04515478773293949,2.4816956071315417,0.21330432589494552,1.0
u135,2024-08-05T00:00:00.000000,1,1,4.660774904978471,0.14637375435862443,1.8027489691459317,0.046346939767861355,2.4816956071315417,0.21330432589494552,1.0
u135,2024-08-12T00:00:00.000000,1,1,4.016741870734767,0.18118009787079165,0.4837787768886226,0.047247706805536124,2.4816956071315417,0.21330432589494552,1.0
u136,2024-05-13T00:00:00.000000,1,0,4.492604460646763,2.3536738977586817,1.7415310233210644,0.0027751814518569675,4.762136600672988,2.06516781895632,1.0
u136,2024-05-20T00:00:00.000000,1,0,5.053185042694782,2.0359432366732384,1.0103566756795332,0.011612307899623498,4.762136600672988,2.06516781895632,1.0
u136,2024-05-27T00:00:00.000000,1,0,5.020065820111812,1.8130490151963483,1.8056883989770771,0.013902923452557548,4.762136600672988,2.06516781895632,1.0
u136,2024-06-03T00:00:00.000000,1,0,4.875276345966296,2.1594847805254975,1.4345175539467465,0.027274582283709683,4.762136600672988,2.06516781895632,1.0
u136,2024-06-10T00:00:00.000000,1,0,4.976614740903108,1.9392988968434406,1.2170162852345303,0.04829638959269685,4.762136600672988,2.06516781895632,1.0
u136,2024-06-17T00:00:00.000000,1,0,4.451258214252357,2.1585949945373706,0.7867014058614261,0.00011292893000038329,4.762136600672988,2.06516781895632,1.0
u136,2024-06-24T00:00:00.000000,1,0,5.060866350172047,2.0959273550635604,1.4487553834306308,0.01655110724150471,4.762136600672988,2.06516781895632,1.0
u136,2024-07-01T00:00:00.000000,1,1,6.759672106548041,2.1998001399646134,0.6008926666111837,0.04737040469512483,4.762136600672988,2.06516781895632,1.0
u136,2024-07-08T00:00:00.000000,1,1,6.632524738819754,2.4790420492820977,1.0255056689940838,0.01935079398936831,4.762136600672988,2.06516781895632,1.0
u136,2024-07-15T00:00:00.000000,1,1,6.927916954779373,2.3035021060812473,1.2243011064696145,0.029557359346845752,4.762136600672988,2.06516781895632,1.0
u136,2024-07-22T00:00:00.000000,1,1,7.1390622748302786,2.1199655135309197,0.7067248461355625,0.00005460371561709643,4.762136600672988,2.06516781895632,1.0
u136,2024-07-29T00:00:00.000000,1,1,6.046324158963767,2.0270553560649196,1.0349681216025937,0.00417504577129641,4.762136600672988,2.06516781895632,1.0
u136,2024-08-05T00:00:00.000000,1,1,7.06064583418819,2.180503865782302,0.8801802016902002,0.04201327735319407,4.762136600672988,2.06516781895632,1.0
u136,2024-08-12T00:00:00.000000,1,1,6.93932952467205,2.1910474080609967,0.49769717649931033,0.03576164149773857,4.762136600672988,2.06516781895632,1.0
u137,2024-05-13T00:00:00.000000,1,0,4.67831336488048,1.7734196218938851,1.527540945478391,0.045443702826186455,4.900993356027773,1.7389181842168704,1.0
u137,2024-05-20T00:00:00.000000,1,0,5.209274664448126,1.5186353419807137,1.2184400387853884,0.02885687202254815,4.900993356027773,1.7389181842168704,1.0
u137,2024-05-27T00:00:00.000000,1,0,4.792895079799977,1.493200141034501,1.7757097913366953,0.03231581130644656,4.900993356027773,1.7389181842168704,1.0
u137,2024-06-03T00:00:00.000000,1,0,4.665038821828049,1.9136714350281094,1.5362810922076886,0.046968165743637644,4.900993356027773,1.7389181842168704,1.0
u137,2024-06-10T00:00:00.000000,1,0,4.842478400666444,1.7340792065705994,0.8845927074425213,0.006280558473130544,4.900993356027773,1.7389181842168704,1.0
u137,2024-06-17T00:00:00.000000,1,0,5.114662747867387,1.6566513377628107,1.1138599862290193,0.011354389064638565,4.900993356027773,1.7389181842168704,1.0
u137,2024-06-24T00:00:00.000000,1,0,5.128708525684436,1.622937018754485,1.028505587597242,0.00044119629022431055,4.900993356027773,1.7389181842168704,1.0
u137,2024-07-01T00:00:00.000000,1,1,7.357279476045092,1.5081046389660286,1.9792282754803918,0.010524654488585285,4.900993356027773,1.7389181842168704,1.0
u137,2024-07-08T00:00:00.000000,1,1,6.485610071617479,1.4623712053312148,1.1971391206447954,0.006296035074321871,4.900993356027773,1.7389181842168704,1.0
u137,2024-07-15T00:00:00.000000,1,1,6.757089063016496,1.661525664755784,0.428674935294017,0.023135608429741203,4.900993356027773,1.7389181842168704,1.0
u137,2024-07-22T00:00:00.000000,1,1,6.680341643734862,1.4744914046002104,0.2236857340450003,0.013227326400871355,4.900993356027773,1.7389181842168704,1.0
u137,2024-07-29T00:00:00.000000,1,1,7.512625462673139,1.6336770564580434,1.7320398262754741,0.003872628887705243,4.900993356027773,1.7389181842168704,1.0
u137,2024-08-05T00:00:00.000000,1,1,6.744592606367172,1.5903340306350633,1.8699538540392253,0.00995249311425448,4.900993356027773,1.7389181842168704,1.0
u137,2024-08-12T00:00:00.000000,1,1,6.477810325814495,1.5132310569559262,1.4788669988906724,0.034959088524639935,4.900993356027773,1.7389181842168704,1.0
u138,2024-05-13T00:00:00.000000,1,0,0.11013879346515743,0.708266652211879,1.2441703493911451,0.014795830270240585,0.6175720227757133,0.9278871228297443,1.0
u138,2024-05-20T00:00:00.000000,1,0,0.6529228454310027,1.0445807481561071,1.4827350298211033,0.006343305890091877,0.6175720227757133,0.9278871228297443,1.0
u138,2024-05-27T00:00:00.000000,1,0,0.952192821704797,0.7618925674337893,0.7333884972184673,0.01985697231997992,0.6175720227757133,0.9278871228297443,1.0
u138,2024-06-03T00:00:00.000000,1,0,0.1382555074134409,0.9308217562635649,1.1996151183253534,0.035524974832420245,0.6175720227757133,0.9278871228297443,1.0
u138,2024-06-10T00:00:00.000000,1,0,1.1383795665337666,0.8203747802086683,0.7767282657272786,0.020968737853845718,0.6175720227757133,0.9278871228297443,1.0
u138,2024-06-17T00:00:00.000000,1,0,0.39898771401392774,1.1459203295678768,0.9362276901844404,0.03248710201503957,0.6175720227757133,0.9278871228297443,1.0
u138,2024-06-24T00:00:00.000000,1,0,0.7210215356188273,1.0465309989705662,1.6660921189140698,0.012920420428365649,0.6175720227757133,0.9278871228297443,1.0
u138,2024-07-01T00:00:00.000000,1,1,2.7761570392420882,1.0770128442144284,0.18396255640681758,0.03848960901886623,0.6175720227757133,0.9278871228297443,1.0
u138,2024-07-08T00:00:00.000000,1,1,2.183983538306374,1.047721954185742,0.5926548177766781,0.014168963271003221,0.6175720227757133,0.9278871228297443,1.0
u138,2024-07-15T00:00:00.000000,1,1,3.0009019318532113,0.6423203962470811,1.20877411161012,0.012785587680093769,0.6175720227757133,0.9278871228297443,1.0
u138,2024-07-22T00:00:00.000000,1,1,2.712827476326583,0.8488782999236901,0.2761743415850964,0.025641142060046376,0.6175720227757133,0.9278871228297443,1.0
u138,2024-07-29T00:00:00.000000,1,1,2.717995494843551,1.063132212110263,1.7827352202235578,0.031195697004738385,0.6175720227757133,0.9278871228297443,1.0
u138,2024-08-05T00:00:00.000000,1,1,2.155073619400926,1.338291047582403,0.5080064930257019,0.012059165511265058,0.6175720227757133,0.9278871228297443,1.0
u138,2024-08-12T00:00:00.000000,1,1,2.3373460015504346,0.8913959408841707,1.1506907285846215,0.011625631644816942,0.6175720227757133,0.9278871228297443,1.0
u139,2024-05-13T00:00:00.000000,1,0,1.6388085689018463,1.2143704790267975,1.9546218060765501,0.010120771696090703,1.5005533150119454,1.2678918806306227,1.0
u139,2024-05-20T00:00:00.000000,1,0,1.4611675337249812,1.61383443878047,1.411016611064549,0.029613926241100957,1.5005533150119454,1.2678918806306227,1.0
u139,2024-05-27T00:00:00.000000,1,0,1.6472876158848604,1.054175466094149,1.7974102367502296,0.03127526077075538,1.5005533150119454,1.2678918806306227,1.0
u139,2024-06-03T00:00:00.000000,1,0,1.244595662128892,1.339492367469448,0.8446369939101122,0.012733234568044639,1.5005533150119454,1.2678918806306227,1.0
u139,2024-06-10T00:00:00.000000,1,0,1.47998007429434,1.2498898288458988,0.1644851113495186,0.019954724988608164,1.5005533150119454,1.2678918806306227,1.0
u139,2024-06-17T00:00:00.000000,1,0,1.3073790513028114,1.7992537789246228,1.2855261338045676,0.040083740190794116,1.5005533150119454,1.2678918806306227,1.0
u139,2024-06-24T00:00:00.000000,1,0,1.3488306836388633,1.6759905634955303,0.31654411537732674,0.04622962766593244,1.5005533150119454,1.2678918806306227,1.0
u139,2024-07-01T00:00:00.000000,1,1,3.5750715345259074,1.3346123415655324,1.287010251795682,0.010640652510070087,1.5005533150119454,1.2678918806306227,1.0
u139,2024-07-08T00:00:00.000000,1,1,3.865302122936072,1.1777005153265994,0.14175568998793708,0.049045153406352626,1.5005533150119454,1.2678918806306227,1.0
u139,2024-07-15T00:00:00.000000,1,1,3.530281217568524,1.109093995064239,0.6704757287219397,0.018531081010521745,1.5005533150119454,1.2678918806306227,1.0
u139,2024-07-22T00:00:00.000000,1,1,3.622015001027668,0.9285781415155012,1.311059542745878,0.048046813524430305,1.5005533150119454,1.2678918806306227,1.0
u139,2024-07-29T00:00:00.000000,1,1,3.24566100447118,1.4988383011396553,1.368814750955088,0.030356809751050453,1.5005533150119454,1.2678918806306227,1.0
u139,2024-08-05T00:00:00.000000,1,1,3.9684714547623323,1.1133241392026698,1.7186760635544749,0.02869905319721345,1.5005533150119454,1.2678918806306227,1.0
u139,2024-08-12T00:00:00.000000,1,1,3.7243834153754163,1.1692243377106284,0.6901027268969057,0.039180862798224365,1.5005533150119454,1.2678918806306227,1.0
u140,2024-05-13T00:00:00.000000,1,0,2.040295225994524,2.804858782197506,1.4263837458638826,0.008142362653238538,1.9758372593260864,2.7784673219316582,1.0
u140,2024-05-20T00:00:00.000000,1,0,2.1382440112018806,2.819267214153801,0.5386352564405994,0.010440946714271438,1.9758372593260864,2.7784673219316582,1.0
u140,2024-05-27T00:00:00.000000,1,0,1.9364552168001705,2.501698023162541,1.7980984126775919,0.0055112602422912604,1.9758372593260864,2.7784673219316582,1.0
u140,2024-06-03T00:00:00.000000,1,0,1.833611824741996,2.8039177279911014,1.370001641029566,0.018643773577064034,1.9758372593260864,2.7784673219316582,1.0
u140,2024-06-10T00:00:00.000000,1,0,1.8192041146828302,2.8513704537862283,1.9897368253061158,0.01822734243802215,1.9758372593260864,2.7784673219316582,1.0
u140,2024-06-17T00:00:00.000000,1,0,2.3060946513404734,2.9790667020218033,0.3939004543512935,0.003655592000458574,1.9758372593260864,2.7784673219316582,1.0
u140,2024-06-24T00:00:00.000000,1,0,2.0403685296525254,2.889546303420121,0.8498486602645038,0.006919521432483412,1.9758372593260864,2.7784673219316582,1.0
u140,2024-07-01T00:00:00.000000,1,1,3.7861261434013396,3.031163990768121,1.4068493128129473,0.010024707621807794,1.9758372593260864,2.7784673219316582,1.0
u140,2024-07-08T00:00:00.000000,1,1,3.8534046308227277,2.587712514058641,0.7967537809532984,0.004174618900802884,1.9758372593260864,2.7784673219316582,1.0
u140,2024-07-15T00:00:00.000000,1,1,4.074412561783179,2.651740904942629,1.3652437820012113,0.04822707833467194,1.9758372593260864,2.7784673219316582,1.0
u140,2024-07-22T00:00:00.000000,1,1,4.166055966149796,3.0542446618529002,1.4893034623366057,0.01746524097188473,1.9758372593260864,2.7784673219316582,1.0
u140,2024-07-29T00:00:00.000000,1,1,3.5612307944397497,2.8179333481208624,1.9520809133095398,0.03630686915382043,1.9758372593260864,2.7784673219316582,1.0
u140,2024-08-05T00:00:00.000000,1,1,3.958082787453021,3.0611721922918536,0.9027175609746904,0.03737668620719201,1.9758372593260864,2.7784673219316582,1.0
u140,2024-08-12T00:00:00.000000,1,1,3.75597644435751,2.5805161647834938,0.9977501677327971,0.02966037864173506,1.9758372593260864,2.7784673219316582,1.0
u141,2024-05-13T00:00:00.000000,1,0,2.5808448078171966,1.7345612990289678,0.8620923887182752,0.045746950588527624,2.27004796580142,1.6117077054239184,1.0
u141,2024-05-20T00:00:00.000000,1,0,2.634549171526003,2.416872513969371,0.97233487242074,0.0004302477783591552,2.27004796580142,1.6117077054239184,1.0
u141,2024-05-27T00:00:00.000000,1,0,1.8806890745037719,1.4842114155604877,1.3799265195708088,0.013885825791460178,2.27004796580142,1.6117077054239184,1.0
u141,2024-06-03T00:00:00.000000,1,0,2.2652246154433655,1.9673109207853758,1.4391054509645889,0.019655664150459464,2.27004796580142,1.6117077054239184,1.0
u141,2024-06-10T00:00:00.000000,1,0,1.907563982401662,1.879181234004401,1.5294621942669324,0.005971654339615301,2.27004796580142,1.6117077054239184,1.0
u141,2024-06-17T00:00:00.000000,1,0,2.4837770013493308,1.8168450422706115,0.8044019714016355,0.04851680956897472,2.27004796580142,1.6117077054239184,1.0
u141,2024-06-24T00:00:00.000000,1,0,2.2369117624091057,1.758609887685642,0.15907307744830185,0.015415240337253833,2.27004796580142,1.6117077054239184,1.0
u141,2024-07-01T00:00:00.000000,1,1,4.488198740705505,1.5180432307610865,1.8456144002460937,0.04351687550187608,2.27004796580142,1.6117077054239184,1.0
u141,2024-07-08T00:00:00.000000,1,1,3.8643480600305007,1.7627615369379979,0.1694301782511763,0.027208175382457473,2.27004796580142,1.6117077054239184,1.0
u141,2024-07-15T00:00:00.000000,1,1,4.110270065524988,1.4526866449279694,1.7471742862193174,0.01070938132187515,2.27004796580142,1.6117077054239184,1.0
u141,2024-07-22T00:00:00.000000,1,1,4.645486178555608,1.8758086469203952,1.6225796537807478,0.023782605337575997,2.27004796580142,1.6117077054239184,1.0
u141,2024-07-29T00:00:00.000000,1,1,4.0250908147838125,1.5696965508242784,0.2525326212922955,0.029229399558421104,2.27004796580142,1.6117077054239184,1.0
u141,2024-08-05T00:00:00.000000,1,1,4.463468253254134,1.7415775282687498,1.6732820072834063,0.005476236464103623,2.27004796580142,1.6117077054239184,1.0
u141,2024-08-12T00:00:00.000000,1,1,4.406338957523362,1.9136849563393392,0.41103581688583113,0.02832618350178566,2.27004796580142,1.6117077054239184,1.0
u142,2024-05-13T00:00:00.000000,1,0,3.1371402714704213,1.1690732088480875,1.291290195886969,0.007043639835238935,3.523275418440754,1.1934221002702703,1.0
u142,2024-05-20T00:00:00.000000,1,0,3.656441407535772,1.3202980311694206,1.8174482815766102,0.04413211921241256,3.523275418440754,1.1934221002702703,1.0
u142,2024-05-27T00:00:00.000000,1,0,3.3025563944872163,1.4128593151015172,1.0983714387040562,0.03980585502741867,3.523275418440754,1.1934221002702703,1.0
u142,2024-06-03T00:00:00.000000,1,0,3.465169155945867,0.844762164728798,1.8015282796436052,0.008034119638898113,3.523275418440754,1.1934221002702703,1.0
u142,2024-06-10T00:00:00.000000,1,0,3.463761435661175,1.0785287101992027,1.0207721842795805,0.018644591297823344,3.523275418440754,1.1934221002702703,1.0
u142,2024-06-17T00:00:00.000000,1,0,3.735193303945455,1.630763732456645,0.32729786495798147,0.037847442439603265,3.523275418440754,1.1934221002702703,1.0
u142,2024-06-24T00:00:00.000000,1,0,3.183054826613756,0.9210096649533792,0.9016733751705833,0.027437643886263546,3.523275418440754,1.1934221002702703,1.0
u142,2024-07-01T00:00:00.000000,1,1,5.307411345753314,1.1281594091760214,1.307784448397352,0.02882240098601111,3.523275418440754,1.1934221002702703,1.0
u142,2024-07-08T00:00:00.000000,1,1,5.1519365526020255,1.0569733410436604,0.87736663036181,0.021148363773111373,3.523275418440754,1.1934221002702703,1.0
u142,2024-07-15T00:00:00.000000,1,1,6.074202530664781,1.2398714188150417,0.3058130810519941,0.015631767709738703,3.523275418440754,1.1934221002702703,1.0
u142,2024-07-22T00:00:00.000000,1,1,5.686974535263948,1.1683964946213226,1.9493727378906693,0.02913654783404899,3.523275418440754,1.1934221002702703,1.0
u142,2024-07-29T00:00:00.000000,1,1,5.202310244366377,1.325576541553457,1.3712454553116407,0.02174767316452005,3.523275418440754,1.1934221002702703,1.0
u142,2024-08-05T00:00:00.000000,1,1,6.035332795690953,1.3057498746984773,0.2156389080908324,0.027004028414417208,3.523275418440754,1.1934221002702703,1.0
u142,2024-08-12T00:00:00.000000,1,1,5.333945583427518,1.226133702549324,1.9670250294396503,0.039787739339340406,3.523275418440754,1.1934221002702703,1.0
u143,2024-05-13T00:00:00.000000,1,0,2.256331570119797,0.7739263765002327,1.8715867209261319,0.04126551897470503,2.7670487569271063,0.6744689029000999,1.0
u143,2024-05-20T00:00:00.000000,1,0,2.6614594282797537,0.4497444489901027,1.7722944002231023,0.03405084833134876,2.7670487569271063,0.6744689029000999,1.0
u143,2024-05-27T00:00:00.000000,1,0,3.147732299357044,0.6745749444067198,1.3102548220384598,0.014719035961151056,2.7670487569271063,0.6744689029000999,1.0
u143,2024-06-03T00:00:00.000000,1,0,2.4655645251670184,0.41663817183439705,1.8919741840438797,0.042841116768847214,2.7670487569271063,0.6744689029000999,1.0
u143,2024-06-10T00:00:00.000000,1,0,2.4370457108022694,0.8418201091442774,0.6322629364996724,0.042141768790495006,2.7670487569271063,0.6744689029000999,1.0
u143,2024-06-17T00:00:00.000000,1,0,2.5813079440447053,0.4937225917108359,0.7510939350304965,0.02757360601458212,2.7670487569271063,0.6744689029000999,1.0
u143,2024-06-24T00:00:00.000000,1,0,2.640795303125524,0.7897078407687984,1.9317709518533648,0.029619883624590743,2.7670487569271063,0.6744689029000999,1.0
u143,2024-07-01T00:00:00.000000,1,1,4.798507736709673,0.7649150527292825,1.776210431163031,0.032264076388053876,2.7670487569271063,0.6744689029000999,1.0
u143,2024-07-08T00:00:00.000000,1,1,4.790549694913045,0.6417534224956364,0.8988735748764752,0.03993056230711509,2.7670487569271063,0.6744689029000999,1.0
u143,2024-07-15T00:00:00.000000,1,1,4.836630009515683,0.7566320207399911,1.5518591591298392,0.015389600380778252,2.7670487569271063,0.6744689029000999,1.0
u143,2024-07-22T00:00:00.000000,1,1,4.467370401584151,0.7542452640897133,1.7410670878253625,0.0011028033655024582,2.7670487569271063,0.6744689029000999,1.0
u143,2024-07-29T00:00:00.000000,1,1,4.643548233184008,0.719336993988655,0.30978937073679175,0.03961267985087083,2.7670487569271063,0.6744689029000999,1.0
u143,2024-08-05T00:00:00.000000,1,1,4.426002330173078,0.9362575342073927,0.3906014618786684,0.04870486124731015,2.7670487569271063,0.6744689029000999,1.0
u143,2024-08-12T00:00:00.000000,1,1,4.717010117099244,0.5690616564873767,1.9091658191522103,0.04463113549047345,2.7670487569271063,0.6744689029000999,1.0
u144,2024-05-13T00:00:00.000000,1,0,3.2285346461697273,1.7827484896321804,1.350953652698633,0.04218427821009765,3.45076462729909,1.744006596405149,1.0
u144,2024-05-20T00:00:00.000000,1,0,3.526573573932373,1.7348541834165212,0.8404708460070509,0.02515669463956204,3.45076462729909,1.744006596405149,1.0
u144,2024-05-27T00:00:00.000000,1,0,3.5285155891841145,2.0114752415403805,0.9514249770626574,0.04009359664317606,3.45076462729909,1.744006596405149,1.0
u144,2024-06-03T00:00:00.000000,1,0,3.650750215987941,1.8401917699507313,0.6377367113703133,0.01158709320458491,3.45076462729909,1.744006596405149,1.0
u144,2024-06-10T00:00:00.000000,1,0,3.6350052845341017,1.970194155656154,0.6325900317667529,0.04053524419208124,3.45076462729909,1.744006596405149,1.0
u144,2024-06-17T00:00:00.000000,1,0,3.3564693985289997,1.8863986306738298,1.67121415685202,0.02753258638302013,3.45076462729909,1.744006596405149,1.0
u144,2024-06-24T00:00:00.000000,1,0,3.3864613112599518,1.669246072642554,1.8897306283182254,0.0031712299651668998,3.45076462729909,1.744006596405149,1.0
u144,2024-07-01T00:00:00.000000,1,1,5.702982855750216,1.5427582664709034,0.4933486412854624,0.046585113317006155,3.45076462729909,1.744006596405149,1.0
u144,2024-07-08T00:00:00.000000,1,1,5.591441122851406,1.7056134479126515,1.2497160388633584,0.026337397327047832,3.45076462729909,1.744006596405149,1.0
u144,2024-07-15T00:00:00.000000,1,1,5.5043481795675255,1.8653252279170345,1.1576576239882679,0.0003046202748408722,3.45076462729909,1.744006596405149,1.0
u144,2024-07-22T00:00:00.000000,1,1,5.370789161912149,1.6412438997239542,0.40767907141894033,0.029936921781407264,3.45076462729909,1.744006596405149,1.0
u144,2024-07-29T00:00:00.000000,1,1,5.27119940687099,1.8572881729394701,1.1816962359816836,0.012012937299453736,3.45076462729909,1.744006596405149,1.0
u144,2024-08-05T00:00:00.000000,1,1,5.6065154588270225,1.4613039544536102,0.6472813038451913,0.02644072454751699,3.45076462729909,1.744006596405149,1.0
u144,2024-08-12T00:00:00.000000,1,1,5.453274803276026,1.4851506064798812,0.8486546823493225,0.028111377731078344,3.45076462729909,1.744006596405149,1.0
u145,2024-05-13T00:00:00.000000,1,0,4.8155659840637135,0.7517946080237506,1.2732479704551511,0.018284160169350232,4.679179676993467,0.6558709432943628,1.0
u145,2024-05-20T00:00:00.000000,1,0,4.837745722057966,0.7952546757849551,0.3587565113292429,0.04169999804642021,4.679179676993467,0.6558709432943628,1.0
u145,2024-05-27T00:00:00.000000,1,0,4.8815962953685395,0.5428333376481855,1.5227424235800333,0.013235760884470343,4.679179676993467,0.6558709432943628,1.0
u145,2024-06-03T00:00:00.000000,1,0,4.613539355914648,0.7034788191176383,0.4740912733910656,0.046613972377654335,4.679179676993467,0.6558709432943628,1.0
u145,2024-06-10T00:00:00.000000,1,0,4.322665965156165,1.1049848283622008,0.3116278700866474,0.04744597224342508,4.679179676993467,0.6558709432943628,1.0
u145,2024-06-17T00:00:00.000000,1,0,5.06182337272582,0.6389612716476346,0.4470045866989686,0.00037319102058839816,4.679179676993467,0.6558709432943628,1.0
u145,2024-06-24T00:00:00.000000,1,0,4.213124414319875,0.9565112261005004,0.7496162810377772,0.025215243973388687,4.679179676993467,0.6558709432943628,1.0
u145,2024-07-01T00:00:00.000000,1,1,6.311624399794122,0.538630807978568,1.5128238640833827,0.033081793409525766,4.679179676993467,0.6558709432943628,1.0
u145,2024-07-08T00:00:00.000000,1,1,6.198186986934213,0.7132371173236981,1.618412287948677,0.03550956974005521,4.679179676993467,0.6558709432943628,1.0
u145,2024-07-15T00:00:00.000000,1,1,6.750686204977039,0.5891110662319565,1.3875800921500265,0.03685109561627666,4.679179676993467,0.6558709432943628,1.0
u145,2024-07-22T00:00:00.000000,1,1,6.451985283351321,0.17834250159618453,0.5632810268153449,0.043354840774025565,4.679179676993467,0.6558709432943628,1.0
u145,2024-07-29T00:00:00.000000,1,1,7.304259150223368,0.6744161843391534,0.7990533770699559,0.04490309112791362,4.679179676993467,0.6558709432943628,1.0
u145,2024-08-05T00:00:00.000000,1,1,6.941251937739376,0.5529931393299535,1.608673918823275,0.03139517903735881,4.679179676993467,0.6558709432943628,1.0
u145,2024-08-12T00:00:00.000000,1,1,6.50853587596861,0.5506323940959885,0.8603925925822399,0.047540592162884164,4.679179676993467,0.6558709432943628,1.0
u146,2024-05-13T00:00:00.000000,1,0,2.8987969411154726,0.5400090174794203,0.39794831441642975,0.029203402244660184,2.8605867497210036,0.2632165042457085,1.0
u146,2024-05-20T00:00:00.000000,1,0,2.322976892955855,0.16914390151758957,0.10356221095918046,0.042421067733434924,2.8605867497210036,0.2632165042457085,1.0
u146,2024-05-27T00:00:00.000000,1,0,2.272601124743036,0.24397453186715315,0.9320401283096519,0.024308864674441707,2.8605867497210036,0.2632165042457085,1.0
u146,2024-06-03T00:00:00.000000,1,0,2.7967351065933026,0.32956430125681646,0.18269480592741902,0.04357561610388824,2.8605867497210036,0.2632165042457085,1.0
u146,2024-06-10T00:00:00.000000,1,0,2.995128892742973,0.5287710833485524,1.5683736494054517,0.03300772093915341,2.8605867497210036,0.2632165042457085,1.0
u146,2024-06-17T00:00:00.000000,1,0,2.792869791815113,0.0313958855721882,0.8799444189798779,0.026816931819367142,2.8605867497210036,0.2632165042457085,1.0
u146,2024-06-24T00:00:00.000000,1,0,2.659050079727761,0.36294818616990887,1.9769989297685098,0.033109624456403794,2.8605867497210036,0.2632165042457085,1.0
u146,2024-07-01T00:00:00.000000,1,1,4.717085533173595,0.49503579306454537,1.5158977876104436,0.01301451548530957,2.8605867497210036,0.2632165042457085,1.0
u146,2024-07-08T00:00:00.000000,1,1,5.05015964968838,0.2991289790002897,1.4856002304129916,0.032140512714435875,2.8605867497210036,0.2632165042457085,1.0
u146,2024-07-15T00:00:00.000000,1,1,4.36156752601803,0.46497521209413495,1.3043090479717965,0.02855580509360795,2.8605867497210036,0.2632165042457085,1.0
u146,2024-07-22T00:00:00.000000,1,1,5.06766069278166,0.10855720804344016,1.4805170218126174,0.04680482336652749,2.8605867497210036,0.2632165042457085,1.0
u146,2024-07-29T00:00:00.000000,1,1,4.769612040897849,0.4505023601390079,1.3911333250398024,0.01715408417730322,2.8605867497210036,0.2632165042457085,1.0
u146,2024-08-05T00:00:00.000000,1,1,4.987578094983734,0.3208115029885382,1.8206116937052508,0.020556966008798763,2.8605867497210036,0.2632165042457085,1.0
u146,2024-08-12T00:00:00.000000,1,1,5.218442564206816,0.25237341251304457,1.08225817902324,0.0002608160532447168,2.8605867497210036,0.2632165042457085,1.0
u147,2024-05-13T00:00:00.000000,1,0,3.7274873391122396,0.5177595291243203,0.8455276350756982,0.026853867783340042,3.3669683298003745,0.5018787660851767,1.0
u147,2024-05-20T00:00:00.000000,1,0,3.3150768659208887,0.5637583235948996,1.9802626751545434,0.002869956291027981,3.3669683298003745,0.5018787660851767,1.0
u147,2024-05-27T00:00:00.000000,1,0,3.0341906130290215,0.697275312220903,0.8208332497722488,0.03423904592211727,3.3669683298003745,0.5018787660851767,1.0
u147,2024-06-03T00:00:00.000000,1,0,3.767883751029951,0.7945345654327673,1.3252407770196535,0.016116102916429433,3.3669683298003745,0.5018787660851767,1.0
u147,2024-06-10T00:00:00.000000,1,0,3.597203092423704,0.7810331966476269,0.32737977860627115,0.017190994220040508,3.3669683298003745,0.5018787660851767,1.0
u147,2024-06-17T00:00:00.000000,1,0,3.969910654491713,0.7150101439811852,1.032861692842731,0.028191355406743945,3.3669683298003745,0.5018787660851767,1.0
u147,2024-06-24T00:00:00.000000,1,0,3.5184123589215996,0.4462267584116608,0.6293809910819153,0.04960640781703654,3.3669683298003745,0.5018787660851767,1.0
u147,2024-07-01T00:00:00.000000,1,1,5.1970357634013356,0.27865716754830916,1.3474462387926387,0.022843880374242218,3.3669683298003745,0.5018787660851767,1.0
u147,2024-07-08T00:00:00.000000,1,1,5.410797065520094,0.23321347869272374,1.7895795601565931,0.0033494157144412506,3.3669683298003745,0.5018787660851767,1.0
u147,2024-07-15T00:00:00.000000,1,1,5.548748082094414,0.34420717191052297,0.4463421630821719,0.006366671975332361,3.3669683298003745,0.5018787660851767,1.0
u147,2024-07-22T00:00:00.000000,1,1,5.535278168906197,0.5829137941236868,1.3773197405818545,0.03880979143799627,3.3669683298003745,0.5018787660851767,1.0
u147,2024-07-29T00:00:00.000000,1,1,5.817674971183173,0.5429077035469821,1.2556216052091635,0.03884383412797662,3.3669683298003745,0.5018787660851767,1.0
u147,2024-08-05T00:00:00.000000,1,1,5.980155421164158,0.24440060346205755,0.34211844578322326,0.039054522179128984,3.3669683298003745,0.5018787660851767,1.0
u147,2024-08-12T00:00:00.000000,1,1,5.395733217582894,0.540729196715931,1.667905770933678,0.025299556690543002,3.3669683298003745,0.5018787660851767,1.0
u148,2024-05-13T00:00:00.000000,1,0,1.864808063735509,0.09816489804061651,1.0304411814332424,0.007486102464823008,1.969849095927899,0.23200149464833766,1.0
u148,2024-05-20T00:00:00.000000,1,0,2.5860491824694516,0.32364859010550995,0.3144749510427346,0.013815391033707181,1.969849095927899,0.23200149464833766,1.0
u148,2024-05-27T00:00:00.000000,1,0,1.8965490785457977,0.42892979231499007,0.7529750544410574,0.023896544197822986,1.969849095927899,0.23200149464833766,1.0
u148,2024-06-03T00:00:00.000000,1,0,2.2114224848463055,0.23903161052643945,0.17384470751818754,0.0017729363474469463,1.969849095927899,0.23200149464833766,1.0
u148,2024-06-10T00:00:00.000000,1,0,1.5353988395371019,0.006641823096349447,0.3493850675856143,0.03934900581822128,1.969849095927899,0.23200149464833766,1.0
u148,2024-06-17T00:00:00.000000,1,0,1.5290165845119936,0.22453681883839044,0.1508209586655057,0.009751660776902583,1.969849095927899,0.23200149464833766,1.0
u148,2024-06-24T00:00:00.000000,1,0,1.8587953927418777,0.1678108945050688,0.17529179677099,0.040132291899769884,1.969849095927899,0.23200149464833766,1.0
u148,2024-07-01T00:00:00.000000,1,1,3.3989786272999054,-0.1651583034938566,1.5263348467780982,0.025338196983511637,1.969849095927899,0.23200149464833766,1.0
u148,2024-07-08T00:00:00.000000,1,1,4.091113636733591,0.12420679299251884,0.7825079034276371,0.006293207012461677,1.969849095927899,0.23200149464833766,1.0
u148,2024-07-15T00:00:00.000000,1,1,3.8373756553235,0.5422157755794765,1.1089107674173253,0.018919380062620075,1.969849095927899,0.23200149464833766,1.0
u148,2024-07-22T00:00:00.000000,1,1,4.712474537807282,0.19304944930220028,0.6206398516295191,0.026873736231986273,1.969849095927899,0.23200149464833766,1.0
u148,2024-07-29T00:00:00.000000,1,1,4.189269589043363,0.2898989477305881,1.315119601574623,0.00042523652553053685,1.969849095927899,0.23200149464833766,1.0
u148,2024-08-05T00:00:00.000000,1,1,3.797050925257767,0.29710525521619136,1.4765002013857746,0.028366933342272905,1.969849095927899,0.23200149464833766,1.0
u148,2024-08-12T00:00:00.000000,1,1,4.06102450259529,0.4031674542695357,1.7275272431506823,0.038937185693103664,1.969849095927899,0.23200149464833766,1.0
u149,2024-05-13T00:00:00.000000,1,0,2.7229468929449703,2.126826434842052,1.6751985940833545,0.006864691843819937,2.954206744573584,2.2235440967266835,1.0
u149,2024-05-20T00:00:00.000000,1,0,3.5012153363836975,2.264915560181842,0.4155552660659739,0.019626750344871036,2.954206744573584,2.2235440967266835,1.0
u149,2024-05-27T00:00:00.000000,1,0,3.2369732870266525,2.4950996067874835,0.29306934150547026,0.01349595765133782,2.954206744573584,2.2235440967266835,1.0
u149,2024-06-03T00:00:00.000000,1,0,3.2287303018858498,2.197634369169818,0.9007792095214746,0.03989626264791946,2.954206744573584,2.2235440967266835,1.0
u149,2024-06-10T00:00:00.000000,1,0,3.2852427059873373,2.133615678592256,0.2502276257808547,0.005145148711181796,2.954206744573584,2.2235440967266835,1.0
u149,2024-06-17T00:00:00.000000,1,0,2.685562471429974,2.2483771431533595,1.5296913248342567,0.03378818788427707,2.954206744573584,2.2235440967266835,1.0
u149,2024-06-24T00:00:00.000000,1,0,2.739414567155911,2.0105352227355717,1.6163528314767948,0.04331814814710366,2.954206744573584,2.2235440967266835,1.0
u149,2024-07-01T00:00:00.000000,1,1,4.650733575705526,1.8509557871602194,0.39849361520306137,0.047913843656087585,2.954206744573584,2.2235440967266835,1.0
u149,2024-07-08T00:00:00.000000,1,1,4.9637255041342465,2.551448899876168,0.5391145940310232,0.030802697143927082,2.954206744573584,2.2235440967266835,1.0
u149,2024-07-15T00:00:00.000000,1,1,5.043729625062871,2.0257498374505927,1.6557843443094973,0.04426854491237253,2.954206744573584,2.2235440967266835,1.0
u149,2024-07-22T00:00:00.000000,1,1,5.3226940916535215,2.3434758715707553,1.5142464921240426,0.02797453774346121,2.954206744573584,2.2235440967266835,1.0
u149,2024-07-29T00:00:00.000000,1,1,4.28109424500908,2.0729549370400355,1.2404961811408561,0.0067827079017874995,2.954206744573584,2.2235440967266835,1.0
u149,2024-08-05T00:00:00.000000,1,1,4.893358355475584,2.1952498780027065,0.6322005088457089,0.006390726796106689,2.954206744573584,2.2235440967266835,1.0
u149,2024-08-12T00:00:00.000000,1,1,5.116246034661051,2.2534103019471603,1.1446892781375735,0.0011821559256117498,2.954206744573584,2.2235440967266835,1.0
u150,2024-05-13T00:00:00.000000,0,0,4.030539357907718,2.978892821211891,1.9852112413217802,0.029320097776896648,4.048360177109521,2.7465115086025738,1.0
u150,2024-05-20T00:00:00.000000,0,0,3.646613684687648,2.6774385863616263,0.6951535879565346,0.04317168780279354,4.048360177109521,2.7465115086025738,1.0
u150,2024-05-27T00:00:00.000000,0,0,3.897355168455375,2.646343277296867,1.8029334654546518,0.019209500496015386,4.048360177109521,2.7465115086025738,1.0
u150,2024-06-03T00:00:00.000000,0,0,3.949827643438167,2.719934147678094,1.50182862184725,0.043986855132880726,4.048360177109521,2.7465115086025738,1.0
u150,2024-06-10T00:00:00.000000,0,0,4.053702163555514,2.9542252680850525,1.9180962778608932,0.008931430947312113,4.048360177109521,2.7465115086025738,1.0
u150,2024-06-17T00:00:00.000000,0,0,4.293228901611707,2.5261977525136126,1.1556815742646447,0.004509847850406113,4.048360177109521,2.7465115086025738,1.0
u150,2024-06-24T00:00:00.000000,0,0,3.692950936670504,2.709393772961764,0.2550579198545351,0.03240584025120942,4.048360177109521,2.7465115086025738,1.0
u150,2024-07-01T00:00:00.000000,0,1,4.497306621413035,2.5967649658394127,1.419429766686661,0.008952377457386645,4.048360177109521,2.7465115086025738,1.0
u150,2024-07-08T00:00:00.000000,0,1,4.115958778556282,2.789848074334457,1.2382490910132364,0.03893954040633016,4.048360177109521,2.7465115086025738,1.0
u150,2024-07-15T00:00:00.000000,0,1,3.8266048157629755,2.9225728990210866,1.2238069480337015,0.03986606236742434,4.048360177109521,2.7465115086025738,1.0
u150,2024-07-22T00:00:00.000000,0,1,3.497790554176011,2.8463754222733315,0.3848901361610999,0.006769840585247883,4.048360177109521,2.7465115086025738,1.0
u150,2024-07-29T00:00:00.000000,0,1,4.215213503828824,2.655233022637454,0.45004721922985846,0.04410524813338368,4.048360177109521,2.7465115086025738,1.0
u150,2024-08-05T00:00:00.000000,0,1,4.4892863585050256,2.75252542942529,0.49307756871202735,0.010696092615377363,4.048360177109521,2.7465115086025738,1.0
u150,2024-08-12T00:00:00.000000,0,1,4.090129153607401,2.520625908464378,1.232325158888124,0.003377671586633496,4.048360177109521,2.7465115086025738,1.0
u151,2024-05-13T00:00:00.000000,0,0,2.716503670619815,0.49055304131775934,1.3318700648483268,0.02747269834815505,2.6284058832743025,0.45292871247865923,1.0
u151,2024-05-20T00:00:00.000000,0,0,1.8466693070161346,0.40482892078218036,0.1430508478160993,0.0152144914238183,2.6284058832743025,0.45292871247865923,1.0
u151,2024-05-27T00:00:00.000000,0,0,2.6392666750522507,0.6030687088142748,0.42679368889567226,0.024539227205597147,2.6284058832743025,0.45292871247865923,1.0
u151,2024-06-03T00:00:00.000000,0,0,3.0807817084447624,0.6783259629348835,1.3052102785145872,0.0012337705716463643,2.6284058832743025,0.45292871247865923,1.0
u151,2024-06-10T00:00:00.000000,0,0,1.7733086517138932,0.38762827310055403,1.2371702058950103,0.03884609512552123,2.6284058832743025,0.45292871247865923,1.0
u151,2024-06-17T00:00:00.000000,0,0,2.674267096610303,0.5920998636840148,1.4421369716418666,0.03759934440841807,2.6284058832743025,0.45292871247865923,1.0
u151,2024-06-24T00:00:00.000000,0,0,3.3125307768512613,0.49941900152264,0.327526571693716,0.011944547511723325,2.6284058832743025,0.45292871247865923,1.0
u151,2024-07-01T00:00:00.000000,0,1,2.516581873181956,0.5713541427093349,0.4325757873839424,0.009435589903557168,2.6284058832743025,0.45292871247865923,1.0
u151,2024-07-08T00:00:00.000000,0,1,2.5800937990354766,0.3633045509475505,0.7545076366337309,0.047382176974048035,2.6284058832743025,0.45292871247865923,1.0
u151,2024-07-15T00:00:00.000000,0,1,2.97837602380549,0.38672367625641935,1.6456980917256843,0.022144318510181334,2.6284058832743025,0.45292871247865923,1.0
u151,2024-07-22T00:00:00.000000,0,1,2.2118905929773454,0.21016837526041657,1.0513700375118948,0.03103221918301687,2.6284058832743025,0.45292871247865923,1.0
u151,2024-07-29T00:00:00.000000,0,1,2.4477632590824134,0.3575900314857718,0.6014928643227079,0.026767364920870586,2.6284058832743025,0.45292871247865923,1.0
u151,2024-08-05T00:00:00.000000,0,1,2.4851182922679302,0.346245320895359,1.5199974335059727,0.020513949420709207,2.6284058832743025,0.45292871247865923,1.0
u151,2024-08-12T00:00:00.000000,0,1,2.981644409154902,0.47111391417435455,0.7545295230205534,0.02201505740733943,2.6284058832743025,0.45292871247865923,1.0
u153,2024-05-13T00:00:00.000000,0,0,3.3713897283460597,2.065725274435782,0.16060469603035496,0.019328829763865775,3.1859985010798773,2.296026136710471,1.0
u153,2024-05-20T00:00:00.000000,0,0,3.166585922606944,2.383707177386945,0.36854237657395006,0.018271538344995675,3.1859985010798773,2.296026136710471,1.0
u153,2024-05-27T00:00:00.000000,0,0,3.0889109288253302,2.381046763523157,1.68862711594676,0.02320448188452571,3.1859985010798773,2.296026136710471,1.0
u153,2024-06-03T00:00:00.000000,0,0,2.7770533470043004,2.2260810768479162,1.7599515907655934,0.012302849024341273,3.1859985010798773,2.296026136710471,1.0
u153,2024-06-10T00:00:00.000000,0,0,3.4898553635244425,2.3661437140831056,0.11687236720625281,0.03527266104697323,3.1859985010798773,2.296026136710471,1.0
u153,2024-06-17T00:00:00.000000,0,0,3.549396059507919,2.5276350760416952,1.4224142161990379,0.0016117293114819632,3.1859985010798773,2.296026136710471,1.0
u153,2024-06-24T00:00:00.000000,0,0,3.4161359506851445,2.4592345177614936,1.790488876924215,0.014961505030082823,3.1859985010798773,2.296026136710471,1.0
u153,2024-07-01T00:00:00.000000,0,1,3.5259924819473403,2.628849358464392,1.3362066369555232,0.01959627536230656,3.1859985010798773,2.296026136710471,1.0
u153,2024-07-08T00:00:00.000000,0,1,3.2912784240162867,2.393345936260193,0.6762697622844588,0.049641503245351465,3.1859985010798773,2.296026136710471,1.0
u153,2024-07-15T00:00:00.000000,0,1,3.312627080743429,2.4023028184045816,1.473376839973251,0.026200444730939094,3.1859985010798773,2.296026136710471,1.0
u153,2024-07-22T00:00:00.000000,0,1,3.159468938147194,2.045361690906145,0.1441228547983808,0.003956601485032463,3.1859985010798773,2.296026136710471,1.0
u153,2024-07-29T00:00:00.000000,0,1,3.4103533073378287,2.3800254867244695,0.8567198079724403,0.04437561076009622,3.1859985010798773,2.296026136710471,1.0
u153,2024-08-05T00:00:00.000000,0,1,3.4144384256365745,2.0688669193324913,1.8112258478187409,0.028033538445933877,3.1859985010798773,2.296026136710471,1.0
u153,2024-08-12T00:00:00.000000,0,1,2.651316277857705,2.4330137378508745,0.3107729516516254,0.0069655163820765255,3.1859985010798773,2.296026136710471,1.0
u154,2024-05-13T00:00:00.000000,0,0,1.794626990602024,1.5704942976910865,0.6031366009029342,0.02043408254498051,2.141763306847728,1.900532276084163,1.0
u154,2024-05-20T00:00:00.000000,0,0,1.6903817382485484,2.005695315915133,0.26947129562014355,0.029055740723696672,2.141763306847728,1.900532276084163,1.0
u154,2024-05-27T00:00:00.000000,0,0,1.9691978257214928,2.060976754515191,1.6888147874557495,0.046411589805116525,2.141763306847728,1.900532276084163,1.0
u154,2024-06-03T00:00:00.000000,0,0,2.0957811697090585,1.4150706271251317,0.16323498277133652,0.04174198380717811,2.141763306847728,1.900532276084163,1.0
u154,2024-06-10T00:00:00.000000,0,0,2.511900429191799,1.9931220780329069,1.0085219695081131,0.03938779618103,2.141763306847728,1.900532276084163,1.0
u154,2024-06-17T00:00:00.000000,0,0,2.7219076264714306,1.6171863691513362,0.7814257894905766,0.029808682533098776,2.141763306847728,1.900532276084163,1.0
u154,2024-06-24T00:00:00.000000,0,0,2.01241553340607,1.6641812516432386,0.5108527686754567,0.016084395442966738,2.141763306847728,1.900532276084163,1.0
u154,2024-07-01T00:00:00.000000,0,1,2.027222957534575,1.6713773089042598,1.508502178445788,0.006326830428635299,2.141763306847728,1.900532276084163,1.0
u154,2024-07-08T00:00:00.000000,0,1,2.5609617255885766,2.0792589850060508,0.15795964571221444,0.01677989247175254,2.141763306847728,1.900532276084163,1.0
u154,2024-07-15T00:00:00.000000,0,1,2.5756577762279043,2.1930357426081586,0.32309208759598496,0.010367314225250352,2.141763306847728,1.900532276084163,1.0
u154,2024-07-22T00:00:00.000000,0,1,2.1053988654306424,1.6938676434964617,0.605970223676635,0.04099851328178653,2.141763306847728,1.900532276084163,1.0
u154,2024-07-29T00:00:00.000000,0,1,2.0018267004538983,1.7408375295301695,1.3581095935212433,0.027075528016250263,2.141763306847728,1.900532276084163,1.0
u154,2024-08-05T00:00:00.000000,0,1,2.1956873377195687,1.6974189437030658,0.5227924858821544,0.02999762563061711,2.141763306847728,1.900532276084163,1.0
u154,2024-08-12T00:00:00.000000,0,1,2.6801322153623444,1.868516282268559,1.1576144284753973,0.04850578928912786,2.141763306847728,1.900532276084163,1.0
u158,2024-05-13T00:00:00.000000,0,0,0.5029917916831178,2.780508854246704,1.8591398240457095,0.047487257136475614,0.7025242432914995,2.5968924621766276,1.0
u158,2024-05-20T00:00:00.000000,0,0,0.20199344562293675,2.4154558390564143,0.4371161381239206,0.024397224341454193,0.7025242432914995,2.5968924621766276,1.0
u158,2024-05-27T00:00:00.000000,0,0,0.8501260954280045,2.808853347162901,1.1650207432063593,0.020225294958337765,0.7025242432914995,2.5968924621766276,1.0
u158,2024-06-03T00:00:00.000000,0,0,0.3802830391195284,2.492583038230347,1.7457640559412069,0.03517029662386064,0.7025242432914995,2.5968924621766276,1.0
u158,2024-06-10T00:00:00.000000,0,0,0.4812207899561505,2.542691505198949,0.8453861323442587,0.005068754134295934,0.7025242432914995,2.5968924621766276,1.0
u158,2024-06-17T00:00:00.000000,0,0,0.5842687003563964,2.6657225054149993,0.28016370247749556,0.03940287311902304,0.7025242432914995,2.5968924621766276,1.0
u158,2024-06-24T00:00:00.000000,0,0,0.19121308197171283,2.282619212614409,1.182971389685413,0.0006686066560270654,0.7025242432914995,2.5968924621766276,1.0
u158,2024-07-01T00:00:00.000000,0,1,1.0253763398768752,2.239559556797524,1.8633094323725798,0.017127735220821987,0.7025242432914995,2.5968924621766276,1.0
u158,2024-07-08T00:00:00.000000,0,1,0.6232411150514345,2.8120463609180577,1.1644048348709473,0.012701386307659452,0.7025242432914995,2.5968924621766276,1.0
u158,2024-07-15T00:00:00.000000,0,1,1.1390927622091938,2.6884726482782093,1.8883418578454123,0.04434587382036459,0.7025242432914995,2.5968924621766276,1.0
u158,2024-07-22T00:00:00.000000,0,1,0.45425953987081236,2.680988864723828,0.2814578483911696,0.0370180454352712,0.7025242432914995,2.5968924621766276,1.0
u158,2024-07-29T00:00:00.000000,0,1,0.7550690685072317,2.5733778105774436,1.388563314016866,0.023490340890969463,0.7025242432914995,2.5968924621766276,1.0
u158,2024-08-05T00:00:00.000000,0,1,0.845759124528881,2.5362537915006773,0.21295116600143713,0.0025690124546338513,0.7025242432914995,2.5968924621766276,1.0
u158,2024-08-12T00:00:00.000000,0,1,0.30636764528064975,1.9578351252644675,0.8190347305868537,0.03064256397802137,0.7025242432914995,2.5968924621766276,1.0
u161,2024-05-13T00:00:00.000000,0,0,4.9845176492487955,1.044968942825296,1.1119953517989525,0.006875743473258172,4.739816546537205,0.9016759019632141,1.0
u161,2024-05-20T00:00:00.000000,0,0,4.51659578266166,1.024411897834105,1.2149090920501295,0.0486691598359239,4.739816546537205,0.9016759019632141,1.0
u161,2024-05-27T00:00:00.000000,0,0,4.732864513266372,0.8042634943969964,0.6200805864784583,0.007862872946851108,4.739816546537205,0.9016759019632141,1.0
u161,2024-06-03T00:00:00.000000,0,0,5.129007674681356,1.5483746346129166,0.4824950515737084,0.031043764679112962,4.739816546537205,0.9016759019632141,1.0
u161,2024-06-10T00:00:00.000000,0,0,4.928751093822789,1.0363417351747108,1.3736932426207602,0.004850360564734458,4.739816546537205,0.9016759019632141,1.0
u161,2024-06-17T00:00:00.000000,0,0,4.720832267862169,1.0632174225035012,0.7932496293539679,0.048750816393740876,4.739816546537205,0.9016759019632141,1.0
u161,2024-06-24T00:00:00.000000,0,0,4.911612059234327,0.9100206246173301,0.7108419292399627,0.035966953274166456,4.739816546537205,0.9016759019632141,1.0
u161,2024-07-01T00:00:00.000000,0,1,5.445466026572042,0.5940774132492982,1.9982129259965475,0.031920497551583306,4.739816546537205,0.9016759019632141,1.0
u161,2024-07-08T00:00:00.000000,0,1,4.399478868063403,0.8939247691542384,1.3218724614367592,0.025550312573119374,4.739816546537205,0.9016759019632141,1.0
u161,2024-07-15T00:00:00.000000,0,1,4.487093236878171,0.9882071324791524,0.8536779379576467,0.047343487576911675,4.739816546537205,0.9016759019632141,1.0
u161,2024-07-22T00:00:00.000000,0,1,4.6857048707787134,0.7087464173898962,0.25602402670012653,0.008039512032976887,4.739816546537205,0.9016759019632141,1.0
u161,2024-07-29T00:00:00.000000,0,1,4.359055175128418,0.6316835311622585,1.9562095113468476,0.010608364960807616,4.739816546537205,0.9016759019632141,1.0
u161,2024-08-05T00:00:00.000000,0,1,5.163474560037079,0.9336191788423222,1.2991752432207073,0.010335199979801491,4.739816546537205,0.9016759019632141,1.0
u161,2024-08-12T00:00:00.000000,0,1,4.9691282354400865,0.9010949152437351,1.1837701016257112,0.009308123363783933,4.739816546537205,0.9016759019632141,1.0
u163,2024-05-13T00:00:00.000000,0,0,1.4911174286714322,2.499314693715253,0.32878191817080704,0.03272238582166148,1.6059310984583184,2.470142607550311,1.0
u163,2024-05-20T00:00:00.000000,0,0,1.5099078633268441,2.2207838255683345,0.1991651847061759,0.0277541494240184,1.6059310984583184,2.470142607550311,1.0
u163,2024-05-27T00:00:00.000000,0,0,1.4992910982240972,2.35639863572564,0.32791569949219657,0.0036791661475962913,1.6059310984583184,2.470142607550311,1.0
u163,2024-06-03T00:00:00.000000,0,0,0.9853280122925702,2.150156213358544,0.5266085540698805,0.04123675985628361,1.6059310984583184,2.470142607550311,1.0
u163,2024-06-10T00:00:00.000000,0,0,1.4013919410464624,2.7259325414774036,0.7195897902185561,0.026402401437510464,1.6059310984583184,2.470142607550311,1.0
u163,2024-06-17T00:00:00.000000,0,0,1.5277972133271578,2.5063166528334415,1.4763426705098646,0.004874317469732731,1.6059310984583184,2.470142607550311,1.0
u163,2024-06-24T00:00:00.000000,0,0,1.4028886079187097,2.4353011981450488,1.0372800941105362,0.02423646273335821,1.6059310984583184,2.470142607550311,1.0
u163,2024-07-01T00:00:00.000000,0,1,1.2466185744898597,2.644007692926834,1.4815349641025835,0.02704718104271943,1.6059310984583184,2.470142607550311,1.0
u163,2024-07-08T00:00:00.000000,0,1,1.638540768462839,2.6496207326153067,1.4116883927119996,0.019601695053067515,1.6059310984583184,2.470142607550311,1.0
u163,2024-07-15T00:00:00.000000,0,1,1.397802340793952,2.5472543686600053,1.0629176190446497,0.026401832375618273,1.6059310984583184,2.470142607550311,1.0
u163,2024-07-22T00:00:00.000000,0,1,2.4095638909481387,2.1623323460087454,1.8917393006686543,0.034746268056774,1.6059310984583184,2.470142607550311,1.0
u163,2024-07-29T00:00:00.000000,0,1,1.6452897452613373,2.9838601113683483,0.1983357775368012,0.02188919191425694,1.6059310984583184,2.470142607550311,1.0
u163,2024-08-05T00:00:00.000000,0,1,1.6006769773128382,2.3006992160240385,1.4764964828387521,0.008397416596213847,1.6059310984583184,2.470142607550311,1.0
u163,2024-08-12T00:00:00.000000,0,1,1.8021339905031195,2.204304781190297,1.5120345533797737,0.039235760978751644,1.6059310984583184,2.470142607550311,1.0
u164,2024-05-13T00:00:00.000000,0,0,3.1942655640591733,0.6217274957391636,1.3563001000432255,0.03945123669670361,3.653206611207673,0.8292648332733032,1.0
u164,2024-05-20T00:00:00.000000,0,0,3.1976902202473916,1.2372576652876952,0.7112046679204516,0.03224008264172498,3.653206611207673,0.8292648332733032,1.0
u164,2024-05-27T00:00:00.000000,0,0,3.5904488551758638,0.9713266636666188,0.6612472394026105,0.03620520416680308,3.653206611207673,0.8292648332733032,1.0
u164,2024-06-03T00:00:00.000000,0,0,3.555458445974681,0.7838803465649401,0.2917385589768653,0.04317455668812174,3.653206611207673,0.8292648332733032,1.0
u164,2024-06-10T00:00:00.000000,0,0,4.258639778234407,0.6774281557814144,1.0512573450933196,0.01001031515464606,3.653206611207673,0.8292648332733032,1.0
u164,2024-06-17T00:00:00.000000,0,0,3.263758907715488,0.6543791514577785,1.6218149602157181,0.008152426724566465,3.653206611207673,0.8292648332733032,1.0
u164,2024-06-24T00:00:00.000000,0,0,3.359517102578551,0.9683753175321452,0.19137639665762007,0.04655847114868746,3.653206611207673,0.8292648332733032,1.0
u164,2024-07-01T00:00:00.000000,0,1,3.535315951972492,1.0278326090125622,1.5430783945097446,0.013198610774601128,3.653206611207673,0.8292648332733032,1.0
u164,2024-07-08T00:00:00.000000,0,1,3.2232931802170692,0.6007231413005614,1.5073512813608008,0.04828947452207658,3.653206611207673,0.8292648332733032,1.0
u164,2024-07-15T00:00:00.000000,0,1,3.812375548147167,0.6569407314884644,0.6298724264696873,0.048332418131488204,3.653206611207673,0.8292648332733032,1.0
u164,2024-07-22T00:00:00.000000,0,1,3.3874482462934603,0.9213250395165393,0.8639475433479912,0.005463362677909412,3.653206611207673,0.8292648332733032,1.0
u164,2024-07-29T00:00:00.000000,0,1,4.028314558562772,1.0911609013666477,0.867593508044905,0.020301478031526595,3.653206611207673,0.8292648332733032,1.0
u164,2024-08-05T00:00:00.000000,0,1,3.832543876566548,0.7594982943675717,1.9199452031348232,0.01449528535483547,3.653206611207673,0.8292648332733032,1.0
u164,2024-08-12T00:00:00.000000,0,1,3.7319147187885773,0.8546793657592051,1.7280939286328554,0.04316036878998346,3.653206611207673,0.8292648332733032,1.0
u165,2024-05-13T00:00:00.000000,0,0,0.5070350275850002,0.4758337017600316,1.498060159989838,0.0029019872852861176,0.9288797203296955,0.6262756480886428,1.0
u165,2024-05-20T00:00:00.000000,0,0,0.6173918352257397,0.6600091813295829,0.9833983190152779,0.02123785588478009,0.9288797203296955,0.6262756480886428,1.0
u165,2024-05-27T00:00:00.000000,0,0,0.8484486124223778,0.36560232610543963,0.22313462792981054,0.005764278764953563,0.9288797203296955,0.6262756480886428,1.0
u165,2024-06-03T00:00:00.000000,0,0,1.162259669562828,0.5733295643099218,0.6833485247451719,0.006355316521606053,0.9288797203296955,0.6262756480886428,1.0
u165,2024-06-10T00:00:00.000000,0,0,0.9678949459877874,0.5424617066594912,1.600526020426637,0.030630791471708593,0.9288797203296955,0.6262756480886428,1.0
u165,2024-06-17T00:00:00.000000,0,0,0.641363417834415,0.7003147394986837,1.7330449746533063,0.0399259424819091,0.9288797203296955,0.6262756480886428,1.0
u165,2024-06-24T00:00:00.000000,0,0,0.9245955366106154,0.26069380434520006,0.6027714945505297,0.004311645818384774,0.9288797203296955,0.6262756480886428,1.0
u165,2024-07-01T00:00:00.000000,0,1,1.1368883232263938,0.5765327822385236,1.4873106539051846,0.049409606049859306,0.9288797203296955,0.6262756480886428,1.0
u165,2024-07-08T00:00:00.000000,0,1,0.610671968460148,0.22212767532035926,1.2510826135019555,0.04023489138238361,0.9288797203296955,0.6262756480886428,1.0
u165,2024-07-15T00:00:00.000000,0,1,1.4766011463928237,0.6242127162326125,1.253638226765009,0.04699399104271527,0.9288797203296955,0.6262756480886428,1.0
u165,2024-07-22T00:00:00.000000,0,1,0.8749794738455018,0.6197502435868611,1.98733327277455,0.00881110826032579,0.9288797203296955,0.6262756480886428,1.0
u165,2024-07-29T00:00:00.000000,0,1,0.6116795672866959,0.9507784757059262,0.14610727800110268,0.009021661563741136,0.9288797203296955,0.6262756480886428,1.0
u165,2024-08-05T00:00:00.000000,0,1,0.08002812965498507,0.7531555663209102,1.0698079743304774,0.019187402311469166,0.9288797203296955,0.6262756480886428,1.0
u165,2024-08-12T00:00:00.000000,0,1,0.80803231899645,0.5112320800620862,1.6266158879541364,0.039637541410492375,0.9288797203296955,0.6262756480886428,1.0
u166,2024-05-13T00:00:00.000000,0,0,3.776284693112293,2.6880563968362083,1.9176909385146184,0.044587115115896025,3.4916034448172653,2.7038512330397038,1.0
u166,2024-05-20T00:00:00.000000,0,0,3.0837875192691073,2.7503948948555537,1.2475542988407462,0.021920878843319405,3.4916034448172653,2.7038512330397038,1.0
u166,2024-05-27T00:00:00.000000,0,0,2.885996022802278,2.6688278425054035,0.5649060984840741,0.04412618780632648,3.4916034448172653,2.7038512330397038,1.0
u166,2024-06-03T00:00:00.000000,0,0,3.6846790586472036,3.1743140125021814,0.6546926651077214,0.022631990152124856,3.4916034448172653,2.7038512330397038,1.0
u166,2024-06-10T00:00:00.000000,0,0,3.303332863996514,2.703982874684305,1.3387248416955593,0.03467211090489381,3.4916034448172653,2.7038512330397038,1.0
u166,2024-06-17T00:00:00.000000,0,0,3.787179617595112,2.9090824891941462,1.514316872291954,0.036081877992056595,3.4916034448172653,2.7038512330397038,1.0
u166,2024-06-24T00:00:00.000000,0,0,3.3524021287432477,2.823669022272754,0.30452529677570217,0.005910563392226504,3.4916034448172653,2.7038512330397038,1.0
u166,2024-07-01T00:00:00.000000,0,1,3.3519014559324667,2.620705490171298,1.6476010251100335,0.009051843888662854,3.4916034448172653,2.7038512330397038,1.0
u166,2024-07-08T00:00:00.000000,0,1,3.44931488637011,2.6208436112829947,0.5250291902751286,0.025846393279699537,3.4916034448172653,2.7038512330397038,1.0
u166,2024-07-15T00:00:00.000000,0,1,3.436895157026428,2.958097443091084,0.8135704794752686,0.0108169405067854,3.4916034448172653,2.7038512330397038,1.0
u166,2024-07-22T00:00:00.000000,0,1,3.4141737829234082,2.285634664412378,0.32958578937301425,0.0017577655763571843,3.4916034448172653,2.7038512330397038,1.0
u166,2024-07-29T00:00:00.000000,0,1,3.417401312831166,2.888352880939317,1.2555961714832093,0.0008824937255561328,3.4916034448172653,2.7038512330397038,1.0
u166,2024-08-05T00:00:00.000000,0,1,3.3489496953009295,2.895020949562345,0.8669516635684185,0.0024288368914928806,3.4916034448172653,2.7038512330397038,1.0
u166,2024-08-12T00:00:00.000000,0,1,3.9540264562424956,2.6302338111823906,1.4895413443231507,0.011217169932312754,3.4916034448172653,2.7038512330397038,1.0
u167,2024-05-13T00:00:00.000000,0,0,3.9568285073052047,2.247359994210386,1.5587373374077143,0.015544696336011488,4.408250728827845,2.132806868526594,1.0
u167,2024-05-20T00:00:00.000000,0,0,4.390417539341378,2.1440166577856994,0.20541367222020582,0.04834675202539587,4.408250728827845,2.132806868526594,1.0
u167,2024-05-27T00:00:00.000000,0,0,4.196388836580779,2.227692756495278,0.1101136658767985,0.019977718749969786,4.408250728827845,2.132806868526594,1.0
u167,2024-06-03T00:00:00.000000,0,0,4.383415498918545,2.45171877009426,1.8328870166744204,0.02668911596644495,4.408250728827845,2.132806868526594,1.0
u167,2024-06-10T00:00:00.000000,0,0,3.8960174614290963,2.124336280895171,0.18819434400348112,0.04547606281525768,4.408250728827845,2.132806868526594,1.0
u167,2024-06-17T00:00:00.000000,0,0,4.440716009317005,2.323973583142771,0.5264950633668715,0.035495033949746166,4.408250728827845,2.132806868526594,1.0
u167,2024-06-24T00:00:00.000000,0,0,4.703541525471113,2.4468025077480444,0.11649883708135303,0.008519777161756604,4.408250728827845,2.132806868526594,1.0
u167,2024-07-01T00:00:00.000000,0,1,4.607366351933471,2.2889175063911495,1.9337220370931696,0.029743430733970067,4.408250728827845,2.132806868526594,1.0
u167,2024-07-08T00:00:00.000000,0,1,4.991892465587215,2.2567776645919007,1.3149435125739082,0.01050345735297023,4.408250728827845,2.132806868526594,1.0
u167,2024-07-15T00:00:00.000000,0,1,4.5006796891820695,2.0223061971523304,0.840657332077971,0.01892360948709646,4.408250728827845,2.132806868526594,1.0
u167,2024-07-22T00:00:00.000000,0,1,4.549770805482885,2.113340726618892,1.4265637732766214,0.018019562256609823,4.408250728827845,2.132806868526594,1.0
u167,2024-07-29T00:00:00.000000,0,1,4.465248801375198,2.3733048243571067,0.2806014184863469,0.03295667165589476,4.408250728827845,2.132806868526594,1.0
u167,2024-08-05T00:00:00.000000,0,1,4.913715635602607,2.166594067678343,1.0506202515023648,0.00765684263439358,4.408250728827845,2.132806868526594,1.0
u167,2024-08-12T00:00:00.000000,0,1,4.407292443960525,1.976335374923122,1.859131071345107,0.0029013777001303423,4.408250728827845,2.132806868526594,1.0
u169,2024-05-13T00:00:00.000000,0,0,3.777345911646682,0.2816675205198962,0.24287918694910365,0.034037604902389565,3.490305530672221,0.29398249572999535,1.0
u169,2024-05-20T00:00:00.000000,0,0,3.9124434883873165,0.4126104018387895,1.7676343169687572,0.014568992915012707,3.490305530672221,0.29398249572999535,1.0
u169,2024-05-27T00:00:00.000000,0,0,3.568684846930979,0.3651734317803574,1.5581659764691973,0.035305933519026604,3.490305530672221,0.29398249572999535,1.0
u169,2024-06-03T00:00:00.000000,0,0,3.389784194683462,-0.04264649985964919,1.5940927315313358,0.0286522788264048,3.490305530672221,0.29398249572999535,1.0
u169,2024-06-10T00:00:00.000000,0,0,3.4250114141015113,0.423591504026202,1.6560003447171092,0.012053568575667818,3.490305530672221,0.29398249572999535,1.0
u169,2024-06-17T00:00:00.000000,0,0,3.4627511081046976,0.3859314356197598,0.10845412342888938,0.04971718149698812,3.490305530672221,0.29398249572999535,1.0
u169,2024-06-24T00:00:00.000000,0,0,3.2437634606978403,-0.115825730308044,1.3926486034605279,0.023829711829538632,3.490305530672221,0.29398249572999535,1.0
u169,2024-07-01T00:00:00.000000,0,1,2.962743351396422,0.2622800176167006,0.9480668909446576,0.016776858853643002,3.490305530672221,0.29398249572999535,1.0
u169,2024-07-08T00:00:00.000000,0,1,4.191104316856402,0.12640617682266297,0.3718785045804692,0.04882442853545146,3.490305530672221,0.29398249572999535,1.0
u169,2024-07-15T00:00:00.000000,0,1,3.5027886352810254,0.26723293137826,0.8095385052139498,0.03101881746734088,3.490305530672221,0.29398249572999535,1.0
u169,2024-07-22T00:00:00.000000,0,1,3.341704379966613,0.19508998426878965,1.4732667391306098,0.004703030452007557,3.490305530672221,0.29398249572999535,1.0
u169,2024-07-29T00:00:00.000000,0,1,3.828236591073512,0.053746471124678064,1.320589286195773,0.005535992909328786,3.490305530672221,0.29398249572999535,1.0
u169,2024-08-05T00:00:00.000000,0,1,3.760817055068928,-0.03305513197609711,0.3000417704281825,0.006293157718503312,3.490305530672221,0.29398249572999535,1.0
u169,2024-08-12T00:00:00.000000,0,1,3.6238074990145246,0.24179557105093152,1.9734974592407366,0.029919203747632486,3.490305530672221,0.29398249572999535,1.0
u171,2024-05-13T00:00:00.000000,0,0,2.9557503896057096,1.153523137370471,0.9137804695228452,0.048106759949176264,3.464177939487268,1.1299905021436762,1.0
u171,2024-05-20T00:00:00.000000,0,0,3.644965983951193,1.1276083319665124,0.1442310148162807,0.03451501017341872,3.464177939487268,1.1299905021436762,1.0
u171,2024-05-27T00:00:00.000000,0,0,3.332154037962118,0.8657208250784421,0.4287292780238978,0.0006913457026145931,3.464177939487268,1.1299905021436762,1.0
u171,2024-06-03T00:00:00.000000,0,0,3.428836113224991,1.7429361097226315,1.9462826934173802,0.044182693967552776,3.464177939487268,1.1299905021436762,1.0
u171,2024-06-10T00:00:00.000000,0,0,3.0370583061261507,1.0524333269496862,0.23362786994846668,0.028613617379244168,3.464177939487268,1.1299905021436762,1.0
u171,2024-06-17T00:00:00.000000,0,0,3.3292779777218913,1.0917265821324444,1.9241911963599196,0.011034254836455266,3.464177939487268,1.1299905021436762,1.0
u171,2024-06-24T00:00:00.000000,0,0,3.2685472279493357,1.0536031591269126,1.8237690567643263,0.01556396093723721,3.464177939487268,1.1299905021436762,1.0
u171,2024-07-01T00:00:00.000000,0,1,3.393798986573959,1.079555249347407,1.5165837524017851,0.027851347069371552,3.464177939487268,1.1299905021436762,1.0
u171,2024-07-08T00:00:00.000000,0,1,3.2554085733422555,1.2794151497896313,1.456136615567212,0.025771761457172016,3.464177939487268,1.1299905021436762,1.0
u171,2024-07-15T00:00:00.000000,0,1,3.1571845552575004,1.1266507795264167,1.9187845920735995,0.03279062691295776,3.464177939487268,1.1299905021436762,1.0
u171,2024-07-22T00:00:00.000000,0,1,3.2949664166734705,1.242696944283159,1.6759999638653489,0.008124540987446171,3.464177939487268,1.1299905021436762,1.0
u171,2024-07-29T00:00:00.000000,0,1,2.967958089909061,1.2212661392195667,0.29644080980091414,0.0074978474664204155,3.464177939487268,1.1299905021436762,1.0
u171,2024-08-05T00:00:00.000000,0,1,3.509525108990979,0.7522010167351432,1.3547907399890355,0.0018102406728037813,3.464177939487268,1.1299905021436762,1.0
u171,2024-08-12T00:00:00.000000,0,1,3.655323664080414,1.1534636523629387,0.5418682437497304,0.04874836409523622,3.464177939487268,1.1299905021436762,1.0
u172,2024-05-13T00:00:00.000000,0,0,3.733319572892705,2.868659546918723,0.6406506978397114,0.01634407208497627,3.969648484940187,2.8224147050598187,1.0
u172,2024-05-20T00:00:00.000000,0,0,4.2173061071539095,2.463861339239783,0.7830318520404203,0.01866337088103519,3.969648484940187,2.8224147050598187,1.0
u172,2024-05-27T00:00:00.000000,0,0,3.700426942079279,3.1240301419686376,1.7352681859486927,0.0005253428294923424,3.969648484940187,2.8224147050598187,1.0
u172,2024-06-03T00:00:00.000000,0,0,3.7781197227596204,2.77808672488963,1.131009074847337,0.022522289507195176,3.969648484940187,2.8224147050598187,1.0
u172,2024-06-10T00:00:00.000000,0,0,3.7978987321458257,3.1093933199498687,0.5265243082522745,0.004522920496843563,3.969648484940187,2.8224147050598187,1.0
u172,2024-06-17T00:00:00.000000,0,0,3.973606581734619,2.8790431569607606,0.673855920960129,0.0005508339997767731,3.969648484940187,2.8224147050598187,1.0
u172,2024-06-24T00:00:00.000000,0,0,4.152030345062019,3.214705069812548,0.8279828574832153,0.04397637798573903,3.969648484940187,2.8224147050598187,1.0
u172,2024-07-01T00:00:00.000000,0,1,4.4278841887340405,2.7125815334001997,1.705088835328652,0.027848131201707007,3.969648484940187,2.8224147050598187,1.0
u172,2024-07-08T00:00:00.000000,0,1,4.292500992466562,2.894624132099756,1.394548019448265,0.018109295327346214,3.969648484940187,2.8224147050598187,1.0
u172,2024-07-15T00:00:00.000000,0,1,3.5351304729997355,2.810740856006144,1.6682464779416262,0.016077868077953427,3.969648484940187,2.8224147050598187,1.0
u172,2024-07-22T00:00:00.000000,0,1,3.8962243327992057,2.7449177586281466,1.849583261877671,0.00042404322611988565,3.969648484940187,2.8224147050598187,1.0
u172,2024-07-29T00:00:00.000000,0,1,4.102640057316989,2.908980086018506,1.3843352228346204,0.023805022938352512,3.969648484940187,2.8224147050598187,1.0
u172,2024-08-05T00:00:00.000000,0,1,4.048365015899406,2.7212308967632883,0.7462676523231128,0.01756739446943604,3.969648484940187,2.8224147050598187,1.0
u172,2024-08-12T00:00:00.000000,0,1,4.566855423258999,2.634392524852876,1.6020963858697599,0.015894130820140868,3.969648484940187,2.8224147050598187,1.0
u173,2024-05-13T00:00:00.000000,0,0,4.233923900734509,0.6101983168547044,1.1245005243615842,0.005387487518612472,3.8501744298449116,0.6101033195813998,1.0
u173,2024-05-20T00:00:00.000000,0,0,4.043603920716809,0.5580209768669177,1.670152978152195,0.044639141169402596,3.8501744298449116,0.6101033195813998,1.0
u173,2024-05-27T00:00:00.000000,0,0,3.904455402844043,0.600960605088063,0.7040274016373943,0.04436929706520793,3.8501744298449116,0.6101033195813998,1.0
u173,2024-06-03T00:00:00.000000,0,0,3.413615204009017,0.7238944408561867,1.4047574670745206,0.004444982954383408,3.8501744298449116,0.6101033195813998,1.0
u173,2024-06-10T00:00:00.000000,0,0,3.543501429602132,0.666769795452784,1.35577719400758,0.04365188931803302,3.8501744298449116,0.6101033195813998,1.0
u173,2024-06-17T00:00:00.000000,0,0,3.7350776469291107,0.8439495645763527,0.19341449852451154,0.0022306985847532937,3.8501744298449116,0.6101033195813998,1.0
u173,2024-06-24T00:00:00.000000,0,0,4.163071861043058,0.769201171222307,0.7616139226772373,0.012155348869794908,3.8501744298449116,0.6101033195813998,1.0
u173,2024-07-01T00:00:00.000000,0,1,4.370231341377545,0.7373834066669857,0.3257514941949413,0.015240720538632735,3.8501744298449116,0.6101033195813998,1.0
u173,2024-07-08T00:00:00.000000,0,1,3.3211392481502386,0.6115470109264352,1.8498110562038765,0.004954929538005193,3.8501744298449116,0.6101033195813998,1.0
u173,2024-07-15T00:00:00.000000,0,1,4.172652933220818,0.5926444906055004,1.6372213246990008,0.032569386528107626,3.8501744298449116,0.6101033195813998,1.0
u173,2024-07-22T00:00:00.000000,0,1,3.7732758301371625,0.5421068994020424,1.0285385396480842,0.03508310510822097,3.8501744298449116,0.6101033195813998,1.0
u173,2024-07-29T00:00:00.000000,0,1,4.17536430300384,0.5764573770362947,0.49056097150364375,0.01290541304031877,3.8501744298449116,0.6101033195813998,1.0
u173,2024-08-05T00:00:00.000000,0,1,3.622780426041797,0.5841583157792822,0.8929905542024502,0.0001384237881956407,3.8501744298449116,0.6101033195813998,1.0
u173,2024-08-12T00:00:00.000000,0,1,3.538391741075442,0.3539598322377241,1.1680824000687402,0.0346759986602438,3.8501744298449116,0.6101033195813998,1.0
u175,2024-05-13T00:00:00.000000,0,0,3.2534756537620266,0.2584201319553455,1.7039468477112567,0.021909433565850574,2.611093989125822,0.32969474326862935,1.0
u175,2024-05-20T00:00:00.000000,0,0,2.0595156716011034,0.1786941387286685,0.45175863358375057,0.04451673673851794,2.611093989125822,0.32969474326862935,1.0
u175,2024-05-27T00:00:00.000000,0,0,2.5538081602643703,0.09353673670462814,0.3389940751725594,0.015260822910163598,2.611093989125822,0.32969474326862935,1.0
u175,2024-06-03T00:00:00.000000,0,0,2.6170843640866277,0.16364956734041716,0.7605440207151524,0.003061684090843392,2.611093989125822,0.32969474326862935,1.0
u175,2024-06-10T00:00:00.000000,0,0,2.7287941148501296,0.3984151957405714,1.2078854620739519,0.04936857487620416,2.611093989125822,0.32969474326862935,1.0
u175,2024-06-17T00:00:00.000000,0,0,2.7370978182274714,0.15015326347357916,1.14330367244648,0.04345647789718979,2.611093989125822,0.32969474326862935,1.0
u175,2024-06-24T00:00:00.000000,0,0,2.3147238530248795,0.36032912472054623,0.333728550656229,0.03516045996467128,2.611093989125822,0.32969474326862935,1.0
u175,2024-07-01T00:00:00.000000,0,1,2.6519597788875777,0.401465050544823,1.0282092098205782,0.02862226360738662,2.611093989125822,0.32969474326862935,1.0
u175,2024-07-08T00:00:00.000000,0,1,1.8578153296116802,0.6756695221839539,1.712321608432397,0.017319401951537767,2.611093989125822,0.32969474326862935,1.0
u175,2024-07-15T00:00:00.000000,0,1,2.6516285200510836,0.019376742769113275,0.8930382490712748,0.040364521240119196,2.611093989125822,0.32969474326862935,1.0
u175,2024-07-22T00:00:00.000000,0,1,2.6505187885845363,0.21676545002625008,1.2027954107006773,0.010903101418516076,2.611093989125822,0.32969474326862935,1.0
u175,2024-07-29T00:00:00.000000,0,1,2.590068848817525,-0.021652027403936513,0.46697328147467165,0.01854605885997169,2.611093989125822,0.32969474326862935,1.0
u175,2024-08-05T00:00:00.000000,0,1,2.5715709314122304,0.3711625371911931,1.7058564922328832,0.027780651006579067,2.611093989125822,0.32969474326862935,1.0
u175,2024-08-12T00:00:00.000000,0,1,2.6347346612675544,0.5421572203230554,1.869428285895269,0.03020867230988593,2.611093989125822,0.32969474326862935,1.0
u176,2024-05-13T00:00:00.000000,0,0,4.375070698546505,1.026147911538807,1.9538292451988855,0.000908824158448035,4.682960863575232,1.068336056849668,1.0
u176,2024-05-20T00:00:00.000000,0,0,4.11136973270579,1.1006702416611143,1.6921855709152474,0.027235645911054197,4.682960863575232,1.068336056849668,1.0
u176,2024-05-27T00:00:00.000000,0,0,4.86432298331494,1.5291435936249387,1.6740979217185754,0.01320067854189167,4.682960863575232,1.068336056849668,1.0
u176,2024-06-03T00:00:00.000000,0,0,4.46583326114257,0.8943619923375089,1.510790077512228,0.023581766852076854,4.682960863575232,1.068336056849668,1.0
u176,2024-06-10T00:00:00.000000,0,0,4.5365441043061185,1.5181985965038391,1.3527092102213298,0.03370717381040741,4.682960863575232,1.068336056849668,1.0
u176,2024-06-17T00:00:00.000000,0,0,4.572949308931709,0.9079666588416702,1.3913175990762052,0.003855904174608094,4.682960863575232,1.068336056849668,1.0
u176,2024-06-24T00:00:00.000000,0,0,4.280675449444489,0.9500268330998397,0.9266332742271253,0.024902208382560853,4.682960863575232,1.068336056849668,1.0
u176,2024-07-01T00:00:00.000000,0,1,5.097123520807085,1.174296360839174,0.13715022411827565,0.005568630475892206,4.682960863575232,1.068336056849668,1.0
u176,2024-07-08T00:00:00.000000,0,1,4.339610678345719,0.6994046124464227,1.5740618607710477,0.028274447700705693,4.682960863575232,1.068336056849668,1.0
u176,2024-07-15T00:00:00.000000,0,1,4.663368843925588,1.0922614600242309,0.128419356274475,0.03409004713708982,4.682960863575232,1.068336056849668,1.0
u176,2024-07-22T00:00:00.000000,0,1,4.932583420062752,1.107336070283206,1.6523221039023117,0.03817132675810609,4.682960863575232,1.068336056849668,1.0
u176,2024-07-29T00:00:00.000000,0,1,4.504097738572756,1.0290502724484338,1.242836630583449,0.007159013961343514,4.682960863575232,1.068336056849668,1.0
u176,2024-08-05T00:00:00.000000,0,1,4.818034368686496,0.9272399270435956,1.8737481279130161,0.028814216034937657,4.682960863575232,1.068336056849668,1.0
u176,2024-08-12T00:00:00.000000,0,1,4.913166629971758,1.1113143062003608,0.9370987703384447,0.0027086021750671874,4.682960863575232,1.068336056849668,1.0
u177,2024-05-13T00:00:00.000000,0,0,2.552638607295566,2.5398811270181425,0.3903800117515801,0.025297887851941477,2.2842673102611375,2.7207061883300914,1.0
u177,2024-05-20T00:00:00.000000,0,0,1.761860189729694,2.886225243042776,0.48184345461104305,0.039101646632140115,2.2842673102611375,2.7207061883300914,1.0
u177,2024-05-27T00:00:00.000000,0,0,1.9953931440213906,2.62640798402974,0.6072761701677283,0.025338471212360342,2.2842673102611375,2.7207061883300914,1.0
u177,2024-06-03T00:00:00.000000,0,0,2.181171327334225,2.7072319788840216,1.0846766392455034,0.015483613781595641,2.2842673102611375,2.7207061883300914,1.0
u177,2024-06-10T00:00:00.000000,0,0,2.052308972969508,2.937000973201212,0.2587718970780163,0.0008921173627656209,2.2842673102611375,2.7207061883300914,1.0
u177,2024-06-17T00:00:00.000000,0,0,2.143597468695873,2.8044644856753886,0.45684350110961214,0.021190361132033556,2.2842673102611375,2.7207061883300914,1.0
u177,2024-06-24T00:00:00.000000,0,0,2.253559390064211,2.934720910404183,1.0228157637251512,0.005572530073861504,2.2842673102611375,2.7207061883300914,1.0
u177,2024-07-01T00:00:00.000000,0,1,2.1380242946449397,2.8979164588622295,1.260585207219671,0.00019711662663408626,2.2842673102611375,2.7207061883300914,1.0
u177,2024-07-08T00:00:00.000000,0,1,2.2815311745032547,2.6435495763459382,1.0393044120989876,0.014886030191064487,2.2842673102611375,2.7207061883300914,1.0
u177,2024-07-15T00:00:00.000000,0,1,2.419196858071477,2.5674459642862346,1.844136600476842,0.021050032646718387,2.2842673102611375,2.7207061883300914,1.0
u177,2024-07-22T00:00:00.000000,0,1,2.107878099237308,2.709765825286385,1.9797442660444162,0.030939811366880305,2.2842673102611375,2.7207061883300914,1.0
u177,2024-07-29T00:00:00.000000,0,1,2.5953059400111993,2.6099059991533617,1.7109017577543488,0.00419027279035995,2.2842673102611375,2.7207061883300914,1.0
u177,2024-08-05T00:00:00.000000,0,1,2.0436387133423555,2.671431579580485,1.0039983496092846,0.04476444800022003,2.2842673102611375,2.7207061883300914,1.0
u177,2024-08-12T00:00:00.000000,0,1,2.2352663296005786,2.4750715794199847,0.8069511040118253,0.03901201323094414,2.2842673102611375,2.7207061883300914,1.0
u180,2024-05-13T00:00:00.000000,0,0,2.465158259561793,2.4392282871730373,0.9000599032612963,0.013071861235136773,2.3030190043533745,2.490305569543891,1.0
u180,2024-05-20T00:00:00.000000,0,0,2.131127564691562,2.3486985129521925,0.8890252179836378,0.025461179604834152,2.3030190043533745,2.490305569543891,1.0
u180,2024-05-27T00:00:00.000000,0,0,1.8903674583292835,2.6597378681577917,1.3994091964289146,0.03043670578793043,2.3030190043533745,2.490305569543891,1.0
u180,2024-06-03T00:00:00.000000,0,0,1.8821220088069612,2.4541638502658887,1.1896866951421619,0.003162008170115699,2.3030190043533745,2.490305569543891,1.0
u180,2024-06-10T00:00:00.000000,0,0,2.1569817893258616,2.8444190913512872,0.913919750385822,0.04011178273219731,2.3030190043533745,2.490305569543891,1.0
u180,2024-06-17T00:00:00.000000,0,0,1.754430481252153,2.1460330602743536,0.9977514461096401,0.0035415898318669594,2.3030190043533745,2.490305569543891,1.0
u180,2024-06-24T00:00:00.000000,0,0,2.2358037924830287,2.0358688094567206,1.5445999938085526,0.043724665200922115,2.3030190043533745,2.490305569543891,1.0
u180,2024-07-01T00:00:00.000000,0,1,2.178035816361739,2.6958515245733126,0.3254091628983543,0.018668238999047636,2.3030190043533745,2.490305569543891,1.0
u180,2024-07-08T00:00:00.000000,0,1,2.062601176581628,2.3194587973489837,1.5589546444952116,0.010221529153569376,2.3030190043533745,2.490305569543891,1.0
u180,2024-07-15T00:00:00.000000,0,1,2.8076979789713787,2.499010063881039,0.36964025372113707,0.02920687386662446,2.3030190043533745,2.490305569543891,1.0
u180,2024-07-22T00:00:00.000000,0,1,2.29820471712837,2.5703662508436285,1.387025848786263,0.04797845383259689,2.3030190043533745,2.490305569543891,1.0
u180,2024-07-29T00:00:00.000000,0,1,2.1199105149021054,2.927700737332856,0.937351865584211,0.04538320941611934,2.3030190043533745,2.490305569543891,1.0
u180,2024-08-05T00:00:00.000000,0,1,2.0101069872978146,2.67255572974066,1.3973881521097038,0.011857690856476323,2.3030190043533745,2.490305569543891,1.0
u180,2024-08-12T00:00:00.000000,0,1,2.135352867488881,2.8812037519361806,1.253797231328968,0.008243855061253441,2.3030190043533745,2.490305569543891,1.0
u181,2024-05-13T00:00:00.000000,0,0,1.8646248869093875,3.0042163856483097,0.23711096009657184,0.048449586712196596,1.8412156692533623,2.971813835250686,1.0
u181,2024-05-20T00:00:00.000000,0,0,1.7819890939539724,3.0830194102026027,0.6878389412566597,0.03490276141930459,1.8412156692533623,2.971813835250686,1.0
u181,2024-05-27T00:00:00.000000,0,0,1.6890460457979948,3.0637055384440735,1.9563900068909699,0.03184276993334713,1.8412156692533623,2.971813835250686,1.0
u181,2024-06-03T00:00:00.000000,0,0,2.079577584701169,2.6577340209785487,1.6510026191061713,0.01326712936076887,1.8412156692533623,2.971813835250686,1.0
u181,2024-06-10T00:00:00.000000,0,0,1.4082366529513655,2.890440932339745,0.9444121103792804,0.040828519759486134,1.8412156692533623,2.971813835250686,1.0
u181,2024-06-17T00:00:00.000000,0,0,1.883975779940801,3.1776997504634616,0.6093898225211922,0.034893407403313675,1.8412156692533623,2.971813835250686,1.0
u181,2024-06-24T00:00:00.000000,0,0,1.881330711577316,3.1176991020371205,1.0082558151579777,0.006601594139456474,1.8412156692533623,2.971813835250686,1.0
u181,2024-07-01T00:00:00.000000,0,1,1.3469624760974792,2.628253383766306,1.5780514975804378,0.011155616159381404,1.8412156692533623,2.971813835250686,1.0
u181,2024-07-08T00:00:00.000000,0,1,2.3797470089744115,3.091200481530633,0.15733545054093762,0.008991142782791678,1.8412156692533623,2.971813835250686,1.0
u181,2024-07-15T00:00:00.000000,0,1,2.1496513980461955,2.7490864041204848,1.6116484007531067,0.014641606701521587,1.8412156692533623,2.971813835250686,1.0
u181,2024-07-22T00:00:00.000000,0,1,1.8754418936256598,3.0959733230801656,1.1911189186287718,0.02427044710050273,1.8412156692533623,2.971813835250686,1.0
u181,2024-07-29T00:00:00.000000,0,1,1.841447782023785,3.175918230001953,0.9136029662212817,0.024941229746603035,1.8412156692533623,2.971813835250686,1.0
u181,2024-08-05T00:00:00.000000,0,1,1.6398763477402098,2.8105617323954286,1.7117041837149642,0.034893646393385096,1.8412156692533623,2.971813835250686,1.0
u181,2024-08-12T00:00:00.000000,0,1,1.7028827959794488,3.0958172780694015,1.7592365889850123,0.024024229632940687,1.8412156692533623,2.971813835250686,1.0
u185,2024-05-13T00:00:00.000000,0,0,1.9079478172025262,0.043989753930681386,1.948977107384939,0.022734419181303752,1.7042488594797964,0.2930528557407093,1.0
u185,2024-05-20T00:00:00.000000,0,0,1.7913795141848596,0.17693572288100606,0.5967282042500677,0.049781323080194034,1.7042488594797964,0.2930528557407093,1.0
u185,2024-05-27T00:00:00.000000,0,0,1.9845432034000876,-0.00016349670721937937,1.0424090620962534,0.01676906359148243,1.7042488594797964,0.2930528557407093,1.0
u185,2024-06-03T00:00:00.000000,0,0,1.6585062846773206,0.05470836712336519,1.7283051623618417,0.038366844713206734,1.7042488594797964,0.2930528557407093,1.0
u185,2024-06-10T00:00:00.000000,0,0,2.020451451498074,0.3883383557996332,0.5365778635918543,0.02605029036143104,1.7042488594797964,0.2930528557407093,1.0
u185,2024-06-17T00:00:00.000000,0,0,2.6421007423175427,0.2963532072235936,0.2147743959117017,0.014581717826925827,1.7042488594797964,0.2930528557407093,1.0
u185,2024-06-24T00:00:00.000000,0,0,2.235878554508622,0.46260475365624687,0.9813080638773817,0.03417721187231566,1.7042488594797964,0.2930528557407093,1.0
u185,2024-07-01T00:00:00.000000,0,1,2.0804546300796325,0.12338877783112712,1.546279159302052,0.0011382060759360713,1.7042488594797964,0.2930528557407093,1.0
u185,2024-07-08T00:00:00.000000,0,1,2.118982939042363,0.35682146376880036,0.693594840057766,0.02014936075646892,1.7042488594797964,0.2930528557407093,1.0
u185,2024-07-15T00:00:00.000000,0,1,1.2013248987417242,-0.17114089091334422,0.2258091072592583,0.03387615459201217,1.7042488594797964,0.2930528557407093,1.0
u185,2024-07-22T00:00:00.000000,0,1,1.625823669785716,0.45924219161403224,1.8653941677872827,0.03551844568298172,1.7042488594797964,0.2930528557407093,1.0
u185,2024-07-29T00:00:00.000000,0,1,2.28267070854514,0.3935906825521648,1.3392218885734293,0.04658525680332503,1.7042488594797964,0.2930528557407093,1.0
u185,2024-08-05T00:00:00.000000,0,1,1.3186001908397116,0.48425257686873374,1.2724504346819945,0.04014035268670862,1.7042488594797964,0.2930528557407093,1.0
u185,2024-08-12T00:00:00.000000,0,1,1.71112796465008,0.13510039105803667,1.3404650456536256,0.035860272486879084,1.7042488594797964,0.2930528557407093,1.0
u186,2024-05-13T00:00:00.000000,0,0,2.018682388991552,0.7724035880020894,1.8466765212790308,0.044798907536202415,2.159552342283265,1.0278043777124581,1.0
u186,2024-05-20T00:00:00.000000,0,0,1.5696124010149006,1.0479610960744699,1.5987082630744764,0.036249000912209416,2.159552342283265,1.0278043777124581,1.0
u186,2024-05-27T00:00:00.000000,0,0,2.1375459039102327,0.9532701451551818,0.33521601711583243,0.03925692945461183,2.159552342283265,1.0278043777124581,1.0
u186,2024-06-03T00:00:00.000000,0,0,2.7554317464301232,1.0291216089323685,1.8456971545269192,0.03298363532059311,2.159552342283265,1.0278043777124581,1.0
u186,2024-06-10T00:00:00.000000,0,0,2.366525237774015,0.7366785792316386,0.9637738657214668,0.046861964515703985,2.159552342283265,1.0278043777124581,1.0
u186,2024-06-17T00:00:00.000000,0,0,1.9780603457224246,1.2778983857586723,1.6559050484241415,0.02312030724121693,2.159552342283265,1.0278043777124581,1.0
u186,2024-06-24T00:00:00.000000,0,0,2.614731896900377,1.0222889149917944,1.8827652338837984,0.018177714754014997,2.159552342283265,1.0278043777124581,1.0
u186,2024-07-01T00:00:00.000000,0,1,2.1944834214583246,1.177867495575844,1.9437451094747162,0.04738370734376781,2.159552342283265,1.0278043777124581,1.0
u186,2024-07-08T00:00:00.000000,0,1,1.8717920722304426,0.8242214685813894,1.976516966659174,0.010908960229015342,2.159552342283265,1.0278043777124581,1.0
u186,2024-07-15T00:00:00.000000,0,1,1.9984412622830845,0.6006016678245887,1.4094701614659222,0.026815200489907893,2.159552342283265,1.0278043777124581,1.0
u186,2024-07-22T00:00:00.000000,0,1,2.1395354005884153,1.0638739270635316,1.8940201916909545,0.030144566167433585,2.159552342283265,1.0278043777124581,1.0
u186,2024-07-29T00:00:00.000000,0,1,2.2625098828096557,1.1450970721852185,1.7836756653337906,0.04564243305676638,2.159552342283265,1.0278043777124581,1.0
u186,2024-08-05T00:00:00.000000,0,1,2.2971238487375536,0.8421894520853017,0.6304849640973784,0.022554264807923826,2.159552342283265,1.0278043777124581,1.0
u186,2024-08-12T00:00:00.000000,0,1,2.506094782141718,1.1110258073692008,1.1986562564328578,0.01689183680653866,2.159552342283265,1.0278043777124581,1.0
u189,2024-05-13T00:00:00.000000,0,0,1.651030978024873,1.2467337103071303,1.3675862892499797,0.030630937124304265,1.2052440116821184,1.4111946463984186,1.0
u189,2024-05-20T00:00:00.000000,0,0,0.7606321678512629,1.4725953711235176,1.6195962588080293,0.02250605983706641,1.2052440116821184,1.4111946463984186,1.0
u189,2024-05-27T00:00:00.000000,0,0,1.5176667140001971,1.8906179893047803,0.8325908777722439,0.025997981321261257,1.2052440116821184,1.4111946463984186,1.0
u189,2024-06-03T00:00:00.000000,0,0,0.8151761081421105,1.5505102798936838,1.3387643086130936,0.02490961767191573,1.2052440116821184,1.4111946463984186,1.0
u189,2024-06-10T00:00:00.000000,0,0,1.2786446172384196,1.1833698025507386,0.9416271814092666,0.03344374073164841,1.2052440116821184,1.4111946463984186,1.0
u189,2024-06-17T00:00:00.000000,0,0,1.2469545236502244,1.274541464760314,1.385099443422992,0.003859481271970222,1.2052440116821184,1.4111946463984186,1.0
u189,2024-06-24T00:00:00.000000,0,0,0.8721408037928338,1.5552834423170103,0.7731543244070507,0.011142139032075633,1.2052440116821184,1.4111946463984186,1.0
u189,2024-07-01T00:00:00.000000,0,1,0.6441976267195919,1.306201176818567,0.5569311552417283,0.014134386767265656,1.2052440116821184,1.4111946463984186,1.0
u189,2024-07-08T00:00:00.000000,0,1,1.456882121192467,1.039731993653014,1.5839661148304884,0.046494982499035026,1.2052440116821184,1.4111946463984186,1.0
u189,2024-07-15T00:00:00.000000,0,1,1.6795586168436807,1.4975468479684757,1.0101646985134667,0.008527071867855025,1.2052440116821184,1.4111946463984186,1.0
u189,2024-07-22T00:00:00.000000,0,1,1.6720752831977777,1.5540677097532234,1.462554291442577,0.0012836343153671216,1.2052440116821184,1.4111946463984186,1.0
u189,2024-07-29T00:00:00.000000,0,1,1.134711267159674,1.3035982609672576,0.3345404722208387,0.002414592538520011,1.2052440116821184,1.4111946463984186,1.0
u189,2024-08-05T00:00:00.000000,0,1,1.6220038034417308,1.3349657489861837,0.36471799286893014,0.007315218056824069,1.2052440116821184,1.4111946463984186,1.0
u189,2024-08-12T00:00:00.000000,0,1,1.870686430095756,1.4129696006818109,0.4806705332954744,0.00176876983621036,1.2052440116821184,1.4111946463984186,1.0
u191,2024-05-13T00:00:00.000000,0,0,1.215345323096837,0.466313263326845,1.0943623497579933,0.038434407590215734,1.2017568337993123,0.45636421316927883,1.0
u191,2024-05-20T00:00:00.000000,0,0,0.4127168268017598,0.4192629335313347,0.24569172111503168,0.024045282378430025,1.2017568337993123,0.45636421316927883,1.0
u191,2024-05-27T00:00:00.000000,0,0,1.6775817313156725,0.6267518796603964,0.6573475724313904,0.035879190194347335,1.2017568337993123,0.45636421316927883,1.0
u191,2024-06-03T00:00:00.000000,0,0,1.004482533416631,0.8448925944544854,0.2173345897509368,0.04969571060865235,1.2017568337993123,0.45636421316927883,1.0
u191,2024-06-10T00:00:00.000000,0,0,1.5108064863449304,0.7564648358928576,1.5065109736130176,0.029588089524590994,1.2017568337993123,0.45636421316927883,1.0
u191,2024-06-17T00:00:00.000000,0,0,1.5622127369697467,0.4669510279799872,1.5057298262108076,0.006858916774490226,1.2017568337993123,0.45636421316927883,1.0
u191,2024-06-24T00:00:00.000000,0,0,1.3882286655251375,0.42931020185602875,1.325655470477669,0.04108444286876139,1.2017568337993123,0.45636421316927883,1.0
u191,2024-07-01T00:00:00.000000,0,1,0.9012352108177045,0.8239939161224928,1.0322532693675524,0.012510405521856005,1.2017568337993123,0.45636421316927883,1.0
u191,2024-07-08T00:00:00.000000,0,1,1.2862139153271903,0.2601926017618751,1.5829585191257494,0.012004505672126449,1.2017568337993123,0.45636421316927883,1.0
u191,2024-07-15T00:00:00.000000,0,1,0.7429875998159043,0.5491408731097576,0.19595829386261626,0.011467031421775293,1.2017568337993123,0.45636421316927883,1.0
u191,2024-07-22T00:00:00.000000,0,1,1.694602134153853,0.8635678556035093,0.6119297513281916,0.02803182473542032,1.2017568337993123,0.45636421316927883,1.0
u191,2024-07-29T00:00:00.000000,0,1,1.22702694551713,0.32994115458133966,0.6449950912992204,0.003099048600115745,1.2017568337993123,0.45636421316927883,1.0
u191,2024-08-05T00:00:00.000000,0,1,1.266835439424408,0.28012797127205535,1.3990467923983216,0.002483397177703528,1.2017568337993123,0.45636421316927883,1.0
u191,2024-08-12T00:00:00.000000,0,1,0.949023647320101,0.5190721294904126,0.7075689068729545,0.04792035070889805,1.2017568337993123,0.45636421316927883,1.0
u192,2024-05-13T00:00:00.000000,0,0,1.8833385263202729,0.34215780572692084,0.3405057337579993,0.02037253305585642,1.4169676907409017,0.3750569785415049,1.0
u192,2024-05-20T00:00:00.000000,0,0,1.7568769363573948,0.6094187146845107,1.2481765159121536,0.025084988301017505,1.4169676907409017,0.3750569785415049,1.0
u192,2024-05-27T00:00:00.000000,0,0,1.155236897494201,0.7600995940933558,0.6409548106034322,0.048069039247358974,1.4169676907409017,0.3750569785415049,1.0
u192,2024-06-03T00:00:00.000000,0,0,1.844113344824225,0.2679351954896859,0.5342771868328363,0.04174263562651113,1.4169676907409017,0.3750569785415049,1.0
u192,2024-06-10T00:00:00.000000,0,0,1.1405228592365848,0.49140863914569705,1.1480546600559882,0.02447012213506329,1.4169676907409017,0.3750569785415049,1.0
u192,2024-06-17T00:00:00.000000,0,0,1.1942773554507446,0.6615656339402707,1.764665024989832,0.03673514561936872,1.4169676907409017,0.3750569785415049,1.0
u192,2024-06-24T00:00:00.000000,0,0,1.3809715397906155,0.3755499307614463,1.9763512500432503,0.04795824120000862,1.4169676907409017,0.3750569785415049,1.0
u192,2024-07-01T00:00:00.000000,0,1,1.704310467390476,0.42269710935390736,1.1973631452251732,0.01298766802631034,1.4169676907409017,0.3750569785415049,1.0
u192,2024-07-08T00:00:00.000000,0,1,1.4156046837028664,0.4185213040377146,0.532135936908473,0.02018662225422349,1.4169676907409017,0.3750569785415049,1.0
u192,2024-07-15T00:00:00.000000,0,1,0.9961587021519885,0.2625927641437666,0.4340500701320409,0.0052399099906765894,1.4169676907409017,0.3750569785415049,1.0
u192,2024-07-22T00:00:00.000000,0,1,1.806321623201867,0.7299940468589959,0.1267020070481638,0.03462279102749279,1.4169676907409017,0.3750569785415049,1.0
u192,2024-07-29T00:00:00.000000,0,1,0.9806292304200108,0.4610332931738015,0.736313212109409,0.025591490043926093,1.4169676907409017,0.3750569785415049,1.0
u192,2024-08-05T00:00:00.000000,0,1,2.3259192074025443,0.43576782577959083,0.747381515139413,0.03460144038658918,1.4169676907409017,0.3750569785415049,1.0
u192,2024-08-12T00:00:00.000000,0,1,1.2618451347640953,0.18290815590999462,1.9274677669451104,0.030381860129099544,1.4169676907409017,0.3750569785415049,1.0
u193,2024-05-13T00:00:00.000000,0,0,4.711050824746586,1.6650694957777237,0.16734917649956244,0.012225215906726695,4.804287669638246,1.3565731224088935,1.0
u193,2024-05-20T00:00:00.000000,0,0,5.530569224335897,1.3931855938033506,0.5133932253087233,0.03064028373307138,4.804287669638246,1.3565731224088935,1.0
u193,2024-05-27T00:00:00.000000,0,0,4.943908517831722,1.5059548459522554,0.47184807885972213,0.03483317999950688,4.804287669638246,1.3565731224088935,1.0
u193,2024-06-03T00:00:00.000000,0,0,4.888357504080204,1.6428960528638115,0.20877152222413442,0.021268104011757074,4.804287669638246,1.3565731224088935,1.0
u193,2024-06-10T00:00:00.000000,0,0,5.170593447752227,1.2651240813806752,0.894919510422328,0.002019910942781028,4.804287669638246,1.3565731224088935,1.0
u193,2024-06-17T00:00:00.000000,0,0,4.784793375341102,1.0418455032284857,0.3992754555996999,0.025937771248192156,4.804287669638246,1.3565731224088935,1.0
u193,2024-06-24T00:00:00.000000,0,0,4.8712590504906945,1.588171732924811,0.3036543684531758,0.0412638280991476,4.804287669638246,1.3565731224088935,1.0
u193,2024-07-01T00:00:00.000000,0,1,5.078683384860426,1.326826204255452,0.6816342598642356,0.03137660025935448,4.804287669638246,1.3565731224088935,1.0
u193,2024-07-08T00:00:00.000000,0,1,4.979961300570115,1.520960682058027,1.6213842626802664,0.03157583749225636,4.804287669638246,1.3565731224088935,1.0
u193,2024-07-15T00:00:00.000000,0,1,5.040346341590924,1.608747623425594,0.9247642936403233,0.006441861423847634,4.804287669638246,1.3565731224088935,1.0
u193,2024-07-22T00:00:00.000000,0,1,4.554133061886444,1.185059636531272,0.22441845618933776,0.044907809609085116,4.804287669638246,1.3565731224088935,1.0
u193,2024-07-29T00:00:00.000000,0,1,4.960228795704936,1.0736666588200876,0.6462035049238828,0.03243791878137658,4.804287669638246,1.3565731224088935,1.0
u193,2024-08-05T00:00:00.000000,0,1,4.534383696608965,1.4433539530208144,1.1136351320827496,0.0166821445143565,4.804287669638246,1.3565731224088935,1.0
u193,2024-08-12T00:00:00.000000,0,1,4.820249299372915,1.4350291883247137,1.4416742389850477,0.008414135799721162,4.804287669638246,1.3565731224088935,1.0
u194,2024-05-13T00:00:00.000000,0,0,1.3172417082194805,0.8360297717882978,0.9130957558420403,0.043554681071774175,1.814568760346651,1.1433445409262488,1.0
u194,2024-05-20T00:00:00.000000,0,0,1.7102521917937772,1.4763331111607847,1.4610725265287872,0.0074315899918549816,1.814568760346651,1.1433445409262488,1.0
u194,2024-05-27T00:00:00.000000,0,0,2.4542601266280664,1.2249705575213907,1.1881713604046238,0.008261547036906309,1.814568760346651,1.1433445409262488,1.0
u194,2024-06-03T00:00:00.000000,0,0,1.9433775128646342,1.4824989270517368,0.8907745527038214,0.03379297502575729,1.814568760346651,1.1433445409262488,1.0
u194,2024-06-10T00:00:00.000000,0,0,1.4009261405125828,1.1639637474282096,0.45712027213152784,0.00776005721469133,1.814568760346651,1.1433445409262488,1.0
u194,2024-06-17T00:00:00.000000,0,0,1.5419637280135452,1.35816924297307,1.1552338780013565,0.04735705199533312,1.814568760346651,1.1433445409262488,1.0
u194,2024-06-24T00:00:00.000000,0,0,1.333341159840082,1.169645931816818,1.6493624793987363,0.04710317226569084,1.814568760346651,1.1433445409262488,1.0
u194,2024-07-01T00:00:00.000000,0,1,2.4779295326235182,1.3297794163744254,1.3369377325816618,0.006021660612054597,1.814568760346651,1.1433445409262488,1.0
u194,2024-07-08T00:00:00.000000,0,1,1.5400163532346556,1.376387817341321,1.6860923206556733,0.00794207453646833,1.814568760346651,1.1433445409262488,1.0
u194,2024-07-15T00:00:00.000000,0,1,1.4102318352924827,1.1947997239444237,0.35119774028265094,0.0017543046871868586,1.814568760346651,1.1433445409262488,1.0
u194,2024-07-22T00:00:00.000000,0,1,2.142185867884543,1.0299247463256909,1.07749934878203,0.026996262204689394,1.814568760346651,1.1433445409262488,1.0
u194,2024-07-29T00:00:00.000000,0,1,1.369602397677796,0.9936616725913721,1.5349409333336137,0.04246422040605213,1.814568760346651,1.1433445409262488,1.0
u194,2024-08-05T00:00:00.000000,0,1,2.240940090123111,1.1001685811806647,0.6088042671355951,0.002529770901117806,1.814568760346651,1.1433445409262488,1.0
u194,2024-08-12T00:00:00.000000,0,1,1.913563987999761,1.0839210261866306,1.5979744826899083,0.012796341451548,1.814568760346651,1.1433445409262488,1.0
u195,2024-05-13T00:00:00.000000,0,0,3.374050925408465,1.807272316740378,0.7978540668454135,0.004417040994481858,3.6056983520811365,1.7209274795135572,1.0
u195,2024-05-20T00:00:00.000000,0,0,3.2603055022589276,1.961579124116915,0.20117627009896322,0.044907418580990774,3.6056983520811365,1.7209274795135572,1.0
u195,2024-05-27T00:00:00.000000,0,0,3.5911116065051543,1.6018529938205746,0.9055983416020622,0.03263723322740698,3.6056983520811365,1.7209274795135572,1.0
u195,2024-06-03T00:00:00.000000,0,0,3.479086221729256,1.6350839890591498,0.7802498740738285,0.04079441237487923,3.6056983520811365,1.7209274795135572,1.0
u195,2024-06-10T00:00:00.000000,0,0,3.623889421358221,1.7822475814707217,0.7486065389592417,0.0019443994831271072,3.6056983520811365,1.7209274795135572,1.0
u195,2024-06-17T00:00:00.000000,0,0,3.834912644028561,1.9158653071692817,0.14638942406125094,0.007643619107039046,3.6056983520811365,1.7209274795135572,1.0
u195,2024-06-24T00:00:00.000000,0,0,4.261206105454633,1.6606231593380985,1.7065903108735745,0.031190018071273598,3.6056983520811365,1.7209274795135572,1.0
u195,2024-07-01T00:00:00.000000,0,1,4.132400531150831,2.0746849312532887,1.428034171920535,0.014001320543523649,3.6056983520811365,1.7209274795135572,1.0
u195,2024-07-08T00:00:00.000000,0,1,3.508501040821785,1.9657788539427539,1.7541692492050118,0.011659675364789608,3.6056983520811365,1.7209274795135572,1.0
u195,2024-07-15T00:00:00.000000,0,1,4.255952695049785,1.7834021368975723,0.15081072291366193,0.0014087137390930095,3.6056983520811365,1.7209274795135572,1.0
u195,2024-07-22T00:00:00.000000,0,1,3.7454338291965437,1.41808630284536,0.7902811975702354,0.0007971219483345893,3.6056983520811365,1.7209274795135572,1.0
u195,2024-07-29T00:00:00.000000,0,1,2.924431084211064,1.6604239567507113,0.8483724087115033,0.02594249475244157,3.6056983520811365,1.7209274795135572,1.0
u195,2024-08-05T00:00:00.000000,0,1,3.440373809734842,1.5217490943386578,1.2646029184834444,0.04428133099341533,3.6056983520811365,1.7209274795135572,1.0
u195,2024-08-12T00:00:00.000000,0,1,3.5156611560422637,1.4458711701998217,0.10692359277386053,0.04299071406591013,3.6056983520811365,1.7209274795135572,1.0
u196,2024-05-13T00:00:00.000000,0,0,1.2294990340667882,1.0961848177810114,0.3337821676678815,0.01327624849467855,1.8765675001090232,0.9596313153194329,1.0
u196,2024-05-20T00:00:00.000000,0,0,1.6340869670792153,0.8818860118098358,0.91818118803823,0.011506699414640454,1.8765675001090232,0.9596313153194329,1.0
u196,2024-05-27T00:00:00.000000,0,0,2.2155794839958642,1.0257084142437476,0.2044247374695538,0.04304598062271628,1.8765675001090232,0.9596313153194329,1.0
u196,2024-06-03T00:00:00.000000,0,0,1.7813100019490569,0.9146495289497113,1.6045315368434243,0.0037911605071205556,1.8765675001090232,0.9596313153194329,1.0
u196,2024-06-10T00:00:00.000000,0,0,1.95602535282586,1.0047827839363834,1.2443834395145006,0.028883540007806165,1.8765675001090232,0.9596313153194329,1.0
u196,2024-06-17T00:00:00.000000,0,0,2.0099231666134307,1.1251887050580622,1.481848434687824,0.005278258945945491,1.8765675001090232,0.9596313153194329,1.0
u196,2024-06-24T00:00:00.000000,0,0,1.1915641967216652,1.1168283103460996,1.6006951650450487,0.040368901188954434,1.8765675001090232,0.9596313153194329,1.0
u196,2024-07-01T00:00:00.000000,0,1,1.6733589493971652,0.8469217838124996,0.9129590063438863,0.04234588363571679,1.8765675001090232,0.9596313153194329,1.0
u196,2024-07-08T00:00:00.000000,0,1,2.3847159383956384,1.1183930132877054,1.2195672179610182,0.01736043083535893,1.8765675001090232,0.9596313153194329,1.0
u196,2024-07-15T00:00:00.000000,0,1,1.7998147629641557,0.8814430092229739,0.3538858603055043,0.043006125954387936,1.8765675001090232,0.9596313153194329,1.0
u196,2024-07-22T00:00:00.000000,0,1,1.8240646907975393,0.7361497065626449,1.436702525867391,0.02155562749412095,1.8765675001090232,0.9596313153194329,1.0
u196,2024-07-29T00:00:00.000000,0,1,2.305436219373371,0.6337747547365951,1.4673307915274088,0.029649681166399808,1.8765675001090232,0.9596313153194329,1.0
u196,2024-08-05T00:00:00.000000,0,1,1.5170750775840616,0.8354670059468149,0.9387941634325173,0.009472342993035416,1.8765675001090232,0.9596313153194329,1.0
u196,2024-08-12T00:00:00.000000,0,1,1.8034187249525517,0.8011058283904008,0.96635170015228,0.03666562526153636,1.8765675001090232,0.9596313153194329,1.0
u198,2024-05-13T00:00:00.000000,0,0,1.2569589519904856,3.044913176106894,1.3878979772878282,0.02570147227997705,1.4414930046680863,2.9396694465164295,1.0
u198,2024-05-20T00:00:00.000000,0,0,0.9985640652948327,2.8928918080956367,1.0253306753374192,0.02554647683556885,1.4414930046680863,2.9396694465164295,1.0
u198,2024-05-27T00:00:00.000000,0,0,1.2911691637858267,2.7015962192689096,1.8328784297881469,0.04854302809438158,1.4414930046680863,2.9396694465164295,1.0
u198,2024-06-03T00:00:00.000000,0,0,1.0473155945968624,3.156218611574313,0.8697247875124948,0.030440118492034148,1.4414930046680863,2.9396694465164295,1.0
u198,2024-06-10T00:00:00.000000,0,0,1.2545087623896807,3.122611789280082,1.2075949859566557,0.017484025394072206,1.4414930046680863,2.9396694465164295,1.0
u198,2024-06-17T00:00:00.000000,0,0,1.1844943881796095,3.0403510576797204,0.9016730014696179,0.026369797703222633,1.4414930046680863,2.9396694465164295,1.0
u198,2024-06-24T00:00:00.000000,0,0,1.0291448122757771,2.7511757311321166,0.5049308761884069,0.029972668157450356,1.4414930046680863,2.9396694465164295,1.0
u198,2024-07-01T00:00:00.000000,0,1,1.7341959588387477,2.8536125021534406,0.37682543803488144,0.049705779731683476,1.4414930046680863,2.9396694465164295,1.0
u198,2024-07-08T00:00:00.000000,0,1,1.2590127322543367,2.764608170428485,0.6725685166421376,0.019390101740892292,1.4414930046680863,2.9396694465164295,1.0
u198,2024-07-15T00:00:00.000000,0,1,1.5802879735417765,2.841564945897895,1.4339757728011162,0.044449959772576965,1.4414930046680863,2.9396694465164295,1.0
u198,2024-07-22T00:00:00.000000,0,1,1.132616333765976,3.1553539518009472,0.9388651144237496,0.03190490390599383,1.4414930046680863,2.9396694465164295,1.0
u198,2024-07-29T00:00:00.000000,0,1,1.3436524717565994,3.032104571066472,0.10999423423909278,0.010785547789489092,1.4414930046680863,2.9396694465164295,1.0
u198,2024-08-05T00:00:00.000000,0,1,1.1230640348512562,3.1512111872893525,1.0633878046371439,0.01821759399990706,1.4414930046680863,2.9396694465164295,1.0
u198,2024-08-12T00:00:00.000000,0,1,1.547126624682636,2.82781768254248,1.7488777412165448,0.04811679328400689,1.4414930046680863,2.9396694465164295,1.0
u199,2024-05-13T00:00:00.000000,0,0,4.047481256499191,2.580664290755304,1.2324934430603882,0.03280687067206555,4.298740878831038,2.5566389375730556,1.0
u199,2024-05-20T00:00:00.000000,0,0,4.044933494171197,2.8625096283944185,0.4799307505472149,0.01315053232947071,4.298740878831038,2.5566389375730556,1.0
u199,2024-05-27T00:00:00.000000,0,0,4.445076272556702,2.3804158209329676,1.4909594040546783,0.026534271786209068,4.298740878831038,2.5566389375730556,1.0
u199,2024-06-03T00:00:00.000000,0,0,4.507283607086427,2.188719839055814,0.8406828823025744,0.039071864374371,4.298740878831038,2.5566389375730556,1.0
u199,2024-06-10T00:00:00.000000,0,0,4.643652013721384,2.5478427916188653,0.3246592877384737,0.0213397242795629,4.298740878831038,2.5566389375730556,1.0
u199,2024-06-17T00:00:00.000000,0,0,4.260488341116591,2.7141727994959144,0.9789642472903248,0.03258352714800666,4.298740878831038,2.5566389375730556,1.0
u199,2024-06-24T00:00:00.000000,0,0,3.6110504664434826,2.360126839420176,0.281145403225582,0.017567812297757054,4.298740878831038,2.5566389375730556,1.0
u199,2024-07-01T00:00:00.000000,0,1,4.56347922385078,2.697929468928989,0.6882644524450594,0.03594460426207282,4.298740878831038,2.5566389375730556,1.0
u199,2024-07-08T00:00:00.000000,0,1,4.1280670994466595,2.9722419462996577,0.27982343335041426,0.027394037112012742,4.298740878831038,2.5566389375730556,1.0
u199,2024-07-15T00:00:00.000000,0,1,3.99946615573809,2.7995958328829595,0.1892111702337945,0.0026052267843913015,4.298740878831038,2.5566389375730556,1.0
u199,2024-07-22T00:00:00.000000,0,1,4.722783083989643,2.672537755160163,1.4303339930259422,0.009048492486091209,4.298740878831038,2.5566389375730556,1.0
u199,2024-07-29T00:00:00.000000,0,1,4.64619186829503,2.559996570321399,1.932299013747594,0.005907981721281841,4.298740878831038,2.5566389375730556,1.0
u199,2024-08-05T00:00:00.000000,0,1,3.96392926427111,2.3087420199524495,0.7864890292693955,0.03566715533604865,4.298740878831038,2.5566389375730556,1.0
u199,2024-08-12T00:00:00.000000,0,1,4.023016710337882,2.4641026798961416,1.9869122225019915,0.014522735907255996,4.298740878831038,2.5566389375730556,1.0
u201,2024-05-13T00:00:00.000000,0,0,3.836234839240222,2.093811118931362,1.260535588219498,0.02592109893568568,3.662209588969659,2.272255709995763,1.0
u201,2024-05-20T00:00:00.000000,0,0,3.333978676114663,2.1062048854463082,1.932101927726431,0.023324203280008317,3.662209588969659,2.272255709995763,1.0
u201,2024-05-27T00:00:00.000000,0,0,3.9650551050139344,2.5361174397131903,1.0237722339130593,0.0362177686874984,3.662209588969659,2.272255709995763,1.0
u201,2024-06-03T00:00:00.000000,0,0,3.760922125312937,2.3802283488910847,0.1894699431332057,0.022667765558722842,3.662209588969659,2.272255709995763,1.0
u201,2024-06-10T00:00:00.000000,0,0,3.881797207763292,2.5639790794551667,1.5904335702670502,0.03274008409814778,3.662209588969659,2.272255709995763,1.0
u201,2024-06-17T00:00:00.000000,0,0,3.805173481741259,2.142324199914136,0.9930900274017891,0.009085190001260858,3.662209588969659,2.272255709995763,1.0
u201,2024-06-24T00:00:00.000000,0,0,3.5269242109626293,2.275945425739805,0.4999756106620894,0.02901171056879185,3.662209588969659,2.272255709995763,1.0
u201,2024-07-01T00:00:00.000000,0,1,3.9181624364548635,2.224107801765023,1.7361136491056093,0.026257384567099307,3.662209588969659,2.272255709995763,1.0
u201,2024-07-08T00:00:00.000000,0,1,3.8332553989545732,2.309982850811716,0.12999643340456163,0.04567378455078476,3.662209588969659,2.272255709995763,1.0
u201,2024-07-15T00:00:00.000000,0,1,3.889848458419107,2.263883869182754,1.1160697558885542,0.022646303665929252,3.662209588969659,2.272255709995763,1.0
u201,2024-07-22T00:00:00.000000,0,1,4.428364822062257,2.215483846132512,1.074969044481503,0.008801234935122032,3.662209588969659,2.272255709995763,1.0
u201,2024-07-29T00:00:00.000000,0,1,3.5389724352494967,2.2738206688456555,0.5777381067910337,0.018386706071985334,3.662209588969659,2.272255709995763,1.0
u201,2024-08-05T00:00:00.000000,0,1,3.7937864166315505,1.9424113423440168,0.707237260204816,0.011150726976338694,3.662209588969659,2.272255709995763,1.0
u201,2024-08-12T00:00:00.000000,0,1,3.853946296265672,1.9249272875091146,1.1110423106046052,0.04759283256084701,3.662209588969659,2.272255709995763,1.0
u204,2024-05-13T00:00:00.000000,0,0,4.308329584894528,1.972113070371415,0.4723891170668062,0.008936468796245923,4.487207200001944,1.6479601366164098,1.0
u204,2024-05-20T00:00:00.000000,0,0,4.644475685721079,1.332157477102361,0.4584303201306922,0.0469023436497711,4.487207200001944,1.6479601366164098,1.0
u204,2024-05-27T00:00:00.000000,0,0,4.656582433996921,1.5745531154302996,0.5880091887887892,0.04285066679004619,4.487207200001944,1.6479601366164098,1.0
u204,2024-06-03T00:00:00.000000,0,0,5.184980715016538,1.6621992603643092,1.628943490007974,0.002982506593137507,4.487207200001944,1.6479601366164098,1.0
u204,2024-06-10T00:00:00.000000,0,0,4.2914190018815885,2.030497067607116,1.2726513583483676,0.025903284769984658,4.487207200001944,1.6479601366164098,1.0
u204,2024-06-17T00:00:00.000000,0,0,4.123756032669576,1.566959905737009,1.9828467734682076,0.008738686336252422,4.487207200001944,1.6479601366164098,1.0
u204,2024-06-24T00:00:00.000000,0,0,4.497839718913842,1.1343543071551967,1.825088672702836,0.038184419636176525,4.487207200001944,1.6479601366164098,1.0
u204,2024-07-01T00:00:00.000000,0,1,4.07942423608014,1.9506038809062867,0.2002884234942393,0.04468351906108261,4.487207200001944,1.6479601366164098,1.0
u204,2024-07-08T00:00:00.000000,0,1,4.309541450827533,1.6316469125302926,0.20260926891533043,0.04994844958788427,4.487207200001944,1.6479601366164098,1.0
u204,2024-07-15T00:00:00.000000,0,1,4.710898961112141,1.865558890010764,0.5139046905966664,0.013838886259873463,4.487207200001944,1.6479601366164098,1.0
u204,2024-07-22T00:00:00.000000,0,1,4.958282462085505,1.8064403630944905,0.14049642032638737,0.03281280040585673,4.487207200001944,1.6479601366164098,1.0
u204,2024-07-29T00:00:00.000000,0,1,3.9407821109915964,1.7063839887056398,1.0060226762003557,0.017235448089919392,4.487207200001944,1.6479601366164098,1.0
u204,2024-08-05T00:00:00.000000,0,1,4.545070806709511,1.425144417576399,1.2885266684670942,0.03850164413950808,4.487207200001944,1.6479601366164098,1.0
u204,2024-08-12T00:00:00.000000,0,1,4.5421220802470845,1.4671358552079896,1.7488218607961574,0.025276587431691096,4.487207200001944,1.6479601366164098,1.0
u207,2024-05-13T00:00:00.000000,0,0,3.938222958129576,0.7992245915156106,0.32793805377765295,0.04903446425593888,3.6760414818737743,0.4909652616328049,1.0
u207,2024-05-20T00:00:00.000000,0,0,3.5795733118844106,0.4992114546845804,0.42633449380755184,0.035962882460976835,3.6760414818737743,0.4909652616328049,1.0
u207,2024-05-27T00:00:00.000000,0,0,4.021518993770869,0.9218049083041921,0.9859543070699512,0.04970047327009565,3.6760414818737743,0.4909652616328049,1.0
u207,2024-06-03T00:00:00.000000,0,0,3.743877363417455,0.3223657874873775,1.0853382413110473,0.04210598048252188,3.6760414818737743,0.4909652616328049,1.0
u207,2024-06-10T00:00:00.000000,0,0,3.5704450481216576,0.3999738120680166,1.9061846786998435,0.01662929041680288,3.6760414818737743,0.4909652616328049,1.0
u207,2024-06-17T00:00:00.000000,0,0,3.4216709401413334,0.43866833898532037,0.7317478287454698,0.019033688231690778,3.6760414818737743,0.4909652616328049,1.0
u207,2024-06-24T00:00:00.000000,0,0,4.007147483159222,0.33015975740718667,1.8677352438317818,0.031554944033345286,3.6760414818737743,0.4909652616328049,1.0
u207,2024-07-01T00:00:00.000000,0,1,4.373899122768058,0.5547314385069796,0.12371912418584369,0.008696879941178666,3.6760414818737743,0.4909652616328049,1.0
u207,2024-07-08T00:00:00.000000,0,1,3.574897610507611,0.13191063696243976,1.342689900501451,0.006817447618689881,3.6760414818737743,0.4909652616328049,1.0
u207,2024-07-15T00:00:00.000000,0,1,3.198346243708831,0.47635822367390634,0.5731430596390072,0.007293027281794113,3.6760414818737743,0.4909652616328049,1.0
u207,2024-07-22T00:00:00.000000,0,1,3.749120279487176,0.5103644970604514,1.1200145504144787,0.03790478000456257,3.6760414818737743,0.4909652616328049,1.0
u207,2024-07-29T00:00:00.000000,0,1,3.4408221506304253,0.4931285655173119,1.2936051934379245,0.045381228875974164,3.6760414818737743,0.4909652616328049,1.0
u207,2024-08-05T00:00:00.000000,0,1,3.7563512420265037,0.5432557926488957,0.8820790456305498,0.016369210044037304,3.6760414818737743,0.4909652616328049,1.0
u207,2024-08-12T00:00:00.000000,0,1,3.6338307658684816,0.4351184125582013,0.2051993602337332,0.033734262188226,3.6760414818737743,0.4909652616328049,1.0
u208,2024-05-13T00:00:00.000000,0,0,4.219686423667335,1.4851510596513084,0.7521305454764646,0.04927696596497154,4.390070867766661,1.592799371559028,1.0
u208,2024-05-20T00:00:00.000000,0,0,4.251188907618903,1.7674664341014863,1.0800711460282388,0.03547071272210483,4.390070867766661,1.592799371559028,1.0
u208,2024-05-27T00:00:00.000000,0,0,4.615357759263416,1.697592333613837,0.5229523965068137,0.0006483777714443029,4.390070867766661,1.592799371559028,1.0
u208,2024-06-03T00:00:00.000000,0,0,4.408993569818146,1.5905064872270005,1.258153615921124,0.02501037639038547,4.390070867766661,1.592799371559028,1.0
u208,2024-06-10T00:00:00.000000,0,0,4.195587655543529,1.7103344791515984,0.24174818549960284,0.045865286820485886,4.390070867766661,1.592799371559028,1.0
u208,2024-06-17T00:00:00.000000,0,0,4.514223148009211,1.5549188379977288,0.5673604079824988,0.04848820123521854,4.390070867766661,1.592799371559028,1.0
u208,2024-06-24T00:00:00.000000,0,0,4.438959504164156,1.5002462946256816,0.5235315156293507,0.025654458581655784,4.390070867766661,1.592799371559028,1.0
u208,2024-07-01T00:00:00.000000,0,1,4.21115325283163,1.3171390243484118,1.1667172200224092,0.02613969218596321,4.390070867766661,1.592799371559028,1.0
u208,2024-07-08T00:00:00.000000,0,1,4.152665247644035,1.66005921436084,0.8935939723247557,0.0042709505712194345,4.390070867766661,1.592799371559028,1.0
u208,2024-07-15T00:00:00.000000,0,1,4.395995994684469,1.624637398936372,0.14686172278610932,0.002615251289880433,4.390070867766661,1.592799371559028,1.0
u208,2024-07-22T00:00:00.000000,0,1,4.517536426537106,1.8116899218201372,0.10800417163687764,0.015602168717743637,4.390070867766661,1.592799371559028,1.0
u208,2024-07-29T00:00:00.000000,0,1,4.34678335683545,1.7435555353060275,0.9907158634304121,0.022939953052302772,4.390070867766661,1.592799371559028,1.0
u208,2024-08-05T00:00:00.000000,0,1,4.665553704184358,1.8968239349292937,0.29571202799060237,0.025362555277333554,4.390070867766661,1.592799371559028,1.0
u208,2024-08-12T00:00:00.000000,0,1,4.270207333891556,1.5406333491107034,0.3721633804496197,0.04346674681558709,4.390070867766661,1.592799371559028,1.0
u209,2024-05-13T00:00:00.000000,0,0,1.2490518121438272,0.754242764097747,0.9463534177873528,0.047181751932253546,1.2926644915120753,0.9794337852345814,1.0
u209,2024-05-20T00:00:00.000000,0,0,1.1661192096920217,1.0359655432805615,1.347598770093519,0.002021269160483208,1.2926644915120753,0.9794337852345814,1.0
u209,2024-05-27T00:00:00.000000,0,0,1.0126377301718754,0.6999564658218866,0.6246657502555063,0.03141477413715668,1.2926644915120753,0.9794337852345814,1.0
u209,2024-06-03T00:00:00.000000,0,0,0.9204377082828192,0.7018830728945296,1.5644995543363474,0.04699108624026961,1.2926644915120753,0.9794337852345814,1.0
u209,2024-06-10T00:00:00.000000,0,0,0.8569109764099994,1.1725020436973939,1.461211517259641,0.011057440058237063,1.2926644915120753,0.9794337852345814,1.0
u209,2024-06-17T00:00:00.000000,0,0,1.3012057288449035,1.038385557645642,1.5517446020574652,0.049997362872726686,1.2926644915120753,0.9794337852345814,1.0
u209,2024-06-24T00:00:00.000000,0,0,1.401351799070069,0.7520764870238406,0.37564902064750727,0.0077217026210351265,1.2926644915120753,0.9794337852345814,1.0
u209,2024-07-01T00:00:00.000000,0,1,0.7557622847956391,0.9687134436624891,0.9525742112287345,0.03342401989172066,1.2926644915120753,0.9794337852345814,1.0
u209,2024-07-08T00:00:00.000000,0,1,1.2868442558021278,1.128134105720496,1.6850468511751804,0.03277737550592098,1.2926644915120753,0.9794337852345814,1.0
u209,2024-07-15T00:00:00.000000,0,1,1.5507825682032477,0.9093652900498137,1.047171973723525,0.009413737364964425,1.2926644915120753,0.9794337852345814,1.0
u209,2024-07-22T00:00:00.000000,0,1,0.927018762563611,0.8738826296527171,0.7975139195867084,0.042189236813769675,1.2926644915120753,0.9794337852345814,1.0
u209,2024-07-29T00:00:00.000000,0,1,1.43888119725478,1.114497516833203,1.7315517042010655,0.02314589032330765,1.2926644915120753,0.9794337852345814,1.0
u209,2024-08-05T00:00:00.000000,0,1,1.2314972038520908,1.2286126216887516,0.7887345698282339,0.01985241502815409,1.2926644915120753,0.9794337852345814,1.0
u209,2024-08-12T00:00:00.000000,0,1,1.1236138077686206,1.093857815550842,0.37329993404566064,0.01118448943019455,1.2926644915120753,0.9794337852345814,1.0
u210,2024-05-13T00:00:00.000000,0,0,2.970863821384331,1.0522159895707504,0.6724517801526355,0.004369384074835997,3.024913935763133,0.9531539812292638,1.0
u210,2024-05-20T00:00:00.000000,0,0,2.473556190177692,0.6979195235515441,1.0789477948953494,0.03631089210644801,3.024913935763133,0.9531539812292638,1.0
u210,2024-05-27T00:00:00.000000,0,0,3.518715533859469,0.35827406867772393,1.7720028631326694,0.04000644363206016,3.024913935763133,0.9531539812292638,1.0
u210,2024-06-03T00:00:00.000000,0,0,2.970215831992739,0.861135797200487,0.3961468929775184,0.04609028803713987,3.024913935763133,0.9531539812292638,1.0
u210,2024-06-10T00:00:00.000000,0,0,2.6803729434506303,1.190891711551138,1.0562609178675488,0.02308673183636833,3.024913935763133,0.9531539812292638,1.0
u210,2024-06-17T00:00:00.000000,0,0,3.3622189841827415,0.6441278002069355,0.9139042807134184,0.046924221940246494,3.024913935763133,0.9531539812292638,1.0
u210,2024-06-24T00:00:00.000000,0,0,3.6680965172339723,0.8161498275013751,1.9889984235574396,0.0025953594037748384,3.024913935763133,0.9531539812292638,1.0
u210,2024-07-01T00:00:00.000000,0,1,3.1615790399845665,1.1099708905459846,1.2812570863176869,0.049477132160743786,3.024913935763133,0.9531539812292638,1.0
u210,2024-07-08T00:00:00.000000,0,1,3.0812907139376784,0.7748708877143082,0.5053646452929887,0.027115979944465074,3.024913935763133,0.9531539812292638,1.0
u210,2024-07-15T00:00:00.000000,0,1,2.8274667648987517,0.8697392207984498,0.46319258684106834,0.00769794562045999,3.024913935763133,0.9531539812292638,1.0
u210,2024-07-22T00:00:00.000000,0,1,2.954981436769608,1.0992853023916873,0.4605494090236123,0.003874509376280583,3.024913935763133,0.9531539812292638,1.0
u210,2024-07-29T00:00:00.000000,0,1,2.543782289186123,0.995067930733887,0.5835148449597879,0.03916288516556013,3.024913935763133,0.9531539812292638,1.0
u210,2024-08-05T00:00:00.000000,0,1,2.8846769976155118,1.0308513677890978,0.7137145384868296,0.028232711324393856,3.024913935763133,0.9531539812292638,1.0
u210,2024-08-12T00:00:00.000000,0,1,3.0515847866277626,1.1448080620303285,1.2127024796038015,0.03754153999889256,3.024913935763133,0.9531539812292638,1.0
u211,2024-05-13T00:00:00.000000,0,0,3.9395316991033567,1.2039193070147682,0.2035454295929226,0.0035944166650430155,3.88898206067367,1.197610371293882,1.0
u211,2024-05-20T00:00:00.000000,0,0,3.8919731762520375,1.4739571840250436,0.8118274371454186,0.004687653992981178,3.88898206067367,1.197610371293882,1.0
u211,2024-05-27T00:00:00.000000,0,0,4.2730208413651525,0.9621960701638335,1.604496964998422,0.032526146903766345,3.88898206067367,1.197610371293882,1.0
u211,2024-06-03T00:00:00.000000,0,0,3.974152238612646,1.0431670301384972,1.480030830453182,0.02638406229133878,3.88898206067367,1.197610371293882,1.0
u211,2024-06-10T00:00:00.000000,0,0,4.105762869656674,1.2552103223886442,1.2242689976633165,0.03416649994687733,3.88898206067367,1.197610371293882,1.0
u211,2024-06-17T00:00:00.000000,0,0,4.010340303127383,1.3035127231112222,1.903207523580477,0.031509275106279815,3.88898206067367,1.197610371293882,1.0
u211,2024-06-24T00:00:00.000000,0,0,4.4119595731345775,1.2260165770941098,0.10496727832892001,0.03188087331230039,3.88898206067367,1.197610371293882,1.0
u211,2024-07-01T00:00:00.000000,0,1,3.823609505178804,1.1105391785497214,0.6652503794976188,0.024156481981855372,3.88898206067367,1.197610371293882,1.0
u211,2024-07-08T00:00:00.000000,0,1,3.8453275818305053,1.0395074299886244,0.1553298182236896,0.0325279282859619,3.88898206067367,1.197610371293882,1.0
u211,2024-07-15T00:00:00.000000,0,1,3.8254076027003956,0.7959346839160187,0.9522580943859851,0.01300705551470764,3.88898206067367,1.197610371293882,1.0
u211,2024-07-22T00:00:00.000000,0,1,3.591012625669632,1.3522644197585365,1.9510540640066676,0.03574187273591011,3.88898206067367,1.197610371293882,1.0
u211,2024-07-29T00:00:00.000000,0,1,3.871772074779506,0.7438373562184157,0.13457227784856568,0.02722660987409696,3.88898206067367,1.197610371293882,1.0
u211,2024-08-05T00:00:00.000000,0,1,3.721927273126729,1.0500652190026383,1.3203804114175302,0.021594817324784757,3.88898206067367,1.197610371293882,1.0
u211,2024-08-12T00:00:00.000000,0,1,3.3319749877171545,1.452023948629323,0.40968912969369753,0.03335063312365927,3.88898206067367,1.197610371293882,1.0
u212,2024-05-13T00:00:00.000000,0,0,2.8362512353669627,2.4949972911249616,1.6891511825479355,0.034549854072994234,3.22578082609592,2.468199830753368,1.0
u212,2024-05-20T00:00:00.000000,0,0,2.89471296680315,2.344135944249036,1.7643593682850587,0.011389175373576794,3.22578082609592,2.468199830753368,1.0
u212,2024-05-27T00:00:00.000000,0,0,3.385521902313247,2.311081334496772,0.35262571374049423,0.040405474650810735,3.22578082609592,2.468199830753368,1.0
u212,2024-06-03T00:00:00.000000,0,0,2.7269922590111983,2.4669460360349964,0.2503840225169352,0.042151435937686714,3.22578082609592,2.468199830753368,1.0
u212,2024-06-10T00:00:00.000000,0,0,3.30408427999535,2.359149537019856,0.3210881595512086,0.012361721301885904,3.22578082609592,2.468199830753368,1.0
u212,2024-06-17T00:00:00.000000,0,0,3.5018076803954687,2.081738639481534,0.5095698602781432,0.010804926088381257,3.22578082609592,2.468199830753368,1.0
u212,2024-06-24T00:00:00.000000,0,0,3.140318676184679,2.7683147596243596,1.409061141686604,0.0326745234474042,3.22578082609592,2.468199830753368,1.0
u212,2024-07-01T00:00:00.000000,0,1,2.9192220185482887,2.5664878897262624,0.9982031731364674,0.04300682540606174,3.22578082609592,2.468199830753368,1.0
u212,2024-07-08T00:00:00.000000,0,1,3.3524224028013925,2.3032337154018494,1.6391680758545695,0.029219427084490913,3.22578082609592,2.468199830753368,1.0
u212,2024-07-15T00:00:00.000000,0,1,3.1604956961530846,2.5782824686916266,0.931231178870479,0.04402912371871421,3.22578082609592,2.468199830753368,1.0
u212,2024-07-22T00:00:00.000000,0,1,2.7736104580864858,2.468093928052195,0.5892665530232026,0.0243771224588206,3.22578082609592,2.468199830753368,1.0
u212,2024-07-29T00:00:00.000000,0,1,2.687279892284915,2.4120231389318123,1.846220591018634,0.022778221581394677,3.22578082609592,2.468199830753368,1.0
u212,2024-08-05T00:00:00.000000,0,1,3.1743783662004206,2.3015480257769334,0.5143187206242978,0.03680549485040302,3.22578082609592,2.468199830753368,1.0
u212,2024-08-12T00:00:00.000000,0,1,3.0370162518026738,2.2703288197309432,1.7832009931262465,0.028846040904982648,3.22578082609592,2.468199830753368,1.0
u215,2024-05-13T00:00:00.000000,0,0,4.165481079978336,2.5050471067580693,1.209260856427086,0.026002279255207473,4.001286412241946,2.352390597462947,1.0
u215,2024-05-20T00:00:00.000000,0,0,3.9460630480177508,2.274085228732605,1.5000794213658828,0.016738371081980275,4.001286412241946,2.352390597462947,1.0
u215,2024-05-27T00:00:00.000000,0,0,3.5828556941489453,2.5115338425401177,0.9346841298796417,0.004866282143982098,4.001286412241946,2.352390597462947,1.0
u215,2024-06-03T00:00:00.000000,0,0,4.273766719238935,2.3841350475754446,1.5953066904173638,0.026282655851935923,4.001286412241946,2.352390597462947,1.0
u215,2024-06-10T00:00:00.000000,0,0,3.58596457275924,2.115233154739413,1.0811762334759603,0.016188863589801133,4.001286412241946,2.352390597462947,1.0
u215,2024-06-17T00:00:00.000000,0,0,4.0934022843556415,2.259899009856063,1.8003276356395768,0.006768522989392151,4.001286412241946,2.352390597462947,1.0
u215,2024-06-24T00:00:00.000000,0,0,4.117326278569304,2.4522871029207467,0.9115602558010256,0.006674920956158559,4.001286412241946,2.352390597462947,1.0
u215,2024-07-01T00:00:00.000000,0,1,4.072088850767998,1.8666125356442738,1.3639979778728144,0.013385516243451174,4.001286412241946,2.352390597462947,1.0
u215,2024-07-08T00:00:00.000000,0,1,4.170501071815017,2.0950218783734944,1.4874249910038664,0.04741379946341622,4.001286412241946,2.352390597462947,1.0
u215,2024-07-15T00:00:00.000000,0,1,4.224666825105809,2.071367289049248,0.7180202219217245,0.027892358352595084,4.001286412241946,2.352390597462947,1.0
u215,2024-07-22T00:00:00.000000,0,1,3.8124740525587715,2.1667124661051353,0.9450514811219924,0.0033913740332025045,4.001286412241946,2.352390597462947,1.0
u215,2024-07-29T00:00:00.000000,0,1,4.2179077700042455,2.5221325322510055,1.7941246120152226,0.013699594428656897,4.001286412241946,2.352390597462947,1.0
u215,2024-08-05T00:00:00.000000,0,1,3.806862028681865,2.3859364310061424,1.2532362854263783,0.015390408993608946,4.001286412241946,2.352390597462947,1.0
u215,2024-08-12T00:00:00.000000,0,1,4.181256542436816,2.589298446565823,1.345720861774511,0.011658396662962273,4.001286412241946,2.352390597462947,1.0
u216,2024-05-13T00:00:00.000000,0,0,3.2920532211965807,2.7880057134094316,0.37136296735319896,0.0059661004705585385,3.0776648543197145,2.942372423938778,1.0
u216,2024-05-20T00:00:00.000000,0,0,2.8079017801159667,2.641926940622931,0.6632443329855309,0.007292138542192162,3.0776648543197145,2.942372423938778,1.0
u216,2024-05-27T00:00:00.000000,0,0,3.1046529777841774,3.190317016809813,1.192823663693242,0.0466893279836376,3.0776648543197145,2.942372423938778,1.0
u216,2024-06-03T00:00:00.000000,0,0,3.2600694850035716,2.96472336342707,1.6329426358993109,0.03458590562488141,3.0776648543197145,2.942372423938778,1.0
u216,2024-06-10T00:00:00.000000,0,0,3.070854995338547,2.983282909556029,1.1258404386346819,0.026803105395113255,3.0776648543197145,2.942372423938778,1.0
u216,2024-06-17T00:00:00.000000,0,0,3.4328465914872646,2.8015912670536713,1.3731095616564017,0.01910673460713318,3.0776648543197145,2.942372423938778,1.0
u216,2024-06-24T00:00:00.000000,0,0,2.7384949172928104,2.5978157996479103,0.39589073607015324,0.01725811095578508,3.0776648543197145,2.942372423938778,1.0
u216,2024-07-01T00:00:00.000000,0,1,3.0660836255566464,2.9780878428284208,0.5389339171849257,0.03282449191754345,3.0776648543197145,2.942372423938778,1.0
u216,2024-07-08T00:00:00.000000,0,1,3.105674612712652,2.8093894583309074,0.5909529018299435,0.026086339215161142,3.0776648543197145,2.942372423938778,1.0
u216,2024-07-15T00:00:00.000000,0,1,2.7598184758123336,3.00874316929476,0.542382020138276,0.014753910454689441,3.0776648543197145,2.942372423938778,1.0
u216,2024-07-22T00:00:00.000000,0,1,2.8173865935885822,2.9068564099784324,1.948945692794023,0.00482049671829577,3.0776648543197145,2.942372423938778,1.0
u216,2024-07-29T00:00:00.000000,0,1,3.2512323319549687,2.8067695322346817,1.333144470879114,0.04674924117652052,3.0776648543197145,2.942372423938778,1.0
u216,2024-08-05T00:00:00.000000,0,1,2.907559767795246,3.2469914071857877,1.7345707665944077,0.03903196726505535,3.0776648543197145,2.942372423938778,1.0
u216,2024-08-12T00:00:00.000000,0,1,3.5970621775961007,3.0794768092333427,1.8952841545632357,0.01718444156475021,3.0776648543197145,2.942372423938778,1.0
u217,2024-05-13T00:00:00.000000,0,0,3.785702168561435,2.4173409424805037,1.2038214312614586,0.04219123850177571,3.7179193603347196,2.6716802533404422,1.0
u217,2024-05-20T00:00:00.000000,0,0,3.6636953179002516,3.068619344798657,0.7519290061356834,0.02031133069862509,3.7179193603347196,2.6716802533404422,1.0
u217,2024-05-27T00:00:00.000000,0,0,3.377977271791566,2.7987891675888887,0.3485092205073942,0.028713724058817166,3.7179193603347196,2.6716802533404422,1.0
u217,2024-06-03T00:00:00.000000,0,0,3.60908068520122,2.513378193148902,1.6160694957176769,0.011690963713053892,3.7179193603347196,2.6716802533404422,1.0
u217,2024-06-10T00:00:00.000000,0,0,3.8831786820423906,2.6530825503189694,0.8702935830613293,0.04086714293160276,3.7179193603347196,2.6716802533404422,1.0
u217,2024-06-17T00:00:00.000000,0,0,3.93802627975563,2.8075510890137063,1.4669448481790703,0.02289324381719033,3.7179193603347196,2.6716802533404422,1.0
u217,2024-06-24T00:00:00.000000,0,0,3.724251442000245,2.826632400419469,0.7193176916108263,0.030143511880758606,3.7179193603347196,2.6716802533404422,1.0
u217,2024-07-01T00:00:00.000000,0,1,3.670725097130205,2.480703331078945,0.6122583251365936,0.03477067078041459,3.7179193603347196,2.6716802533404422,1.0
u217,2024-07-08T00:00:00.000000,0,1,3.5654788267648914,2.759628532461078,0.19930188312704195,0.016525388763766025,3.7179193603347196,2.6716802533404422,1.0
u217,2024-07-15T00:00:00.000000,0,1,3.811801761281708,2.431258101573142,1.5573301501082222,0.005011001887297229,3.7179193603347196,2.6716802533404422,1.0
u217,2024-07-22T00:00:00.000000,0,1,3.3402095981387525,2.4574902056154553,1.0587500189584382,0.029974163114012083,3.7179193603347196,2.6716802533404422,1.0
u217,2024-07-29T00:00:00.000000,0,1,3.51614593512287,2.770735053257541,1.5813650996494673,0.03891119327934387,3.7179193603347196,2.6716802533404422,1.0
u217,2024-08-05T00:00:00.000000,0,1,3.766259365870182,2.5821133209214513,0.38138187891602515,0.024770980679813356,3.7179193603347196,2.6716802533404422,1.0
u217,2024-08-12T00:00:00.000000,0,1,3.710588489874823,2.8514989546649523,1.3002948200819506,0.043718075260156475,3.7179193603347196,2.6716802533404422,1.0
u218,2024-05-13T00:00:00.000000,0,0,0.7027649517380433,1.6383627074867604,1.3447732098254175,0.0051516351235369184,0.7206273436371093,1.763947818088124,1.0
u218,2024-05-20T00:00:00.000000,0,0,0.6405036766076115,1.7931475698009547,0.5096773858501421,0.046415273743864414,0.7206273436371093,1.763947818088124,1.0
u218,2024-05-27T00:00:00.000000,0,0,0.46117114959571626,1.4760741629843628,0.6566099548431673,0.03584749539801582,0.7206273436371093,1.763947818088124,1.0
u218,2024-06-03T00:00:00.000000,0,0,0.6544424426287929,1.8723446530892431,0.6045736450579313,0.01033833648397342,0.7206273436371093,1.763947818088124,1.0
u218,2024-06-10T00:00:00.000000,0,0,0.241449936825411,2.084784242117344,1.7066431140208427,0.014671229568413846,0.7206273436371093,1.763947818088124,1.0
u218,2024-06-17T00:00:00.000000,0,0,0.6389721452364228,1.740782238014744,0.22350617312828058,0.03213032504584183,0.7206273436371093,1.763947818088124,1.0
u218,2024-06-24T00:00:00.000000,0,0,0.8578847066213778,1.9756201204527377,1.7559484455117829,0.00800296995968614,0.7206273436371093,1.763947818088124,1.0
u218,2024-07-01T00:00:00.000000,0,1,1.2347296153876006,1.7825423266526197,0.8100585223170407,0.02577682857796106,0.7206273436371093,1.763947818088124,1.0
u218,2024-07-08T00:00:00.000000,0,1,0.5558659542094996,1.8001946489640928,0.6151205899810724,0.006377116481709466,0.7206273436371093,1.763947818088124,1.0
u218,2024-07-15T00:00:00.000000,0,1,0.8444842990363762,1.937020409953503,1.052226162566936,0.04982671189628431,0.7206273436371093,1.763947818088124,1.0
u218,2024-07-22T00:00:00.000000,0,1,1.2241083890851205,1.7044295320440583,1.8666055712561418,0.011124887768330427,0.7206273436371093,1.763947818088124,1.0
u218,2024-07-29T00:00:00.000000,0,1,0.6196935729370159,1.6513982518247277,0.9118733018796412,0.039849303865773254,0.7206273436371093,1.763947818088124,1.0
u218,2024-08-05T00:00:00.000000,0,1,0.879550190855056,2.1700205062887443,1.4502903715059654,0.04859583804119835,0.7206273436371093,1.763947818088124,1.0
u218,2024-08-12T00:00:00.000000,0,1,0.6074043342030877,1.7848808911982397,0.1722931621974721,0.003867200112788949,0.7206273436371093,1.763947818088124,1.0
u219,2024-05-13T00:00:00.000000,0,0,4.36157034935454,1.8024106495810155,0.5580860468053337,0.008021549091101,4.034482522824508,1.788928595677964,1.0
u219,2024-05-20T00:00:00.000000,0,0,3.602083182472746,1.8039690776449093,0.6039762248684745,0.0340647182395676,4.034482522824508,1.788928595677964,1.0
u219,2024-05-27T00:00:00.000000,0,0,4.106995889539469,1.8723088434947317,1.8128691099392011,0.005898249745318768,4.034482522824508,1.788928595677964,1.0
u219,2024-06-03T00:00:00.000000,0,0,3.9585032251706993,1.8708971913312176,0.7887681421978426,0.019832927610106545,4.034482522824508,1.788928595677964,1.0
u219,2024-06-10T00:00:00.000000,0,0,4.199734582958941,1.9645589780627286,1.3356211888899678,0.015676416441881724,4.034482522824508,1.788928595677964,1.0
u219,2024-06-17T00:00:00.000000,0,0,4.395134672253777,2.065005542490202,0.7054618556467785,0.04333020521400354,4.034482522824508,1.788928595677964,1.0
u219,2024-06-24T00:00:00.000000,0,0,3.8498975889952054,2.213744112913752,0.7124683201273776,0.011829131217982809,4.034482522824508,1.788928595677964,1.0
u219,2024-07-01T00:00:00.000000,0,1,3.9384711964619945,1.9578235362707166,1.44470547476023,0.04135821007053172,4.034482522824508,1.788928595677964,1.0
u219,2024-07-08T00:00:00.000000,0,1,3.985484638279882,1.3606780580317264,1.287172370352243,0.029509612788161256,4.034482522824508,1.788928595677964,1.0
u219,2024-07-15T00:00:00.000000,0,1,3.980982629769761,1.6257269569859467,1.6016787835088515,0.01750054911720637,4.034482522824508,1.788928595677964,1.0
u219,2024-07-22T00:00:00.000000,0,1,4.549823574863668,1.5010390883378375,1.5931568316954101,0.04771447189344602,4.034482522824508,1.788928595677964,1.0
u219,2024-07-29T00:00:00.000000,0,1,3.933113396813131,1.8245901163096738,1.5536877412608145,0.03509499539654439,4.034482522824508,1.788928595677964,1.0
u219,2024-08-05T00:00:00.000000,0,1,3.725083716598663,1.823387939366162,1.0643459388269403,0.014288468824285812,4.034482522824508,1.788928595677964,1.0
u219,2024-08-12T00:00:00.000000,0,1,3.7961696808683545,1.7709727457437228,1.8750415212220524,0.025190335500537,4.034482522824508,1.788928595677964,1.0
u220,2024-05-13T00:00:00.000000,0,0,4.330189682710664,0.9231861142165478,1.8559155698938843,0.008964921342121053,4.272256742274216,0.994045200037349,1.0
u220,2024-05-20T00:00:00.000000,0,0,4.850476068472343,0.6559227194221477,0.2861327794935995,0.03173412345219982,4.272256742274216,0.994045200037349,1.0
u220,2024-05-27T00:00:00.000000,0,0,4.43798411679829,1.2609501806557406,1.2345826115132714,0.027568398107702938,4.272256742274216,0.994045200037349,1.0
u220,2024-06-03T00:00:00.000000,0,0,4.452283608852997,1.3675399945642723,1.510482747105049,0.04960942681824493,4.272256742274216,0.994045200037349,1.0
u220,2024-06-10T00:00:00.000000,0,0,4.387967488064785,0.9073996456532976,0.7137941304521079,0.03816344731529262,4.272256742274216,0.994045200037349,1.0
u220,2024-06-17T00:00:00.000000,0,0,3.6856732429530674,0.9109963062255915,0.9471863583226647,0.030390233351150625,4.272256742274216,0.994045200037349,1.0
u220,2024-06-24T00:00:00.000000,0,0,4.496610300745524,0.9502919424794716,1.0028290816087406,0.013348729180265152,4.272256742274216,0.994045200037349,1.0
u220,2024-07-01T00:00:00.000000,0,1,4.37878898426897,1.0086894421307477,1.7027833908641217,0.019443201343079194,4.272256742274216,0.994045200037349,1.0
u220,2024-07-08T00:00:00.000000,0,1,4.257053955004339,0.7661523554075864,1.1157047881877868,0.04581437579148762,4.272256742274216,0.994045200037349,1.0
u220,2024-07-15T00:00:00.000000,0,1,4.4438982202431685,0.9480523335566702,0.8724636861392571,0.04838772391460733,4.272256742274216,0.994045200037349,1.0
u220,2024-07-22T00:00:00.000000,0,1,3.9875603908162183,0.9437942073786129,1.2661312454905018,0.039593210167201735,4.272256742274216,0.994045200037349,1.0
u220,2024-07-29T00:00:00.000000,0,1,4.189646999374484,1.3028728002786782,1.4904796327806802,0.029179330529649185,4.272256742274216,0.994045200037349,1.0
u220,2024-08-05T00:00:00.000000,0,1,4.942676713460014,0.8917885753131998,0.8020493920956406,0.003096950097376994,4.272256742274216,0.994045200037349,1.0
u220,2024-08-12T00:00:00.000000,0,1,4.197531464023111,0.8325012047674923,1.7041588819668048,0.0017036960670008929,4.272256742274216,0.994045200037349,1.0
u221,2024-05-13T00:00:00.000000,0,0,0.6396087883691847,2.280739516399025,0.24848358392185046,0.03747535690500043,0.8129096037927236,2.075627845255485,1.0
u221,2024-05-20T00:00:00.000000,0,0,0.42848438535565103,2.026166144133974,1.4161797871887156,0.045569034434560146,0.8129096037927236,2.075627845255485,1.0
u221,2024-05-27T00:00:00.000000,0,0,0.9377550709749826,2.0811735811331036,0.5145178643295636,0.023706887997069194,0.8129096037927236,2.075627845255485,1.0
u221,2024-06-03T00:00:00.000000,0,0,1.0336985649095567,2.0358480593069657,0.46167659047017773,0.04013249682224911,0.8129096037927236,2.075627845255485,1.0
u221,2024-06-10T00:00:00.000000,0,0,0.8202275247515751,2.055126503072948,0.7738697185983325,0.04198566723395767,0.8129096037927236,2.075627845255485,1.0
u221,2024-06-17T00:00:00.000000,0,0,0.6387861952337809,2.101614071054485,1.4376612077361925,0.039332731230171114,0.8129096037927236,2.075627845255485,1.0
u221,2024-06-24T00:00:00.000000,0,0,0.24717039744765235,2.001497861158739,1.197096043707412,0.02925816892528591,0.8129096037927236,2.075627845255485,1.0
u221,2024-07-01T00:00:00.000000,0,1,0.7868330226845806,2.1243583902583176,0.9606968514767361,0.03026591121397562,0.8129096037927236,2.075627845255485,1.0
u221,2024-07-08T00:00:00.000000,0,1,1.433238355746895,2.10859257139668,0.5407103198318972,0.008844363325649135,0.8129096037927236,2.075627845255485,1.0
u221,2024-07-15T00:00:00.000000,0,1,0.4375858317720377,1.9337030944366616,0.8383520461411219,0.010204518707443433,0.8129096037927236,2.075627845255485,1.0
u221,2024-07-22T00:00:00.000000,0,1,0.7285618655709357,1.9036966826946808,1.254617291824025,0.0056264789146264205,0.8129096037927236,2.075627845255485,1.0
u221,2024-07-29T00:00:00.000000,0,1,1.1121001282854344,1.978532207984763,0.7979575535927578,0.02364433010959558,0.8129096037927236,2.075627845255485,1.0
u221,2024-08-05T00:00:00.000000,0,1,1.3292827550425863,2.2133894221653794,0.1118940646451625,0.017554423263069743,0.8129096037927236,2.075627845255485,1.0
u221,2024-08-12T00:00:00.000000,0,1,1.4004074856361783,2.0684399248632253,0.10856158536400629,0.034819028303255346,0.8129096037927236,2.075627845255485,1.0
u222,2024-05-13T00:00:00.000000,0,0,4.2436610703670095,1.5957957966048595,1.9536118246653753,0.02341172678287444,4.690776983222228,1.9403275703860399,1.0
u222,2024-05-20T00:00:00.000000,0,0,5.2757656728340745,1.7942519921461588,1.9267895885185307,0.03893498020693464,4.690776983222228,1.9403275703860399,1.0
u222,2024-05-27T00:00:00.000000,0,0,4.220920951946084,2.197083349999134,1.9580444169906948,0.003655966840988473,4.690776983222228,1.9403275703860399,1.0
u222,2024-06-03T00:00:00.000000,0,0,4.591281303242993,1.759168383073844,0.3757148526075421,0.019164824346451483,4.690776983222228,1.9403275703860399,1.0
u222,2024-06-10T00:00:00.000000,0,0,4.585362065487599,1.5765492913078694,0.1488717071060107,0.02831256317674056,4.690776983222228,1.9403275703860399,1.0
u222,2024-06-17T00:00:00.000000,0,0,4.6281071204434525,1.8748394448736987,0.6785655923452569,0.04707304275271313,4.690776983222228,1.9403275703860399,1.0
u222,2024-06-24T00:00:00.000000,0,0,5.113461415196816,1.7123721190256183,0.7650113130914514,0.00011447686731610452,4.690776983222228,1.9403275703860399,1.0
u222,2024-07-01T00:00:00.000000,0,1,4.764220182158648,1.7938563141831163,0.21153645468063842,0.03126846142311595,4.690776983222228,1.9403275703860399,1.0
u222,2024-07-08T00:00:00.000000,0,1,4.534576893839469,2.00661399119335,1.1497966504199042,0.012159944033997184,4.690776983222228,1.9403275703860399,1.0
u222,2024-07-15T00:00:00.000000,0,1,4.774233992030939,1.5578790392822723,1.0342208253302818,0.03908495504553556,4.690776983222228,1.9403275703860399,1.0
u222,2024-07-22T00:00:00.000000,0,1,5.294354592103284,2.2345124608871014,0.932111467412267,0.021377530337858882,4.690776983222228,1.9403275703860399,1.0
u222,2024-07-29T00:00:00.000000,0,1,4.5125904388978615,1.9408657356689787,1.02361375105504,0.03643805610708344,4.690776983222228,1.9403275703860399,1.0
u222,2024-08-05T00:00:00.000000,0,1,4.959338731888099,1.9553254967686053,1.738627359026963,0.04140234709823423,4.690776983222228,1.9403275703860399,1.0
u222,2024-08-12T00:00:00.000000,0,1,4.208616793712438,1.6573877113441748,1.0355655219236624,0.03804860485655501,4.690776983222228,1.9403275703860399,1.0
u225,2024-05-13T00:00:00.000000,0,0,2.9040418397662515,1.4366194636045917,1.879183336296948,0.029021224712595807,2.721036566970297,1.2916039069748166,1.0
u225,2024-05-20T00:00:00.000000,0,0,2.411355781574149,1.2421903010090989,1.1535433063853433,0.033383770821141356,2.721036566970297,1.2916039069748166,1.0
u225,2024-05-27T00:00:00.000000,0,0,2.9034160590237885,0.8180196632025769,1.2066363056588407,0.017731322034422126,2.721036566970297,1.2916039069748166,1.0
u225,2024-06-03T00:00:00.000000,0,0,2.6697451802604166,1.1257751797415834,0.4413918740537359,0.0367366958769518,2.721036566970297,1.2916039069748166,1.0
u225,2024-06-10T00:00:00.000000,0,0,2.417495975846721,1.503052181477333,1.3780214433571447,0.03264358869585685,2.721036566970297,1.2916039069748166,1.0
u225,2024-06-17T00:00:00.000000,0,0,2.021492910859375,0.9654363483523042,0.30974334410097815,0.03345897873371722,2.721036566970297,1.2916039069748166,1.0
u225,2024-06-24T00:00:00.000000,0,0,2.331804857538468,1.1654894286601727,0.3493512363378752,0.015640006194975704,2.721036566970297,1.2916039069748166,1.0
u225,2024-07-01T00:00:00.000000,0,1,2.119793401916217,1.2597618294869295,0.6672194683670888,0.04603670759410715,2.721036566970297,1.2916039069748166,1.0
u225,2024-07-08T00:00:00.000000,0,1,2.983607782632941,0.9808924546188519,1.7728601243962494,0.006945897226150683,2.721036566970297,1.2916039069748166,1.0
u225,2024-07-15T00:00:00.000000,0,1,2.6948703613211396,1.2492475802479892,0.872577295557824,0.01236676033586941,2.721036566970297,1.2916039069748166,1.0
u225,2024-07-22T00:00:00.000000,0,1,3.069585273141499,1.3576019400698345,0.9833132414979127,0.03483645123724676,2.721036566970297,1.2916039069748166,1.0
u225,2024-07-29T00:00:00.000000,0,1,2.586845124869856,1.2078094436912705,0.7862750740532528,0.008263291612112129,2.721036566970297,1.2916039069748166,1.0
u225,2024-08-05T00:00:00.000000,0,1,2.4810894955154374,1.0722369697566965,0.476912693462355,0.025528937695760145,2.721036566970297,1.2916039069748166,1.0
u225,2024-08-12T00:00:00.000000,0,1,2.676790649972635,1.4300967310301498,0.9113610848007323,0.03908497596843513,2.721036566970297,1.2916039069748166,1.0
u226,2024-05-13T00:00:00.000000,0,0,1.9209049223409476,1.792610443104004,1.2778113870464687,0.047398589002739216,1.8545752083104832,1.9437527349402774,1.0
u226,2024-05-20T00:00:00.000000,0,0,1.9789397154029922,1.622361005229366,0.6890874839511132,0.028214694633309906,1.8545752083104832,1.9437527349402774,1.0
u226,2024-05-27T00:00:00.000000,0,0,1.5013952401861999,1.9363799543448723,1.9948853908467508,0.012003003401863827,1.8545752083104832,1.9437527349402774,1.0
u226,2024-06-03T00:00:00.000000,0,0,2.2112852909625396,2.0175633701415894,1.8174738570022881,0.04836013735268165,1.8545752083104832,1.9437527349402774,1.0
u226,2024-06-10T00:00:00.000000,0,0,1.5292990330343552,1.9837838859579826,1.344392239962683,0.009713567866329965,1.8545752083104832,1.9437527349402774,1.0
u226,2024-06-17T00:00:00.000000,0,0,1.799146092307378,1.9554968333891842,0.9264446372678231,0.011402629343087702,1.8545752083104832,1.9437527349402774,1.0
u226,2024-06-24T00:00:00.000000,0,0,1.907672629830879,1.86919559269764,1.3460083132900715,0.04468822152665643,1.8545752083104832,1.9437527349402774,1.0
u226,2024-07-01T00:00:00.000000,0,1,2.30902219277878,1.9727466090018428,1.2783324227591597,0.010288207729556454,1.8545752083104832,1.9437527349402774,1.0
u226,2024-07-08T00:00:00.000000,0,1,2.1798812207108385,1.82180875027095,0.3877120267698838,0.01587846639527175,1.8545752083104832,1.9437527349402774,1.0
u226,2024-07-15T00:00:00.000000,0,1,2.018458379279676,2.1022352993826505,0.1252560869567084,0.03890111358598751,1.8545752083104832,1.9437527349402774,1.0
u226,2024-07-22T00:00:00.000000,0,1,1.6855757652160712,2.1208282455201024,0.7119647790117379,0.016622299944937125,1.8545752083104832,1.9437527349402774,1.0
u226,2024-07-29T00:00:00.000000,0,1,1.894826143354847,2.086417401421271,0.473383854945407,0.001115961557622408,1.8545752083104832,1.9437527349402774,1.0
u226,2024-08-05T00:00:00.000000,0,1,1.9447283513580198,1.6778496023099805,1.3531396026064721,0.029506959045940563,1.8545752083104832,1.9437527349402774,1.0
u226,2024-08-12T00:00:00.000000,0,1,1.726199718937654,1.951704926795537,0.2262783797622099,0.025498495248610788,1.8545752083104832,1.9437527349402774,1.0
u229,2024-05-13T00:00:00.000000,0,0,3.2302673492996705,0.9473025616207595,1.1811655831869898,0.006727935844961908,3.342744749740402,1.2361074755967063,1.0
u229,2024-05-20T00:00:00.000000,0,0,3.491824204444361,0.9832172059401207,1.01567101815582,0.002733339791654066,3.342744749740402,1.2361074755967063,1.0
u229,2024-05-27T00:00:00.000000,0,0,3.256345682440664,1.0490168464037772,0.2458537825556891,0.010434454072424788,3.342744749740402,1.2361074755967063,1.0
u229,2024-06-03T00:00:00.000000,0,0,4.0211541971780225,1.11346648761684,0.5665427572829705,0.03254276739521921,3.342744749740402,1.2361074755967063,1.0
u229,2024-06-10T00:00:00.000000,0,0,3.8169687623864945,1.0891337742314031,0.3405198851792086,0.022305900292163134,3.342744749740402,1.2361074755967063,1.0
u229,2024-06-17T00:00:00.000000,0,0,3.541367890749149,1.456259842328283,1.32943298634234,0.03779964532609795,3.342744749740402,1.2361074755967063,1.0
u229,2024-06-24T00:00:00.000000,0,0,3.7172613225398234,1.095056375252916,0.40989906015848554,0.013204200214410195,3.342744749740402,1.2361074755967063,1.0
u229,2024-07-01T00:00:00.000000,0,1,3.4045069817151834,1.253017518879596,1.7578778052129744,0.01735299484721783,3.342744749740402,1.2361074755967063,1.0
u229,2024-07-08T00:00:00.000000,0,1,3.3862244253634137,1.2155626758542806,1.9846932516542661,0.009409060933437975,3.342744749740402,1.2361074755967063,1.0
u229,2024-07-15T00:00:00.000000,0,1,3.4297388992884508,1.083478239052806,0.8625428526519034,0.030977571933226245,3.342744749740402,1.2361074755967063,1.0
u229,2024-07-22T00:00:00.000000,0,1,3.0397791189187435,1.258879399226811,0.9096257201374844,0.0047645068315035795,3.342744749740402,1.2361074755967063,1.0
u229,2024-07-29T00:00:00.000000,0,1,3.042083620367194,1.0791281477954089,0.6840598734039172,0.028323841218999127,3.342744749740402,1.2361074755967063,1.0
u229,2024-08-05T00:00:00.000000,0,1,3.741060867694681,1.2342822769021806,1.3608752737131036,0.006705379825395619,3.342744749740402,1.2361074755967063,1.0
u229,2024-08-12T00:00:00.000000,0,1,3.5431315213288763,1.1671835343851904,1.6551754467050552,0.018425228719521347,3.342744749740402,1.2361074755967063,1.0
u234,2024-05-13T00:00:00.000000,0,0,4.812119411571107,2.7821484086366897,1.1956458561650916,0.031036976106559106,4.439099095058653,2.607199799966405,1.0
u234,2024-05-20T00:00:00.000000,0,0,4.310896688650211,2.546716235997281,0.2767384883462952,0.014370925241760025,4.439099095058653,2.607199799966405,1.0
u234,2024-05-27T00:00:00.000000,0,0,3.7733325486554046,2.698163995093807,0.9092576419348802,0.009632199092046895,4.439099095058653,2.607199799966405,1.0
u234,2024-06-03T00:00:00.000000,0,0,4.561556235884705,2.2590912471618454,1.0871818185088453,0.013717654009147557,4.439099095058653,2.607199799966405,1.0
u234,2024-06-10T00:00:00.000000,0,0,4.548137840998089,2.722305570349067,1.2814088868936149,0.03310512575576673,4.439099095058653,2.607199799966405,1.0
u234,2024-06-17T00:00:00.000000,0,0,4.445968633200993,2.83679331080405,0.7679234786485839,0.04755882427448342,4.439099095058653,2.607199799966405,1.0
u234,2024-06-24T00:00:00.000000,0,0,4.50096093310108,2.693705909920189,1.0934020556164232,0.04381109079972461,4.439099095058653,2.607199799966405,1.0
u234,2024-07-01T00:00:00.000000,0,1,5.088650344510567,2.4573891251031186,1.7013091486861998,0.008047880701495291,4.439099095058653,2.607199799966405,1.0
u234,2024-07-08T00:00:00.000000,0,1,3.994973344017036,2.569536251249104,1.9730039619579325,0.03606920584003099,4.439099095058653,2.607199799966405,1.0
u234,2024-07-15T00:00:00.000000,0,1,4.466489161856225,2.4027944272368114,1.4360413467444921,0.028048045779132166,4.439099095058653,2.607199799966405,1.0
u234,2024-07-22T00:00:00.000000,0,1,4.9149157546875735,2.6545927327800283,1.2939591694309942,0.021997013640688196,4.439099095058653,2.607199799966405,1.0
u234,2024-07-29T00:00:00.000000,0,1,4.265856588782382,2.6332117109103725,1.311287963607873,0.012442151832950882,4.439099095058653,2.607199799966405,1.0
u234,2024-08-05T00:00:00.000000,0,1,4.4773357465103745,2.519006421617745,0.8442441109473305,0.008634280793287569,4.439099095058653,2.607199799966405,1.0
u234,2024-08-12T00:00:00.000000,0,1,4.8208590352546405,2.4374457818568094,1.5659119735858238,0.005729718021500913,4.439099095058653,2.607199799966405,1.0
u237,2024-05-13T00:00:00.000000,0,0,3.382694521010291,1.7269975911257103,1.4402969052230958,0.029394275745301363,3.5032283823234236,1.6390032786954745,1.0
u237,2024-05-20T00:00:00.000000,0,0,3.2745486797442593,1.859162313955717,1.20642964125044,0.023867824742159024,3.5032283823234236,1.6390032786954745,1.0
u237,2024-05-27T00:00:00.000000,0,0,3.4756646005155845,1.6015951240390383,1.7186852489868383,0.01635223805774,3.5032283823234236,1.6390032786954745,1.0
u237,2024-06-03T00:00:00.000000,0,0,3.9729445514819894,1.6787127897855723,1.56124034102263,0.017130407125797564,3.5032283823234236,1.6390032786954745,1.0
u237,2024-06-10T00:00:00.000000,0,0,3.0198502209248232,1.5601529576587958,0.21051365095843783,0.03956908698224254,3.5032283823234236,1.6390032786954745,1.0
u237,2024-06-17T00:00:00.000000,0,0,3.1102220938497376,1.5387424130254168,1.90081052635295,0.02229499134525846,3.5032283823234236,1.6390032786954745,1.0
u237,2024-06-24T00:00:00.000000,0,0,3.3207567576175303,1.729485702305072,1.8112417028365535,0.041668781655853436,3.5032283823234236,1.6390032786954745,1.0
u237,2024-07-01T00:00:00.000000,0,1,3.7582928979583676,1.6323152561215657,0.531791809399754,0.019478156536649378,3.5032283823234236,1.6390032786954745,1.0
u237,2024-07-08T00:00:00.000000,0,1,3.497241688963778,1.69620512532603,1.8667004387401374,0.010263945681446575,3.5032283823234236,1.6390032786954745,1.0
u237,2024-07-15T00:00:00.000000,0,1,3.5073142078179216,1.4549038091330493,1.6971782819055476,0.04791478487388895,3.5032283823234236,1.6390032786954745,1.0
u237,2024-07-22T00:00:00.000000,0,1,3.702541750207373,1.8486945898083553,0.5307634464777683,0.04003928583392693,3.5032283823234236,1.6390032786954745,1.0
u237,2024-07-29T00:00:00.000000,0,1,3.29880169055905,1.6758820262131988,0.14586744869431073,0.02156026258899123,3.5032283823234236,1.6390032786954745,1.0
u237,2024-08-05T00:00:00.000000,0,1,3.394007504572387,1.4801962413604606,0.5960848282325968,0.04718463962732636,3.5032283823234236,1.6390032786954745,1.0
u237,2024-08-12T00:00:00.000000,0,1,3.0492865768584974,1.7082991654225206,1.2392675076417312,0.013371400199295797,3.5032283823234236,1.6390032786954745,1.0
u238,2024-05-13T00:00:00.000000,0,0,3.837396303688008,2.1599287613946943,0.21165919841866826,0.04991931644194732,4.132662866748661,2.16446706738244,1.0
u238,2024-05-20T00:00:00.000000,0,0,4.087067587310223,1.9117880547290436,0.10131133262307858,0.027890452894179026,4.132662866748661,2.16446706738244,1.0
u238,2024-05-27T00:00:00.000000,0,0,4.688939488752548,2.1831729241710818,0.564587631726944,0.013742260781667204,4.132662866748661,2.16446706738244,1.0
u238,2024-06-03T00:00:00.000000,0,0,4.017728782586143,1.7795117965962612,0.986235899051932,0.02886738602852278,4.132662866748661,2.16446706738244,1.0
u238,2024-06-10T00:00:00.000000,0,0,4.547494140173992,2.2718285932348903,0.5597796188985943,0.001959479521405655,4.132662866748661,2.16446706738244,1.0
u238,2024-06-17T00:00:00.000000,0,0,4.7725361851342605,2.4715975835551944,1.959890087493216,0.04798557786180939,4.132662866748661,2.16446706738244,1.0
u238,2024-06-24T00:00:00.000000,0,0,4.1627252779434825,2.1313643215884728,0.9512159967106384,0.03936678198625215,4.132662866748661,2.16446706738244,1.0
u238,2024-07-01T00:00:00.000000,0,1,3.6249903862901345,2.2562021184672227,0.8899541953084206,0.018887962353338252,4.132662866748661,2.16446706738244,1.0
u238,2024-07-08T00:00:00.000000,0,1,4.2073457710268585,2.4042128684377606,1.6590956574051858,0.03507501606092884,4.132662866748661,2.16446706738244,1.0
u238,2024-07-15T00:00:00.000000,0,1,4.11507927644176,2.0747627888109976,0.8037016182617577,0.026081467644292006,4.132662866748661,2.16446706738244,1.0
u238,2024-07-22T00:00:00.000000,0,1,4.68608919501639,1.8220583886324908,1.5310469006720804,0.019551939774509804,4.132662866748661,2.16446706738244,1.0
u238,2024-07-29T00:00:00.000000,0,1,4.218983508277957,1.9719220759036542,1.0071139987977444,0.029155345840163827,4.132662866748661,2.16446706738244,1.0
u238,2024-08-05T00:00:00.000000,0,1,4.531942994248105,1.967929872510069,0.6790604094256026,0.042264295732247985,4.132662866748661,2.16446706738244,1.0
u238,2024-08-12T00:00:00.000000,0,1,3.9123861697157243,2.2329469869726255,1.6733897101071187,0.036157480263484525,4.132662866748661,2.16446706738244,1.0
u243,2024-05-13T00:00:00.000000,0,0,3.7570982906201222,1.8453254259055534,0.2902535020793387,0.016968601307112825,3.640734453552151,1.6904123892060579,1.0
u243,2024-05-20T00:00:00.000000,0,0,3.250940959753628,1.6687923715020798,0.8895679433443318,0.02992349343128985,3.640734453552151,1.6904123892060579,1.0
u243,2024-05-27T00:00:00.000000,0,0,3.6855419218617542,1.6712886058627394,0.7932019986039237,0.004736362453323229,3.640734453552151,1.6904123892060579,1.0
u243,2024-06-03T00:00:00.000000,0,0,3.777669555676421,1.5510862849328109,1.3482084871104039,0.03130378086743743,3.640734453552151,1.6904123892060579,1.0
u243,2024-06-10T00:00:00.000000,0,0,3.5686968774177017,1.5180921649700956,0.9959160910738196,0.013350102652290958,3.640734453552151,1.6904123892060579,1.0
u243,2024-06-17T00:00:00.000000,0,0,3.8819633712017856,1.7926175052876312,0.8058480665781338,0.0017480633649417212,3.640734453552151,1.6904123892060579,1.0
u243,2024-06-24T00:00:00.000000,0,0,3.7680229309208593,1.629166316111543,1.0171206987440855,0.04774373634625968,3.640734453552151,1.6904123892060579,1.0
u243,2024-07-01T00:00:00.000000,0,1,3.430782854723573,1.1782310256196966,1.4679698803322991,0.031059156323230176,3.640734453552151,1.6904123892060579,1.0
u243,2024-07-08T00:00:00.000000,0,1,3.751314517439849,1.6151076181370385,1.4101442236151982,0.043163177181876455,3.640734453552151,1.6904123892060579,1.0
u243,2024-07-15T00:00:00.000000,0,1,3.7253637684908782,1.9459108418355546,1.3082282145726247,0.015710797616322377,3.640734453552151,1.6904123892060579,1.0
u243,2024-07-22T00:00:00.000000,0,1,3.516552293119142,1.9462647882026818,0.4699848887128508,0.011636654770112538,3.640734453552151,1.6904123892060579,1.0
u243,2024-07-29T00:00:00.000000,0,1,4.351023207307312,1.4396506859570313,0.1646905422488925,0.00320068019026743,3.640734453552151,1.6904123892060579,1.0
u243,2024-08-05T00:00:00.000000,0,1,3.3299338490780706,1.5999821660590265,1.6755952225825335,0.017098594654776367,3.640734453552151,1.6904123892060579,1.0
u243,2024-08-12T00:00:00.000000,0,1,3.524884001942413,1.488383678369073,0.6740744086851462,0.021626893938399023,3.640734453552151,1.6904123892060579,1.0
u244,2024-05-13T00:00:00.000000,0,0,2.204632656986519,1.176904087531232,1.7838952694310108,0.048867339872434544,2.2384025908896237,1.1572739166200556,1.0
u244,2024-05-20T00:00:00.000000,0,0,2.906940441101387,1.193204546961494,1.5266825387197818,0.028655008629335676,2.2384025908896237,1.1572739166200556,1.0
u244,2024-05-27T00:00:00.000000,0,0,2.041026050594636,1.3102695908410198,1.57481254552301,0.007264814322404684,2.2384025908896237,1.1572739166200556,1.0
u244,2024-06-03T00:00:00.000000,0,0,2.509022636602367,1.1610718702891332,0.9638917691676385,0.007948786632958648,2.2384025908896237,1.1572739166200556,1.0
u244,2024-06-10T00:00:00.000000,0,0,2.3095003419094216,1.3493575458421807,1.1870332846454463,0.012958745884650125,2.2384025908896237,1.1572739166200556,1.0
u244,2024-06-17T00:00:00.000000,0,0,2.0967765099655646,1.1576226666316154,1.8434474798967797,0.046649248548343604,2.2384025908896237,1.1572739166200556,1.0
u244,2024-06-24T00:00:00.000000,0,0,2.328826253330459,1.1391215279257019,0.7506866346334085,0.046278383871944107,2.2384025908896237,1.1572739166200556,1.0
u244,2024-07-01T00:00:00.000000,0,1,2.9822236265360704,1.3098879926508076,0.9242723269418183,0.014183247110659082,2.2384025908896237,1.1572739166200556,1.0
u244,2024-07-08T00:00:00.000000,0,1,2.4702076462992633,1.0874000955161136,1.0329595201076505,0.027693529670926614,2.2384025908896237,1.1572739166200556,1.0
u244,2024-07-15T00:00:00.000000,0,1,2.401030474193289,0.8063506221063813,0.29130868170780627,0.0024294942963280775,2.2384025908896237,1.1572739166200556,1.0
u244,2024-07-22T00:00:00.000000,0,1,2.1716378258355746,1.0181178386990963,0.8739802551368175,0.0166996320939586,2.2384025908896237,1.1572739166200556,1.0
u244,2024-07-29T00:00:00.000000,0,1,2.383738620026107,0.9959652056165665,0.9007883180593628,0.022263401975980836,2.2384025908896237,1.1572739166200556,1.0
u244,2024-08-05T00:00:00.000000,0,1,2.1614143302533586,1.0163432546931883,0.5169419825172539,0.03285832482608913,2.2384025908896237,1.1572739166200556,1.0
u244,2024-08-12T00:00:00.000000,0,1,2.262100481172144,1.053796425083381,1.4568835573916257,0.006294520912494878,2.2384025908896237,1.1572739166200556,1.0
u246,2024-05-13T00:00:00.000000,0,0,3.261278530909587,2.1203529158878425,1.3616675464605186,0.006532480631572546,3.2460785688557134,2.039913132688536,1.0
u246,2024-05-20T00:00:00.000000,0,0,3.0709954668907384,2.1197249721889793,1.8784788648935893,0.016317493180211667,3.2460785688557134,2.039913132688536,1.0
u246,2024-05-27T00:00:00.000000,0,0,3.3392925293785867,1.9992514269870716,0.1611264649365444,0.02014196220716083,3.2460785688557134,2.039913132688536,1.0
u246,2024-06-03T00:00:00.000000,0,0,3.0450393464575276,2.1486583636462715,1.6940888561069787,0.0023764660680368702,3.2460785688557134,2.039913132688536,1.0
u246,2024-06-10T00:00:00.000000,0,0,3.068162881182796,2.003318435936445,1.381972213542506,0.04264127685702335,3.2460785688557134,2.039913132688536,1.0
u246,2024-06-17T00:00:00.000000,0,0,3.3410212831139754,2.042833179397979,1.3860692988502334,0.00842449780793938,3.2460785688557134,2.039913132688536,1.0
u246,2024-06-24T00:00:00.000000,0,0,3.0625970988723887,1.909363670472328,0.27728387743982,0.03828506453409803,3.2460785688557134,2.039913132688536,1.0
u246,2024-07-01T00:00:00.000000,0,1,2.4950442861150464,2.0083589799356742,1.7949420163305356,0.013926289229078875,3.2460785688557134,2.039913132688536,1.0
u246,2024-07-08T00:00:00.000000,0,1,3.294187668562655,1.6779755321067338,0.563232442076037,0.023643833427930906,3.2460785688557134,2.039913132688536,1.0
u246,2024-07-15T00:00:00.000000,0,1,3.3307527053858585,1.394921886984358,1.8636748053567704,0.024407779728088816,3.2460785688557134,2.039913132688536,1.0
u246,2024-07-22T00:00:00.000000,0,1,3.173291317096309,2.431492984279706,1.3757275393438488,0.03864928757139966,3.2460785688557134,2.039913132688536,1.0
u246,2024-07-29T00:00:00.000000,0,1,3.497847851092183,2.044174444250651,1.8554807650665317,0.04780618619799785,3.2460785688557134,2.039913132688536,1.0
u246,2024-08-05T00:00:00.000000,0,1,3.387644714009255,2.0976382850018265,1.3032450114372436,0.027623253338864687,3.2460785688557134,2.039913132688536,1.0
u246,2024-08-12T00:00:00.000000,0,1,3.521229834425212,1.9726206087127014,0.26885544327349964,0.03097082858821247,3.2460785688557134,2.039913132688536,1.0
u247,2024-05-13T00:00:00.000000,0,0,1.623413458257582,1.1457870849381833,1.9322241570691967,0.03138790015983179,1.913973935173184,1.043991358027722,1.0
u247,2024-05-20T00:00:00.000000,0,0,1.7679857940296086,1.0174089252011063,0.5140612590227593,0.0076762950588435686,1.913973935173184,1.043991358027722,1.0
u247,2024-05-27T00:00:00.000000,0,0,1.5763643176424604,0.8303720696960343,1.2074704172752215,0.014132502141878146,1.913973935173184,1.043991358027722,1.0
u247,2024-06-03T00:00:00.000000,0,0,1.7116404413570545,1.3622544546241295,0.7832600559605896,0.04923203159821908,1.913973935173184,1.043991358027722,1.0
u247,2024-06-10T00:00:00.000000,0,0,1.697297340428386,0.9984287152850726,1.604198983335306,0.04886350657622449,1.913973935173184,1.043991358027722,1.0
u247,2024-06-17T00:00:00.000000,0,0,2.20933082707165,1.051005260728,0.22317267236998228,0.027703125972716115,1.913973935173184,1.043991358027722,1.0
u247,2024-06-24T00:00:00.000000,0,0,1.9314521536531442,1.12451509390154,0.2652087721158528,0.0010919462008436576,1.913973935173184,1.043991358027722,1.0
u247,2024-07-01T00:00:00.000000,0,1,1.6803327866304465,0.9084494065585096,0.9040034010455229,0.04063732056864588,1.913973935173184,1.043991358027722,1.0
u247,2024-07-08T00:00:00.000000,0,1,1.472043763382488,1.1791817502175301,0.1598627055083082,0.04197631801279336,1.913973935173184,1.043991358027722,1.0
u247,2024-07-15T00:00:00.000000,0,1,1.841698921654923,1.0071341945771966,1.0819084003734343,0.04649967155065793,1.913973935173184,1.043991358027722,1.0
u247,2024-07-22T00:00:00.000000,0,1,1.50777566437486,1.147936257234504,1.4856970250821915,0.02638411653560159,1.913973935173184,1.043991358027722,1.0
u247,2024-07-29T00:00:00.000000,0,1,1.816150779445716,1.019334494382365,0.6114726290922137,0.04923214317485423,1.913973935173184,1.043991358027722,1.0
u247,2024-08-05T00:00:00.000000,0,1,1.4341262749959138,1.219307674574272,0.5579922878859627,0.011475903740870924,1.913973935173184,1.043991358027722,1.0
u247,2024-08-12T00:00:00.000000,0,1,1.301113133012037,1.5312702856346803,1.3321436018463193,0.0037409905676967616,1.913973935173184,1.043991358027722,1.0
u248,2024-05-13T00:00:00.000000,0,0,0.8586227354302399,0.8079841771937863,0.994551886339318,0.032831102300459075,0.9665475008865203,0.9754159698202416,1.0
u248,2024-05-20T00:00:00.000000,0,0,0.7208524424713001,1.082871172211472,1.488841881212022,0.01430337021756663,0.9665475008865203,0.9754159698202416,1.0
u248,2024-05-27T00:00:00.000000,0,0,0.9986792603481783,0.846930071967988,1.8605928567661447,0.049104669311056365,0.9665475008865203,0.9754159698202416,1.0
u248,2024-06-03T00:00:00.000000,0,0,0.9052769408009764,0.9034905778635192,0.35935805984596303,0.03272319787739573,0.9665475008865203,0.9754159698202416,1.0
u248,2024-06-10T00:00:00.000000,0,0,0.6563883960843613,1.0608590499119188,1.0933641583096936,0.037099363452199954,0.9665475008865203,0.9754159698202416,1.0
u248,2024-06-17T00:00:00.000000,0,0,1.5048241819091488,1.267578681972883,1.1626222190405155,0.046317132669478706,0.9665475008865203,0.9754159698202416,1.0
u248,2024-06-24T00:00:00.000000,0,0,1.034962949994093,0.6902433122539839,0.5360882048282636,0.02657239965935983,0.9665475008865203,0.9754159698202416,1.0
u248,2024-07-01T00:00:00.000000,0,1,1.4530895793791654,0.8105352957429881,0.12212982010050953,0.016355726697254935,0.9665475008865203,0.9754159698202416,1.0
u248,2024-07-08T00:00:00.000000,0,1,0.8695756569948713,1.0298343184553898,1.6531061695495959,0.0022535718321702036,0.9665475008865203,0.9754159698202416,1.0
u248,2024-07-15T00:00:00.000000,0,1,0.588025773722213,0.6836738505587259,0.8728054663032685,0.007203179184612468,0.9665475008865203,0.9754159698202416,1.0
u248,2024-07-22T00:00:00.000000,0,1,1.2850464528108474,0.9206070260237236,1.9654937886201507,0.037426310956060464,0.9665475008865203,0.9754159698202416,1.0
u248,2024-07-29T00:00:00.000000,0,1,1.8269362611920306,1.0808005735277422,1.5470305176280146,0.027581910984995836,0.9665475008865203,0.9754159698202416,1.0
u248,2024-08-05T00:00:00.000000,0,1,0.5371458164167895,0.8164415716276323,0.5035425574545422,0.002286833173256225,0.9665475008865203,0.9754159698202416,1.0
u248,2024-08-12T00:00:00.000000,0,1,0.7374682035981395,0.7300529042035938,0.408825494194039,0.03225904497719203,0.9665475008865203,0.9754159698202416,1.0
u252,2024-05-13T00:00:00.000000,0,0,4.105123151354521,-0.039368401469757286,1.5413540202000713,0.04712808502503184,4.4195297157366085,0.23390600812723755,1.0
u252,2024-05-20T00:00:00.000000,0,0,4.4935106583313695,-0.08999461049847174,0.184653625842644,0.029185473586935587,4.4195297157366085,0.23390600812723755,1.0
u252,2024-05-27T00:00:00.000000,0,0,4.43341889351981,0.16624536463924322,1.0121125233960013,0.0382723491564888,4.4195297157366085,0.23390600812723755,1.0
u252,2024-06-03T00:00:00.000000,0,0,5.003171300170987,0.3460544881397215,0.937607984736865,0.044685871550615604,4.4195297157366085,0.23390600812723755,1.0
u252,2024-06-10T00:00:00.000000,0,0,4.523180630583705,0.47763472593102874,1.7588974998678106,0.011629679334489634,4.4195297157366085,0.23390600812723755,1.0
u252,2024-06-17T00:00:00.000000,0,0,4.32114926590029,0.20215070936589347,1.2267633244522238,0.016401974103292662,4.4195297157366085,0.23390600812723755,1.0
u252,2024-06-24T00:00:00.000000,0,0,4.241670896952707,0.08515421325624359,0.2239939529536504,0.020736138096879277,4.4195297157366085,0.23390600812723755,1.0
u252,2024-07-01T00:00:00.000000,0,1,4.140687209117853,0.39742668933158704,0.17202931738323185,0.008383433486844566,4.4195297157366085,0.23390600812723755,1.0
u252,2024-07-08T00:00:00.000000,0,1,4.888687509891988,-0.058545773493007824,0.5689860485200102,0.006883134290386533,4.4195297157366085,0.23390600812723755,1.0
u252,2024-07-15T00:00:00.000000,0,1,3.7974898087390008,0.5522819352915602,1.4020093269147214,0.01380900476137606,4.4195297157366085,0.23390600812723755,1.0
u252,2024-07-22T00:00:00.000000,0,1,4.130113546164189,-0.07990734064043953,1.2678667319141053,0.010642422585822865,4.4195297157366085,0.23390600812723755,1.0
u252,2024-07-29T00:00:00.000000,0,1,4.040453147136331,0.2874898329972675,0.5518599589771105,0.03440388682426883,4.4195297157366085,0.23390600812723755,1.0
u252,2024-08-05T00:00:00.000000,0,1,4.718020473984749,0.3267481270911135,0.3880663221695977,0.006361388935558033,4.4195297157366085,0.23390600812723755,1.0
u252,2024-08-12T00:00:00.000000,0,1,4.2867885566766075,0.22150644625342963,1.1305073477748087,0.01491514614597752,4.4195297157366085,0.23390600812723755,1.0
u254,2024-05-13T00:00:00.000000,0,0,2.686291449473756,1.1085314303815583,1.6778301948320828,0.004760568547338318,2.559536188584379,1.361469890321554,1.0
u254,2024-05-20T00:00:00.000000,0,0,2.65642190829843,1.2425984346480572,1.0922794369411961,0.0029164281075542142,2.559536188584379,1.361469890321554,1.0
u254,2024-05-27T00:00:00.000000,0,0,2.4514012926362905,1.4910665030603658,1.1752528948494176,0.04582230512954722,2.559536188584379,1.361469890321554,1.0
u254,2024-06-03T00:00:00.000000,0,0,2.6708069520178452,1.1886522955259176,1.6136877606343114,0.022073980340417465,2.559536188584379,1.361469890321554,1.0
u254,2024-06-10T00:00:00.000000,0,0,2.5035951655988433,1.7204126286044716,1.6437208868003466,0.021497881541680655,2.559536188584379,1.361469890321554,1.0
u254,2024-06-17T00:00:00.000000,0,0,2.595165327634464,1.089139446420675,0.968133402942741,0.01616412925127237,2.559536188584379,1.361469890321554,1.0
u254,2024-06-24T00:00:00.000000,0,0,3.048692757554155,1.0402487523634563,0.4231655027844382,0.01604315307639897,2.559536188584379,1.361469890321554,1.0
u254,2024-07-01T00:00:00.000000,0,1,2.556681632939337,1.4946835283837654,0.5464250162049986,0.006671003536528108,2.559536188584379,1.361469890321554,1.0
u254,2024-07-08T00:00:00.000000,0,1,2.7879011536388374,1.2289758705991336,1.11987597179516,0.03648222303103488,2.559536188584379,1.361469890321554,1.0
u254,2024-07-15T00:00:00.000000,0,1,2.6591660320263752,1.255601151046893,1.6179212293063199,0.048074212221002444,2.559536188584379,1.361469890321554,1.0
u254,2024-07-22T00:00:00.000000,0,1,2.2319828035059315,1.1726068635200635,0.921244194505838,0.042066006290439745,2.559536188584379,1.361469890321554,1.0
u254,2024-07-29T00:00:00.000000,0,1,2.123618729679472,1.6316336237299363,1.1753504400158035,0.04464818849485136,2.559536188584379,1.361469890321554,1.0
u254,2024-08-05T00:00:00.000000,0,1,2.3736799954782493,1.3019331932135099,1.472949206493883,0.04645122531018197,2.559536188584379,1.361469890321554,1.0
u254,2024-08-12T00:00:00.000000,0,1,2.5927832458764524,1.5582006093637324,1.6680619351496753,0.04306461414919813,2.559536188584379,1.361469890321554,1.0
u255,2024-05-13T00:00:00.000000,0,0,2.574377266430165,1.622466209393584,0.3789988485935182,0.009076618979574198,2.0484518121152364,1.5276578759043071,1.0
u255,2024-05-20T00:00:00.000000,0,0,2.219813993160371,1.5876114199910973,1.7624641987900003,0.029012007070167267,2.0484518121152364,1.5276578759043071,1.0
u255,2024-05-27T00:00:00.000000,0,0,1.7586804646277048,1.6912960569188653,1.7283437123075,0.017377748913500746,2.0484518121152364,1.5276578759043071,1.0
u255,2024-06-03T00:00:00.000000,0,0,2.577724135185586,1.5937530918329597,1.632742069369636,0.024673976650957115,2.0484518121152364,1.5276578759043071,1.0
u255,2024-06-10T00:00:00.000000,0,0,1.743006831614354,1.5952507146387833,1.911804431379852,0.021597874404931324,2.0484518121152364,1.5276578759043071,1.0
u255,2024-06-17T00:00:00.000000,0,0,2.2777418485746916,1.5765497957579002,0.678653178767141,0.040734306647002325,2.0484518121152364,1.5276578759043071,1.0
u255,2024-06-24T00:00:00.000000,0,0,1.9962293225028382,1.373750879936167,1.7979392980985365,0.019012945853141117,2.0484518121152364,1.5276578759043071,1.0
u255,2024-07-01T00:00:00.000000,0,1,2.6017430640766754,1.475780173010559,0.7597375514364504,0.042753423900991766,2.0484518121152364,1.5276578759043071,1.0
u255,2024-07-08T00:00:00.000000,0,1,2.1832296243230433,1.5014557889936293,1.3727450521018314,0.040775245473114965,2.0484518121152364,1.5276578759043071,1.0
u255,2024-07-15T00:00:00.000000,0,1,2.629866241241184,1.5380268536363144,0.9858501113202416,0.03303524989430798,2.0484518121152364,1.5276578759043071,1.0
u255,2024-07-22T00:00:00.000000,0,1,2.4103033227256887,1.5589448095750065,1.000304816736874,0.008899368901160316,2.0484518121152364,1.5276578759043071,1.0
u255,2024-07-29T00:00:00.000000,0,1,1.773256133799466,1.8319894753136974,0.11656981302391287,0.04345651809984169,2.0484518121152364,1.5276578759043071,1.0
u255,2024-08-05T00:00:00.000000,0,1,2.1636919898685756,1.5558652330190175,1.620334832146695,0.020380768841119952,2.0484518121152364,1.5276578759043071,1.0
u255,2024-08-12T00:00:00.000000,0,1,1.7292833421833738,1.7449846389975747,1.0719302302268543,0.029123700899950464,2.0484518121152364,1.5276578759043071,1.0
u256,2024-05-13T00:00:00.000000,0,0,4.368390288539112,0.42097406685358607,1.9618671555341478,0.042413716197892845,4.508908687567585,0.4621399377497414,1.0
u256,2024-05-20T00:00:00.000000,0,0,4.14228109123966,0.4204881711281848,1.1721683319643468,0.0429290047040326,4.508908687567585,0.4621399377497414,1.0
u256,2024-05-27T00:00:00.000000,0,0,5.04349656196681,0.30298837476044144,1.6552854228506937,0.04398149295004411,4.508908687567585,0.4621399377497414,1.0
u256,2024-06-03T00:00:00.000000,0,0,4.822233679230306,0.6197956739139987,1.9546157145118543,0.027238807998199763,4.508908687567585,0.4621399377497414,1.0
u256,2024-06-10T00:00:00.000000,0,0,4.810617664918372,0.458108886744175,1.3269899330768236,0.04141109919688287,4.508908687567585,0.4621399377497414,1.0
u256,2024-06-17T00:00:00.000000,0,0,4.713993942532865,0.5038896113125236,0.9616974752475757,0.0010284528093504053,4.508908687567585,0.4621399377497414,1.0
u256,2024-06-24T00:00:00.000000,0,0,4.555259662305917,0.3504127799392073,1.2872619208185132,0.028530918564020014,4.508908687567585,0.4621399377497414,1.0
u256,2024-07-01T00:00:00.000000,0,1,4.509711825820553,0.11215340830905152,1.4596184869965545,0.03130549830115833,4.508908687567585,0.4621399377497414,1.0
u256,2024-07-08T00:00:00.000000,0,1,4.179102635620492,-0.029801831927795175,1.1385275282758385,0.016259871294908856,4.508908687567585,0.4621399377497414,1.0
u256,2024-07-15T00:00:00.000000,0,1,4.5721144016083,0.6348695380026622,1.6744999311757751,0.007336686049074188,4.508908687567585,0.4621399377497414,1.0
u256,2024-07-22T00:00:00.000000,0,1,4.43264442239024,0.3787116180266898,1.1032290327831087,0.016026218648196134,4.508908687567585,0.4621399377497414,1.0
u256,2024-07-29T00:00:00.000000,0,1,4.478037736172793,0.7574354189330859,1.611278493368596,0.028679193318322013,4.508908687567585,0.4621399377497414,1.0
u256,2024-08-05T00:00:00.000000,0,1,5.230441527764777,0.7926755809934278,1.254051525056177,0.041457934522317066,4.508908687567585,0.4621399377497414,1.0
u256,2024-08-12T00:00:00.000000,0,1,5.166563438214472,0.44569657892575004,0.841767314230218,0.03718954895732192,4.508908687567585,0.4621399377497414,1.0
u257,2024-05-13T00:00:00.000000,0,0,0.7325884912747936,1.165280843627821,0.5521460318561268,0.023217462583971796,0.6101123427106964,1.3975938702753594,1.0
u257,2024-05-20T00:00:00.000000,0,0,1.2940738154355693,1.1929890639768568,0.7976271108963221,0.04951677607500638,0.6101123427106964,1.3975938702753594,1.0
u257,2024-05-27T00:00:00.000000,0,0,0.6725349856529845,1.2712692462869692,1.1076307384438273,0.0032706513423941767,0.6101123427106964,1.3975938702753594,1.0
u257,2024-06-03T00:00:00.000000,0,0,0.3356974871052977,1.145656208945221,0.8950303074632031,0.013647301591965533,0.6101123427106964,1.3975938702753594,1.0
u257,2024-06-10T00:00:00.000000,0,0,0.9592206496985018,1.4566639495995701,1.6180145010175395,0.024560517242329185,0.6101123427106964,1.3975938702753594,1.0
u257,2024-06-17T00:00:00.000000,0,0,0.4802215209980738,1.5397948541026443,0.4517826703814031,0.008759153667105784,0.6101123427106964,1.3975938702753594,1.0
u257,2024-06-24T00:00:00.000000,0,0,0.890333010360467,1.2913392338848633,0.21123655168827762,0.039758510194937285,0.6101123427106964,1.3975938702753594,1.0
u257,2024-07-01T00:00:00.000000,0,1,0.6119631523109671,1.2930114032696374,1.1723332827304291,0.002808369447886011,0.6101123427106964,1.3975938702753594,1.0
u257,2024-07-08T00:00:00.000000,0,1,0.4913878688930369,1.6175957573728466,1.8952503818504394,0.002313588415868062,0.6101123427106964,1.3975938702753594,1.0
u257,2024-07-15T00:00:00.000000,0,1,0.7649329040131068,1.2751446288809956,0.3022539097700082,0.0475397174379899,0.6101123427106964,1.3975938702753594,1.0
u257,2024-07-22T00:00:00.000000,0,1,0.40874159938144045,1.2478772962170275,1.8987615603092496,0.00175868033621428,0.6101123427106964,1.3975938702753594,1.0
u257,2024-07-29T00:00:00.000000,0,1,1.2736762347936899,1.2448496360368824,0.5072274195413063,0.029977357696729424,0.6101123427106964,1.3975938702753594,1.0
u257,2024-08-05T00:00:00.000000,0,1,0.5404332152990372,1.4923049496634064,0.7721284049763761,0.031448638779646335,0.6101123427106964,1.3975938702753594,1.0
u257,2024-08-12T00:00:00.000000,0,1,0.5691948095463036,1.272126386051869,0.7965385301819575,0.02536791108258972,0.6101123427106964,1.3975938702753594,1.0
u258,2024-05-13T00:00:00.000000,0,0,1.5061850006771913,0.4532334204145817,1.3688973817111718,0.02003509261744531,1.379527505633897,0.7434958685788013,1.0
u258,2024-05-20T00:00:00.000000,0,0,1.2594695421247213,0.7308338180099095,1.7074991489340468,0.0027778084607827103,1.379527505633897,0.7434958685788013,1.0
u258,2024-05-27T00:00:00.000000,0,0,1.4357367779492765,0.7958658594967102,0.1808301989344151,0.028120221094109128,1.379527505633897,0.7434958685788013,1.0
u258,2024-06-03T00:00:00.000000,0,0,0.9238100231576167,0.9349595435613275,1.6243969915179968,0.039577338037407594,1.379527505633897,0.7434958685788013,1.0
u258,2024-06-10T00:00:00.000000,0,0,1.5022605653729089,0.9950905563223913,0.9811270809673939,0.001969419517740667,1.379527505633897,0.7434958685788013,1.0
u258,2024-06-17T00:00:00.000000,0,0,0.9328991920036216,0.48005284065945064,0.4348537370943465,0.0035004960983245795,1.379527505633897,0.7434958685788013,1.0
u258,2024-06-24T00:00:00.000000,0,0,1.1609938819914865,0.6242302979769303,0.6752659107362594,0.029659646988433874,1.379527505633897,0.7434958685788013,1.0
u258,2024-07-01T00:00:00.000000,0,1,1.3761594524079088,0.4874858336684502,0.2786951494922804,0.007519091624407348,1.379527505633897,0.7434958685788013,1.0
u258,2024-07-08T00:00:00.000000,0,1,2.1232678780514975,0.5087816688687984,0.8044521407765995,0.031227611527301847,1.379527505633897,0.7434958685788013,1.0
u258,2024-07-15T00:00:00.000000,0,1,1.2027803823565484,1.0217649481760986,1.3691725717843224,0.03229348329236067,1.379527505633897,0.7434958685788013,1.0
u258,2024-07-22T00:00:00.000000,0,1,1.103138160794928,0.5615315835308903,1.5251745432875354,0.03759999322207473,1.379527505633897,0.7434958685788013,1.0
u258,2024-07-29T00:00:00.000000,0,1,0.8988209255515476,1.2021969332439741,1.382807966570082,0.01372142063111369,1.379527505633897,0.7434958685788013,1.0
u258,2024-08-05T00:00:00.000000,0,1,1.1916562756098643,0.6900939607604345,1.5696681799049688,0.000034562795687181906,1.379527505633897,0.7434958685788013,1.0
u258,2024-08-12T00:00:00.000000,0,1,1.3751505325054625,0.9044691382870154,1.3289997393053246,0.03401844314854748,1.379527505633897,0.7434958685788013,1.0
u260,2024-05-13T00:00:00.000000,0,0,0.8195846582089106,3.044919875730571,0.4138750610379608,0.04682070752001907,1.0569569036863262,2.8519612284576064,1.0
u260,2024-05-20T00:00:00.000000,0,0,0.8732379274112719,2.760300304490735,0.8699925831000006,0.03619026327463794,1.0569569036863262,2.8519612284576064,1.0
u260,2024-05-27T00:00:00.000000,0,0,1.45529236802626,3.192003046192774,1.0726316169062529,0.04501891926694239,1.0569569036863262,2.8519612284576064,1.0
u260,2024-06-03T00:00:00.000000,0,0,1.412697516541124,3.243073396171144,0.4728185671212449,0.003928768362468998,1.0569569036863262,2.8519612284576064,1.0
u260,2024-06-10T00:00:00.000000,0,0,0.9622907971880705,2.95209887875425,1.6384029198251395,0.01233771978508933,1.0569569036863262,2.8519612284576064,1.0
u260,2024-06-17T00:00:00.000000,0,0,1.545769455527116,2.6887752002058605,0.8576539378356749,0.04177395769001562,1.0569569036863262,2.8519612284576064,1.0
u260,2024-06-24T00:00:00.000000,0,0,0.9984183704544753,2.8068747585909297,1.2360542236774232,0.04332308107739463,1.0569569036863262,2.8519612284576064,1.0
u260,2024-07-01T00:00:00.000000,0,1,0.2719320221995971,2.5310526120106425,0.8900826627165921,0.027153669888924988,1.0569569036863262,2.8519612284576064,1.0
u260,2024-07-08T00:00:00.000000,0,1,1.1131092238708902,2.6360024473518346,0.2809056803859771,0.03625027722360466,1.0569569036863262,2.8519612284576064,1.0
u260,2024-07-15T00:00:00.000000,0,1,0.7222607033383919,2.7410624795984773,0.24493487544638748,0.04629012310149589,1.0569569036863262,2.8519612284576064,1.0
u260,2024-07-22T00:00:00.000000,0,1,0.7600980881654396,2.7804419027916523,0.29190944474340896,0.02886766045482902,1.0569569036863262,2.8519612284576064,1.0
u260,2024-07-29T00:00:00.000000,0,1,1.010673120881015,3.062100573137445,1.3972568888909493,0.00019574529047033387,1.0569569036863262,2.8519612284576064,1.0
u260,2024-08-05T00:00:00.000000,0,1,0.8841895985773465,2.6067520088804854,0.1291975280528199,0.030968358149372294,1.0569569036863262,2.8519612284576064,1.0
u260,2024-08-12T00:00:00.000000,0,1,0.8010842628084862,2.826470232090053,1.1894234078113397,0.010459255486001812,1.0569569036863262,2.8519612284576064,1.0
u262,2024-05-13T00:00:00.000000,0,0,1.6851159105470745,0.9002988779085598,1.405330663554259,0.027866866291389687,1.7048251271392076,1.0194007417315338,1.0
u262,2024-05-20T00:00:00.000000,0,0,1.766196622049306,0.6275223808803436,0.42343868453847877,0.017931169633976486,1.7048251271392076,1.0194007417315338,1.0
u262,2024-05-27T00:00:00.000000,0,0,1.5197026709457957,1.2588636885889786,1.4631487240518761,0.03980958273245817,1.7048251271392076,1.0194007417315338,1.0
u262,2024-06-03T00:00:00.000000,0,0,2.559472665332904,1.3101083679830037,0.3672476122384494,0.021471679150472447,1.7048251271392076,1.0194007417315338,1.0
u262,2024-06-10T00:00:00.000000,0,0,1.29392028640817,0.704717811049423,0.11816959023379724,0.033003035106073525,1.7048251271392076,1.0194007417315338,1.0
u262,2024-06-17T00:00:00.000000,0,0,2.0331464124139798,0.9056483134512707,0.12827209504867587,0.025442492781078865,1.7048251271392076,1.0194007417315338,1.0
u262,2024-06-24T00:00:00.000000,0,0,1.6654068954662675,1.0049057665047336,1.471446218943657,0.0018014077451447787,1.7048251271392076,1.0194007417315338,1.0
u262,2024-07-01T00:00:00.000000,0,1,1.763340121197731,0.9313983885403267,1.3604781418329182,0.046464836795183095,1.7048251271392076,1.0194007417315338,1.0
u262,2024-07-08T00:00:00.000000,0,1,1.9080380159318464,0.810912077719389,0.8249371815462128,0.01749616112181866,1.7048251271392076,1.0194007417315338,1.0
u262,2024-07-15T00:00:00.000000,0,1,1.7337915510291577,0.837893402327551,1.2696369000508425,0.01564695297100644,1.7048251271392076,1.0194007417315338,1.0
u262,2024-07-22T00:00:00.000000,0,1,2.0507219187419246,1.229745159770633,0.6055529946158064,0.045325638440111476,1.7048251271392076,1.0194007417315338,1.0
u262,2024-07-29T00:00:00.000000,0,1,2.227342275749254,0.9863768116970508,1.010523406810526,0.04618154366495936,1.7048251271392076,1.0194007417315338,1.0
u262,2024-08-05T00:00:00.000000,0,1,1.7479578276183239,1.3205895665273304,1.354304348340889,0.044330785145684365,1.7048251271392076,1.0194007417315338,1.0
u262,2024-08-12T00:00:00.000000,0,1,1.4326902443894922,1.3246249034864719,1.901265516720036,0.03886485522022153,1.7048251271392076,1.0194007417315338,1.0
u265,2024-05-13T00:00:00.000000,0,0,4.003293640908708,1.749081337900054,0.18925131729710892,0.02910385532370119,3.8833359919799015,1.6237933206877404,1.0
u265,2024-05-20T00:00:00.000000,0,0,4.294503548401311,1.2955850618006037,0.5067827910491746,0.03471209868389457,3.8833359919799015,1.6237933206877404,1.0
u265,2024-05-27T00:00:00.000000,0,0,3.7079736521305953,1.8181641148044299,1.2876158885090156,0.005042879744180346,3.8833359919799015,1.6237933206877404,1.0
u265,2024-06-03T00:00:00.000000,0,0,4.0112644382177,1.6371941890478365,1.6154424615597573,0.02664798125628335,3.8833359919799015,1.6237933206877404,1.0
u265,2024-06-10T00:00:00.000000,0,0,3.8729541921207216,1.5074089982972694,1.017327000103407,0.032153820149625256,3.8833359919799015,1.6237933206877404,1.0
u265,2024-06-17T00:00:00.000000,0,0,3.7712089058341682,1.5154660915901825,0.7637993996811778,0.03442690480807436,3.8833359919799015,1.6237933206877404,1.0
u265,2024-06-24T00:00:00.000000,0,0,3.991165718549727,1.5759353263124596,0.5105283346695022,0.03415627986905314,3.8833359919799015,1.6237933206877404,1.0
u265,2024-07-01T00:00:00.000000,0,1,3.9784221901516514,1.4509146767565229,0.9057874198838414,0.011954340896760507,3.8833359919799015,1.6237933206877404,1.0
u265,2024-07-08T00:00:00.000000,0,1,3.934516195145102,1.3330908249828413,1.1722110505435603,0.007448691811317171,3.8833359919799015,1.6237933206877404,1.0
u265,2024-07-15T00:00:00.000000,0,1,3.777665456281504,1.654196089710924,0.16023195328327217,0.030535862023480714,3.8833359919799015,1.6237933206877404,1.0
u265,2024-07-22T00:00:00.000000,0,1,3.8822200924535335,1.3933544313125583,0.48594006968237835,0.010434768362478936,3.8833359919799015,1.6237933206877404,1.0
u265,2024-07-29T00:00:00.000000,0,1,3.953068920181692,1.574514441645948,0.8730286110164572,0.015089690653797744,3.8833359919799015,1.6237933206877404,1.0
u265,2024-08-05T00:00:00.000000,0,1,3.2666233133466562,1.7364881772822338,1.1427475714857822,0.022509499553813036,3.8833359919799015,1.6237933206877404,1.0
u265,2024-08-12T00:00:00.000000,0,1,3.664108459094132,1.669026383859995,1.0962245356258897,0.006698390519513831,3.8833359919799015,1.6237933206877404,1.0
u267,2024-05-13T00:00:00.000000,0,0,1.1416446140763894,1.4538903580666183,1.5357078730972553,0.048808751580142695,1.2231067456280635,1.4272890416689983,1.0
u267,2024-05-20T00:00:00.000000,0,0,1.2437031089667558,1.1491576919749822,0.32105778358137427,0.04551813703024351,1.2231067456280635,1.4272890416689983,1.0
u267,2024-05-27T00:00:00.000000,0,0,1.3912545571575707,1.3548152347562825,1.672646216847697,0.03151377876936491,1.2231067456280635,1.4272890416689983,1.0
u267,2024-06-03T00:00:00.000000,0,0,1.6302655649036573,1.6576697295218594,1.9545083747795702,0.015404702450286157,1.2231067456280635,1.4272890416689983,1.0
u267,2024-06-10T00:00:00.000000,0,0,1.228248946020024,1.6718437391654613,0.886568493155956,0.021546638392169144,1.2231067456280635,1.4272890416689983,1.0
u267,2024-06-17T00:00:00.000000,0,0,0.8067405540933771,1.8110470277906117,0.673774563392779,0.004998893932798365,1.2231067456280635,1.4272890416689983,1.0
u267,2024-06-24T00:00:00.000000,0,0,1.1177690242805436,0.9377922713647849,1.3777011579287703,0.04302523500595728,1.2231067456280635,1.4272890416689983,1.0
u267,2024-07-01T00:00:00.000000,0,1,1.1090945123770977,1.14173160807304,1.5284109935378591,0.0473410874993232,1.2231067456280635,1.4272890416689983,1.0
u267,2024-07-08T00:00:00.000000,0,1,1.4824625055302425,1.2493800857917903,1.3568096109637873,0.046289649433061665,1.2231067456280635,1.4272890416689983,1.0
u267,2024-07-15T00:00:00.000000,0,1,2.0028151890652297,1.5280137856744611,1.1245363838694133,0.008527550380686578,1.2231067456280635,1.4272890416689983,1.0
u267,2024-07-22T00:00:00.000000,0,1,1.0570267506532542,1.2751063457074947,1.617433693644398,0.017292152237805166,1.2231067456280635,1.4272890416689983,1.0
u267,2024-07-29T00:00:00.000000,0,1,1.057322558311692,1.001405260341314,1.0385430286827035,0.027729856509655267,1.2231067456280635,1.4272890416689983,1.0
u267,2024-08-05T00:00:00.000000,0,1,1.1474095286506625,1.400472721641724,1.2582537417067783,0.0038564716647087327,1.2231067456280635,1.4272890416689983,1.0
u267,2024-08-12T00:00:00.000000,0,1,1.4128320622673347,1.2937124117114798,1.4196404420204958,0.02570872661052891,1.2231067456280635,1.4272890416689983,1.0
u268,2024-05-13T00:00:00.000000,0,0,2.3458251227354747,0.49278173442492057,0.6041562899169186,0.013818673237202407,2.0997850254820913,0.34317677288842063,1.0
u268,2024-05-20T00:00:00.000000,0,0,2.5795293008265876,0.46104293518801437,0.6165584589536917,0.014928067408713885,2.0997850254820913,0.34317677288842063,1.0
u268,2024-05-27T00:00:00.000000,0,0,2.407254277564733,0.3662567900990525,1.0703246947326168,0.01932365503805908,2.0997850254820913,0.34317677288842063,1.0
u268,2024-06-03T00:00:00.000000,0,0,2.201124087873189,0.33183894340226633,1.7242840607729844,0.023657683772003082,2.0997850254820913,0.34317677288842063,1.0
u268,2024-06-10T00:00:00.000000,0,0,2.2593514612426313,0.6181205709875461,0.10537954591210087,0.033751980342212856,2.0997850254820913,0.34317677288842063,1.0
u268,2024-06-17T00:00:00.000000,0,0,2.4011219211436736,0.5469844288917427,1.708885953693753,0.003574792449223413,2.0997850254820913,0.34317677288842063,1.0
u268,2024-06-24T00:00:00.000000,0,0,2.6869234601735172,0.2352376158353224,0.8504875719425948,0.0009755132667702171,2.0997850254820913,0.34317677288842063,1.0
u268,2024-07-01T00:00:00.000000,0,1,1.9893648820529486,-0.05457763579456665,0.5091023041277287,0.024522376679375037,2.0997850254820913,0.34317677288842063,1.0
u268,2024-07-08T00:00:00.000000,0,1,2.1507294981059206,0.05880453735344332,1.0124220813162605,0.03923890840252034,2.0997850254820913,0.34317677288842063,1.0
u268,2024-07-15T00:00:00.000000,0,1,1.758996448249374,0.3820454657847619,1.888518900046447,0.009458891548318322,2.0997850254820913,0.34317677288842063,1.0
u268,2024-07-22T00:00:00.000000,0,1,2.1513219100419776,0.503174663615304,0.18554612331778786,0.035847245308964895,2.0997850254820913,0.34317677288842063,1.0
u268,2024-07-29T00:00:00.000000,0,1,2.106830125486774,0.4510272889400371,1.4645219545090455,0.028274958623249136,2.0997850254820913,0.34317677288842063,1.0
u268,2024-08-05T00:00:00.000000,0,1,2.0043948951009773,0.5783339779034715,1.4993722933829972,0.040364647875694604,2.0997850254820913,0.34317677288842063,1.0
u268,2024-08-12T00:00:00.000000,0,1,1.8781414495400963,0.4193967918103926,0.20390033161829363,0.009918249286005832,2.0997850254820913,0.34317677288842063,1.0
u269,2024-05-13T00:00:00.000000,0,0,3.0556344938619775,2.246724570914261,0.27690262004343713,0.03883600613857882,3.448479182391793,1.9470577493583585,1.0
u269,2024-05-20T00:00:00.000000,0,0,3.9257343987223514,2.012122467818781,0.1485734870703071,0.036389982081011046,3.448479182391793,1.9470577493583585,1.0
u269,2024-05-27T00:00:00.000000,0,0,3.396529321692061,2.0513279592772813,1.0822294541321067,0.03032210616174312,3.448479182391793,1.9470577493583585,1.0
u269,2024-06-03T00:00:00.000000,0,0,3.030209674626728,1.7443534245396233,0.9248414128918205,0.04390349277477009,3.448479182391793,1.9470577493583585,1.0
u269,2024-06-10T00:00:00.000000,0,0,2.989617716748862,1.8086914343449947,1.6192460489516176,0.016875281569750444,3.448479182391793,1.9470577493583585,1.0
u269,2024-06-17T00:00:00.000000,0,0,3.1512750767390414,1.68974860877369,0.15239812521751323,0.036718135255052985,3.448479182391793,1.9470577493583585,1.0
u269,2024-06-24T00:00:00.000000,0,0,3.4136590586180877,1.9393138880629457,1.9018275843590642,0.034762792651467096,3.448479182391793,1.9470577493583585,1.0
u269,2024-07-01T00:00:00.000000,0,1,3.576103677775361,1.8305896036783198,0.9148248252722713,0.0041791391007295065,3.448479182391793,1.9470577493583585,1.0
u269,2024-07-08T00:00:00.000000,0,1,3.2613765175740137,2.2333502795494082,0.6944107700307656,0.009566238791641181,3.448479182391793,1.9470577493583585,1.0
u269,2024-07-15T00:00:00.000000,0,1,2.8696730659787955,1.7054134437617285,0.76392150272214,0.013000269047245466,3.448479182391793,1.9470577493583585,1.0
u269,2024-07-22T00:00:00.000000,0,1,3.0733558372400043,1.897795004641912,1.9387972951674712,0.045060836480466764,3.448479182391793,1.9470577493583585,1.0
u269,2024-07-29T00:00:00.000000,0,1,3.514127171080104,1.743546665554661,1.4340426994554507,0.04936271934304379,3.448479182391793,1.9470577493583585,1.0
u269,2024-08-05T00:00:00.000000,0,1,2.94466243797949,1.9620648018066604,0.8754694947577673,0.04856620003546909,3.448479182391793,1.9470577493583585,1.0
u269,2024-08-12T00:00:00.000000,0,1,3.4928549843645373,2.2408565126048154,1.0101869037097841,0.0024864376698858883,3.448479182391793,1.9470577493583585,1.0
u271,2024-05-13T00:00:00.000000,0,0,4.166967008295498,1.9355498420887005,1.3077975595886409,0.02484848993539563,4.201729237532969,2.118460160640906,1.0
u271,2024-05-20T00:00:00.000000,0,0,3.717319451724329,1.8056646372929874,0.6973970878324433,0.00010703824961526554,4.201729237532969,2.118460160640906,1.0
u271,2024-05-27T00:00:00.000000,0,0,4.052841668167835,2.24702347567431,1.4928152797456031,0.007633312014769239,4.201729237532969,2.118460160640906,1.0
u271,2024-06-03T00:00:00.000000,0,0,4.3698589406598,2.1728800710456406,0.5768329455100362,0.03507494725920789,4.201729237532969,2.118460160640906,1.0
u271,2024-06-10T00:00:00.000000,0,0,3.8933317252521804,1.8482764652465207,0.1220868354947274,0.014095337267665337,4.201729237532969,2.118460160640906,1.0
u271,2024-06-17T00:00:00.000000,0,0,3.7669505220985555,2.132979170061308,1.1824488217190494,0.008891224186602825,4.201729237532969,2.118460160640906,1.0
u271,2024-06-24T00:00:00.000000,0,0,4.014124412564756,1.8943648609718968,0.9084543321029711,0.044410403085977324,4.201729237532969,2.118460160640906,1.0
u271,2024-07-01T00:00:00.000000,0,1,4.446293454629245,2.0297608902196522,0.6348185537120637,0.006229083244828921,4.201729237532969,2.118460160640906,1.0
u271,2024-07-08T00:00:00.000000,0,1,4.194802036925506,2.493136688803597,1.2832443226660508,0.04875566596895755,4.201729237532969,2.118460160640906,1.0
u271,2024-07-15T00:00:00.000000,0,1,4.698086448826717,2.2716236598932062,1.1620179976572367,0.011762997296347123,4.201729237532969,2.118460160640906,1.0
u271,2024-07-22T00:00:00.000000,0,1,4.105200829565969,1.977303043498762,0.6654706591173893,0.03477391732404373,4.201729237532969,2.118460160640906,1.0
u271,2024-07-29T00:00:00.000000,0,1,3.917742300057094,2.3404617274626993,1.1191545219952361,0.031327342883395386,4.201729237532969,2.118460160640906,1.0
u271,2024-08-05T00:00:00.000000,0,1,3.7685976707133273,2.1246222969907445,0.24427569297454674,0.048990907971538274,4.201729237532969,2.118460160640906,1.0
u271,2024-08-12T00:00:00.000000,0,1,4.168942864504144,2.3298546136770932,1.4457849238432852,0.004248012967080545,4.201729237532969,2.118460160640906,1.0
u272,2024-05-13T00:00:00.000000,0,0,1.9171195807245043,0.5184992688726962,0.22250936240491914,0.023006711770080353,1.6797773891762335,0.6311347013368566,1.0
u272,2024-05-20T00:00:00.000000,0,0,1.4273613542835004,0.49224560221021496,0.3050440998871986,0.02990275876820176,1.6797773891762335,0.6311347013368566,1.0
u272,2024-05-27T00:00:00.000000,0,0,1.5389565696860763,0.8914246487807576,1.9173364163416793,0.017064093890824306,1.6797773891762335,0.6311347013368566,1.0
u272,2024-06-03T00:00:00.000000,0,0,1.5497440517903103,1.0539418287574072,0.5315321899793997,0.004180817968875872,1.6797773891762335,0.6311347013368566,1.0
u272,2024-06-10T00:00:00.000000,0,0,2.297629359115975,0.4490980882983766,1.5980675773821102,0.012247962498550364,1.6797773891762335,0.6311347013368566,1.0
u272,2024-06-17T00:00:00.000000,0,0,1.8221383947179275,0.8368982571723464,0.769822013804736,0.021999402907989227,1.6797773891762335,0.6311347013368566,1.0
u272,2024-06-24T00:00:00.000000,0,0,1.3883443941600921,0.363670998730286,1.10005428108665,0.010504408584311615,1.6797773891762335,0.6311347013368566,1.0
u272,2024-07-01T00:00:00.000000,0,1,1.6957811250659787,0.7746463838623897,1.4438032332803605,0.049786134929846015,1.6797773891762335,0.6311347013368566,1.0
u272,2024-07-08T00:00:00.000000,0,1,1.3226744896844829,0.9315379504269016,1.9011381062890118,0.03222901684055529,1.6797773891762335,0.6311347013368566,1.0
u272,2024-07-15T00:00:00.000000,0,1,1.1792298842542808,0.35443491872303295,1.6230863633659245,0.04996429543529383,1.6797773891762335,0.6311347013368566,1.0
u272,2024-07-22T00:00:00.000000,0,1,1.6849013892371871,0.507697877986494,1.6788160987245715,0.005505603667186782,1.6797773891762335,0.6311347013368566,1.0
u272,2024-07-29T00:00:00.000000,0,1,1.9421501980803506,0.6127209523930397,1.7249971528176467,0.011662267715340187,1.6797773891762335,0.6311347013368566,1.0
u272,2024-08-05T00:00:00.000000,0,1,1.9287582839934145,0.5827137351883209,0.24462702475614487,0.048061482131895886,1.6797773891762335,0.6311347013368566,1.0
u272,2024-08-12T00:00:00.000000,0,1,1.269003306009509,0.8132136453004748,0.6145594018651088,0.039904187354358085,1.6797773891762335,0.6311347013368566,1.0
u273,2024-05-13T00:00:00.000000,0,0,3.002148310312336,1.5612794144180424,1.5678726265551413,0.035905601867493094,3.3530291608029006,1.5009528678255069,1.0
u273,2024-05-20T00:00:00.000000,0,0,3.138405958040221,1.6241744225249142,1.4491335638939815,0.02118123624933295,3.3530291608029006,1.5009528678255069,1.0
u273,2024-05-27T00:00:00.000000,0,0,3.588616596625465,1.6153309170610228,1.5059338677342335,0.038349806081004086,3.3530291608029006,1.5009528678255069,1.0
u273,2024-06-03T00:00:00.000000,0,0,3.5630168163235534,1.4936976621223155,0.4639399441700016,0.029769812276692422,3.3530291608029006,1.5009528678255069,1.0
u273,2024-06-10T00:00:00.000000,0,0,3.733106380493903,1.2992809935569989,1.9016335821623254,0.008239171659199868,3.3530291608029006,1.5009528678255069,1.0
u273,2024-06-17T00:00:00.000000,0,0,3.62836476427162,1.398010463308863,0.15444569513804846,0.002023153991441373,3.3530291608029006,1.5009528678255069,1.0
u273,2024-06-24T00:00:00.000000,0,0,3.2653266588406464,1.2547472005042513,0.7084771440442622,0.0334389802782183,3.3530291608029006,1.5009528678255069,1.0
u273,2024-07-01T00:00:00.000000,0,1,3.0549393472073962,1.4525257141896313,0.7613352703352235,0.005098136692495198,3.3530291608029006,1.5009528678255069,1.0
u273,2024-07-08T00:00:00.000000,0,1,3.703994245175535,1.3186581675342461,1.4310933762069773,0.034800082286286387,3.3530291608029006,1.5009528678255069,1.0
u273,2024-07-15T00:00:00.000000,0,1,3.9506042170035025,1.5258768851539772,1.1174418057961775,0.015630604400463044,3.3530291608029006,1.5009528678255069,1.0
u273,2024-07-22T00:00:00.000000,0,1,3.3799202832734068,1.536488189377947,0.650455056468209,0.012505005086395899,3.3530291608029006,1.5009528678255069,1.0
u273,2024-07-29T00:00:00.000000,0,1,2.9398804358202857,1.4328993336451747,0.16162600571385416,0.047469519759605824,3.3530291608029006,1.5009528678255069,1.0
u273,2024-08-05T00:00:00.000000,0,1,3.554863544712414,1.5072964944170688,0.8677239074613098,0.04861106453842751,3.3530291608029006,1.5009528678255069,1.0
u273,2024-08-12T00:00:00.000000,0,1,2.831589727487616,1.365888688172577,0.6841961274234707,0.018302197964052098,3.3530291608029006,1.5009528678255069,1.0
u274,2024-05-13T00:00:00.000000,0,0,3.387895888705556,1.0759457407420006,1.7519925765258137,0.04507694542104068,3.250526674820893,0.9124601752948671,1.0
u274,2024-05-20T00:00:00.000000,0,0,3.5283713518547133,1.0044149353837715,1.5987788411077597,0.046317786588369325,3.250526674820893,0.9124601752948671,1.0
u274,2024-05-27T00:00:00.000000,0,0,3.151762559008026,0.8079063356793033,0.48783841118337024,0.04983843927122616,3.250526674820893,0.9124601752948671,1.0
u274,2024-06-03T00:00:00.000000,0,0,3.1234384252432488,0.8596837100076152,0.6621716297397147,0.04760511322725653,3.250526674820893,0.9124601752948671,1.0
u274,2024-06-10T00:00:00.000000,0,0,3.3069633479026397,0.8610779397887518,1.2720601330387602,0.03965033560291542,3.250526674820893,0.9124601752948671,1.0
u274,2024-06-17T00:00:00.000000,0,0,3.2199800096340727,0.8257022162934852,0.8425287420321815,0.02274137009768732,3.250526674820893,0.9124601752948671,1.0
u274,2024-06-24T00:00:00.000000,0,0,3.091324497797561,0.7999685126368294,0.7421019892337449,0.009963922687768263,3.250526674820893,0.9124601752948671,1.0
u274,2024-07-01T00:00:00.000000,0,1,3.3726602953830755,1.2218076567510239,1.7547396008482405,0.010768823310781129,3.250526674820893,0.9124601752948671,1.0
u274,2024-07-08T00:00:00.000000,0,1,3.418274218722142,1.0210812197695733,1.1466967364107787,0.018288600949596175,3.250526674820893,0.9124601752948671,1.0
u274,2024-07-15T00:00:00.000000,0,1,3.0536915958079662,0.6183690704185514,1.4664501454739478,0.010894265408858262,3.250526674820893,0.9124601752948671,1.0
u274,2024-07-22T00:00:00.000000,0,1,3.382182211699573,0.7363939007281947,0.5707109474243983,0.005554282463080146,3.250526674820893,0.9124601752948671,1.0
u274,2024-07-29T00:00:00.000000,0,1,3.4092800170478488,1.1617331171901069,0.8176902316844689,0.0243097629584921,3.250526674820893,0.9124601752948671,1.0
u274,2024-08-05T00:00:00.000000,0,1,3.4743762448687656,0.7323498633701284,0.5825912340359517,0.04435469119441732,3.250526674820893,0.9124601752948671,1.0
u274,2024-08-12T00:00:00.000000,0,1,3.1753994572895947,0.5810323297150257,0.4438681443812811,0.012287557311768567,3.250526674820893,0.9124601752948671,1.0
u277,2024-05-13T00:00:00.000000,0,0,3.1107175189462866,0.42949848337602325,0.6874406807363775,0.02354333468028503,3.576421572554053,0.34129066271331515,1.0
u277,2024-05-20T00:00:00.000000,0,0,4.168001128144873,0.15039015046102755,0.9798537077470478,0.025619495034953345,3.576421572554053,0.34129066271331515,1.0
u277,2024-05-27T00:00:00.000000,0,0,3.3458539823234226,0.3425667941122249,0.7464690942756692,0.014252560023747819,3.576421572554053,0.34129066271331515,1.0
u277,2024-06-03T00:00:00.000000,0,0,3.6468189922445307,0.3165124932646025,0.9155894793705052,0.021290120421396226,3.576421572554053,0.34129066271331515,1.0
u277,2024-06-10T00:00:00.000000,0,0,3.54291374260281,0.24216720030231942,0.5254597846560476,0.020305460330039233,3.576421572554053,0.34129066271331515,1.0
u277,2024-06-17T00:00:00.000000,0,0,3.90401755300303,0.5866583521351934,0.9286446182756232,0.02068249695090508,3.576421572554053,0.34129066271331515,1.0
u277,2024-06-24T00:00:00.000000,0,0,3.5762315234913236,0.32848232458311,1.0877626004894436,0.023429520202056853,3.576421572554053,0.34129066271331515,1.0
u277,2024-07-01T00:00:00.000000,0,1,3.7920636142784114,0.39018377599033094,1.4390646490287866,0.03800739632432165,3.576421572554053,0.34129066271331515,1.0
u277,2024-07-08T00:00:00.000000,0,1,3.7758691211401105,0.06578925014102627,0.25632205591456425,0.04986694162352909,3.576421572554053,0.34129066271331515,1.0
u277,2024-07-15T00:00:00.000000,0,1,3.536116813804565,0.1867855451575951,0.7391407980034711,0.040210510426198866,3.576421572554053,0.34129066271331515,1.0
u277,2024-07-22T00:00:00.000000,0,1,3.4487694142947642,0.054672461352582635,1.2588309705546115,0.007058305086073269,3.576421572554053,0.34129066271331515,1.0
u277,2024-07-29T00:00:00.000000,0,1,3.251472656673344,0.20732357052670522,1.3077997344136614,0.007263109486171759,3.576421572554053,0.34129066271331515,1.0
u277,2024-08-05T00:00:00.000000,0,1,3.9670708544678157,0.3254046711868736,1.2533566810937657,0.04658414069854614,3.576421572554053,0.34129066271331515,1.0
u277,2024-08-12T00:00:00.000000,0,1,3.7043523846320205,0.5456867015788812,0.7274414546596601,0.005585368988757927,3.576421572554053,0.34129066271331515,1.0
u280,2024-05-13T00:00:00.000000,0,0,2.162659888778026,0.6431192257291036,1.7976728000703512,0.04428729831950869,2.6429098755510494,0.4715634954955867,1.0
u280,2024-05-20T00:00:00.000000,0,0,2.434712530204737,0.4874420884283197,1.8035198120181006,0.0073003487409754935,2.6429098755510494,0.4715634954955867,1.0
u280,2024-05-27T00:00:00.000000,0,0,2.776281547323159,0.31235139913056365,1.5445700834378593,0.034709989607773176,2.6429098755510494,0.4715634954955867,1.0
u280,2024-06-03T00:00:00.000000,0,0,3.012515786623861,0.7370812564855191,0.6241098982280708,0.01891038046224633,2.6429098755510494,0.4715634954955867,1.0
u280,2024-06-10T00:00:00.000000,0,0,2.508273200703225,0.11006654419210332,1.9007211700682602,0.025627466626484754,2.6429098755510494,0.4715634954955867,1.0
u280,2024-06-17T00:00:00.000000,0,0,2.6104233408125204,0.7540081012568851,1.009748722941725,0.037068569020129345,2.6429098755510494,0.4715634954955867,1.0
u280,2024-06-24T00:00:00.000000,0,0,2.888407590077755,0.37614972258080454,1.665415716373118,0.028310290971920945,2.6429098755510494,0.4715634954955867,1.0
u280,2024-07-01T00:00:00.000000,0,1,3.0155377191953705,0.3730348245390473,1.8992617533329708,0.03099102722896684,2.6429098755510494,0.4715634954955867,1.0
u280,2024-07-08T00:00:00.000000,0,1,3.031774580012708,0.4665601509318834,0.8134203123594617,0.02302515078848314,2.6429098755510494,0.4715634954955867,1.0
u280,2024-07-15T00:00:00.000000,0,1,2.526310109376835,0.7426593754182969,1.3658416370700752,0.005475998686532452,2.6429098755510494,0.4715634954955867,1.0
u280,2024-07-22T00:00:00.000000,0,1,2.653276413865282,0.6840973234155263,1.607821338881844,0.049293352467222266,2.6429098755510494,0.4715634954955867,1.0
u280,2024-07-29T00:00:00.000000,0,1,2.6598450795057325,0.7918068762358292,0.4269956337169165,0.006543919769932122,2.6429098755510494,0.4715634954955867,1.0
u280,2024-08-05T00:00:00.000000,0,1,3.3196330212910414,0.7034066360078309,1.608454646859302,0.014128239766719793,2.6429098755510494,0.4715634954955867,1.0
u280,2024-08-12T00:00:00.000000,0,1,2.861992025976382,0.6241099101321548,0.3190899018747685,0.013937460699574817,2.6429098755510494,0.4715634954955867,1.0
u282,2024-05-13T00:00:00.000000,0,0,3.8214525391269527,0.8276520228782199,0.19830984444290967,0.004161046724127432,3.668052646915291,0.6204771719318374,1.0
u282,2024-05-20T00:00:00.000000,0,0,3.1506074755630493,0.5964802088741761,1.5811497837597006,0.0432911752985159,3.668052646915291,0.6204771719318374,1.0
u282,2024-05-27T00:00:00.000000,0,0,3.6211520182223453,0.7420749275661593,1.9642922912888559,0.0015184080552874736,3.668052646915291,0.6204771719318374,1.0
u282,2024-06-03T00:00:00.000000,0,0,3.4141446866852174,1.1155793965909424,1.6145253139585132,0.025267850151756883,3.668052646915291,0.6204771719318374,1.0
u282,2024-06-10T00:00:00.000000,0,0,3.706025387597842,0.3025815137445067,0.655658135874753,0.01121598910386349,3.668052646915291,0.6204771719318374,1.0
u282,2024-06-17T00:00:00.000000,0,0,3.6937693294876763,0.16039497753025,0.7259891825352032,0.008896240836344244,3.668052646915291,0.6204771719318374,1.0
u282,2024-06-24T00:00:00.000000,0,0,3.8445195251091713,0.8640838422968782,0.7295107923516124,0.011883354079259341,3.668052646915291,0.6204771719318374,1.0
u282,2024-07-01T00:00:00.000000,0,1,3.6547308324285366,0.9389216721196253,1.2884085519124708,0.005440858903346269,3.668052646915291,0.6204771719318374,1.0
u282,2024-07-08T00:00:00.000000,0,1,3.9228290183074344,0.5317744363369088,0.14902923510548008,0.042766486192159246,3.668052646915291,0.6204771719318374,1.0
u282,2024-07-15T00:00:00.000000,0,1,4.154712496617104,0.516256937171268,0.3253791624511282,0.03302110291094542,3.668052646915291,0.6204771719318374,1.0
u282,2024-07-22T00:00:00.000000,0,1,3.3897290862705076,0.8843830067378001,1.2981747768972456,0.043995617629698315,3.668052646915291,0.6204771719318374,1.0
u282,2024-07-29T00:00:00.000000,0,1,3.283564864830355,0.5289525009925862,1.423424641318978,0.023129621232033312,3.668052646915291,0.6204771719318374,1.0
u282,2024-08-05T00:00:00.000000,0,1,3.506326338663746,0.5363878844503458,0.11273687785963646,0.034931896936392585,3.668052646915291,0.6204771719318374,1.0
u282,2024-08-12T00:00:00.000000,0,1,3.5780667070203958,0.482377039449325,0.31153153798062433,0.0011511250786170046,3.668052646915291,0.6204771719318374,1.0
u283,2024-05-13T00:00:00.000000,0,0,0.48500795915717765,0.6584956072474126,1.1624298501820511,0.0200136415786498,0.568038689490066,0.6429446346442205,1.0
u283,2024-05-20T00:00:00.000000,0,0,0.8911673584999922,0.8517503695657072,0.3788739335283978,0.020839469673052776,0.568038689490066,0.6429446346442205,1.0
u283,2024-05-27T00:00:00.000000,0,0,0.9006596923706528,0.42070264904372395,1.0416205832835188,0.03349372727227326,0.568038689490066,0.6429446346442205,1.0
u283,2024-06-03T00:00:00.000000,0,0,0.46274921301937316,0.4005644397094673,1.439586683982193,0.01447426993317163,0.568038689490066,0.6429446346442205,1.0
u283,2024-06-10T00:00:00.000000,0,0,1.2490966727827415,0.5294966124825509,0.6599996434529009,0.039234427638521564,0.568038689490066,0.6429446346442205,1.0
u283,2024-06-17T00:00:00.000000,0,0,0.8681120582150936,1.0866875275477001,0.26671989214078395,0.039309094504964205,0.568038689490066,0.6429446346442205,1.0
u283,2024-06-24T00:00:00.000000,0,0,0.7266689802029564,0.7685562031926658,1.290635441865481,0.02184690528403821,0.568038689490066,0.6429446346442205,1.0
u283,2024-07-01T00:00:00.000000,0,1,0.3284058239211595,0.8725751648300635,0.5648575534638761,0.025548252773982278,0.568038689490066,0.6429446346442205,1.0
u283,2024-07-08T00:00:00.000000,0,1,0.6463553077080924,0.8823973989101492,1.5048791783354418,0.032414441491956276,0.568038689490066,0.6429446346442205,1.0
u283,2024-07-15T00:00:00.000000,0,1,1.1734001039348592,0.7028061778848839,1.9141105521366222,0.045544891863448206,0.568038689490066,0.6429446346442205,1.0
u283,2024-07-22T00:00:00.000000,0,1,0.8744693671705488,0.13363804717850403,1.0818657203622752,0.045998792295089075,0.568038689490066,0.6429446346442205,1.0
u283,2024-07-29T00:00:00.000000,0,1,0.07543925155898168,0.6593300856702823,1.7837997704702264,0.01890788978160617,0.568038689490066,0.6429446346442205,1.0
u283,2024-08-05T00:00:00.000000,0,1,0.4635605034166371,0.43867712425339245,0.7762133341481263,0.03112037799612928,0.568038689490066,0.6429446346442205,1.0
u283,2024-08-12T00:00:00.000000,0,1,0.6958433382132788,0.5048066465892955,1.9131908494104353,0.013515458943571446,0.568038689490066,0.6429446346442205,1.0
u285,2024-05-13T00:00:00.000000,0,0,1.0404978102897244,2.719529693686929,0.4758601521928667,0.025788352493739022,0.9627581821404861,2.8580429963427947,1.0
u285,2024-05-20T00:00:00.000000,0,0,1.2977133680156279,2.6908794055769434,1.2483786151727787,0.024965354500352935,0.9627581821404861,2.8580429963427947,1.0
u285,2024-05-27T00:00:00.000000,0,0,0.9759027037164811,2.7845604185223602,0.9772240829159269,0.04256329387311628,0.9627581821404861,2.8580429963427947,1.0
u285,2024-06-03T00:00:00.000000,0,0,1.0280926359864673,2.847307375295391,0.7073159175633907,0.0019044755209076836,0.9627581821404861,2.8580429963427947,1.0
u285,2024-06-10T00:00:00.000000,0,0,0.7894599378304812,3.31845501102881,0.34133944841276526,0.034280801189160125,0.9627581821404861,2.8580429963427947,1.0
u285,2024-06-17T00:00:00.000000,0,0,1.1281627583263258,2.9272174698653854,1.9963924908345774,0.04666144272308871,0.9627581821404861,2.8580429963427947,1.0
u285,2024-06-24T00:00:00.000000,0,0,1.1977728567962975,2.8909566854197903,1.0346565981136897,0.044788708166068204,0.9627581821404861,2.8580429963427947,1.0
u285,2024-07-01T00:00:00.000000,0,1,0.8576335752945499,3.004457693827997,1.0817190576711977,0.0019300802350528112,0.9627581821404861,2.8580429963427947,1.0
u285,2024-07-08T00:00:00.000000,0,1,1.3664418680647636,3.0045448713644864,0.10530789042843562,0.007998233882386203,0.9627581821404861,2.8580429963427947,1.0
u285,2024-07-15T00:00:00.000000,0,1,1.0719974512025616,2.9901400411481514,0.7523694558162093,0.0013967239997270398,0.9627581821404861,2.8580429963427947,1.0
u285,2024-07-22T00:00:00.000000,0,1,1.1585245928645465,2.3875532763492404,1.3246968736115226,0.027957337053882366,0.9627581821404861,2.8580429963427947,1.0
u285,2024-07-29T00:00:00.000000,0,1,1.13702167641985,3.0185326672989596,1.4205736135442577,0.0286122158972981,0.9627581821404861,2.8580429963427947,1.0
u285,2024-08-05T00:00:00.000000,0,1,0.4228348826108672,3.076487644456406,0.9170655926970189,0.02454829925147069,0.9627581821404861,2.8580429963427947,1.0
u285,2024-08-12T00:00:00.000000,0,1,0.7452157744872429,3.0188102808678674,0.4997031352997856,0.03624189605277846,0.9627581821404861,2.8580429963427947,1.0
u287,2024-05-13T00:00:00.000000,0,0,0.5041012708067202,2.607071475074581,1.189257773747695,0.002929153507822002,0.984913168570812,2.643707906996002,1.0
u287,2024-05-20T00:00:00.000000,0,0,0.9255919996853778,2.4461926824702482,1.3838677989173984,0.02322675561545918,0.984913168570812,2.643707906996002,1.0
u287,2024-05-27T00:00:00.000000,0,0,1.2374166094016315,2.8486305305401753,0.20822482784912633,0.03350232659065658,0.984913168570812,2.643707906996002,1.0
u287,2024-06-03T00:00:00.000000,0,0,1.1251394887768416,2.8179460898189093,1.269798612765163,0.010780800809343172,0.984913168570812,2.643707906996002,1.0
u287,2024-06-10T00:00:00.000000,0,0,1.2538597556729774,3.170427023103874,0.643128837477721,0.026648211216959913,0.984913168570812,2.643707906996002,1.0
u287,2024-06-17T00:00:00.000000,0,0,1.0381205396689466,2.460697355858642,1.8018326432034377,0.004328240139782097,0.984913168570812,2.643707906996002,1.0
u287,2024-06-24T00:00:00.000000,0,0,0.8260574576004703,2.6206411305828836,0.7258785956406911,0.01786826479124784,0.984913168570812,2.643707906996002,1.0
u287,2024-07-01T00:00:00.000000,0,1,0.6958280491454876,3.05891459378872,1.5601243124993445,0.03968137696366378,0.984913168570812,2.643707906996002,1.0
u287,2024-07-08T00:00:00.000000,0,1,0.49960512307431393,2.5196964289719905,0.9258206044311625,0.006669400727088665,0.984913168570812,2.643707906996002,1.0
u287,2024-07-15T00:00:00.000000,0,1,1.0172575864466742,2.689142341111098,1.735076180582411,0.01339518697902602,0.984913168570812,2.643707906996002,1.0
u287,2024-07-22T00:00:00.000000,0,1,1.4074122751600986,2.861049431409101,1.7977123218092452,0.022583691588522234,0.984913168570812,2.643707906996002,1.0
u287,2024-07-29T00:00:00.000000,0,1,0.6071836165402937,2.44936837402475,0.808621874741594,0.022045602724807125,0.984913168570812,2.643707906996002,1.0
u287,2024-08-05T00:00:00.000000,0,1,0.8982469659401177,2.6326441937889524,0.9203405393692605,0.013380871271433276,0.984913168570812,2.643707906996002,1.0
u287,2024-08-12T00:00:00.000000,0,1,1.0441297024642533,2.64768484896854,0.3151894078392504,0.0082327632595949,0.984913168570812,2.643707906996002,1.0
u290,2024-05-13T00:00:00.000000,0,0,0.7743856362932586,2.1558912435233686,0.3680474583294342,0.001992877207110505,1.1535080168496297,2.2572608544904336,1.0
u290,2024-05-20T00:00:00.000000,0,0,1.0723526374337164,2.116023415265322,0.2801165995618311,0.0432168944725235,1.1535080168496297,2.2572608544904336,1.0
u290,2024-05-27T00:00:00.000000,0,0,1.0895574593705382,2.195182833769184,1.0690414066453005,0.013942710356240996,1.1535080168496297,2.2572608544904336,1.0
u290,2024-06-03T00:00:00.000000,0,0,1.3580258849186306,2.1305506873881552,1.0152302345227877,0.010028262567209463,1.1535080168496297,2.2572608544904336,1.0
u290,2024-06-10T00:00:00.000000,0,0,1.2691417915329561,2.066328384255646,0.8663379330112813,0.022444001628399126,1.1535080168496297,2.2572608544904336,1.0
u290,2024-06-17T00:00:00.000000,0,0,1.6722609744214472,2.3073829097219796,1.6363770777210735,0.028363930292512066,1.1535080168496297,2.2572608544904336,1.0
u290,2024-06-24T00:00:00.000000,0,0,1.1427371913706268,2.19025832463917,0.6627001358186522,0.016290997402770353,1.1535080168496297,2.2572608544904336,1.0
u290,2024-07-01T00:00:00.000000,0,1,1.2284748351334072,2.0697227066370583,1.9897146181276677,0.012447428689196627,1.1535080168496297,2.2572608544904336,1.0
u290,2024-07-08T00:00:00.000000,0,1,1.3076460405651995,2.346877123885445,0.8759413191707147,0.02738936396411918,1.1535080168496297,2.2572608544904336,1.0
u290,2024-07-15T00:00:00.000000,0,1,0.8574200450115866,2.334700525631164,1.6684524095744095,0.01065802894358507,1.1535080168496297,2.2572608544904336,1.0
u290,2024-07-22T00:00:00.000000,0,1,0.9606400722518079,1.6057873259571185,0.9039093379770052,0.04681941271570083,1.1535080168496297,2.2572608544904336,1.0
u290,2024-07-29T00:00:00.000000,0,1,1.0903910516823945,2.2576054145868043,1.0274095808729449,0.014326189401649626,1.1535080168496297,2.2572608544904336,1.0
u290,2024-08-05T00:00:00.000000,0,1,1.253741806744691,2.3563836215342824,0.27606862482369987,0.04599205630878449,1.1535080168496297,2.2572608544904336,1.0
u290,2024-08-12T00:00:00.000000,0,1,1.2380219241768655,2.3995102382030624,1.7510790847598008,0.037184143312141614,1.1535080168496297,2.2572608544904336,1.0
u293,2024-05-13T00:00:00.000000,0,0,1.8035105119639405,1.3589158699903405,0.25713135304467705,0.0216839243462134,1.4016182179126786,1.6139023010491202,1.0
u293,2024-05-20T00:00:00.000000,0,0,1.3349565603614126,1.5453005772458641,0.5569049401138526,0.01312745773974481,1.4016182179126786,1.6139023010491202,1.0
u293,2024-05-27T00:00:00.000000,0,0,0.695680207704151,1.5941433821112043,0.8650987363796617,0.027283404371958888,1.4016182179126786,1.6139023010491202,1.0
u293,2024-06-03T00:00:00.000000,0,0,1.1374294684871018,1.5599420771545986,0.45203516202563276,0.044154211626721784,1.4016182179126786,1.6139023010491202,1.0
u293,2024-06-10T00:00:00.000000,0,0,0.9429968197244045,1.8614299029731955,1.082121352066695,0.0034907477628655596,1.4016182179126786,1.6139023010491202,1.0
u293,2024-06-17T00:00:00.000000,0,0,0.9829812091527138,1.5897049515313033,0.6885723590541163,0.0004969000009136915,1.4016182179126786,1.6139023010491202,1.0
u293,2024-06-24T00:00:00.000000,0,0,1.0467163572163807,1.1365416396804173,0.3133825140307168,0.032770935330585615,1.4016182179126786,1.6139023010491202,1.0
u293,2024-07-01T00:00:00.000000,0,1,1.7516585337500201,1.7996361209212102,0.25577252496443204,0.006984939521310924,1.4016182179126786,1.6139023010491202,1.0
u293,2024-07-08T00:00:00.000000,0,1,1.5485482956044172,1.9004096903232652,1.305129567454235,0.04339438240480925,1.4016182179126786,1.6139023010491202,1.0
u293,2024-07-15T00:00:00.000000,0,1,0.9517916519726217,1.2925205787966307,1.4201607288499076,0.023325835003146833,1.4016182179126786,1.6139023010491202,1.0
u293,2024-07-22T00:00:00.000000,0,1,2.0146192940413123,1.881370575295709,0.75077320849888,0.033814097419888375,1.4016182179126786,1.6139023010491202,1.0
u293,2024-07-29T00:00:00.000000,0,1,1.1251431308115902,1.2820339810220818,0.3253037457562631,0.028912064365410124,1.4016182179126786,1.6139023010491202,1.0
u293,2024-08-05T00:00:00.000000,0,1,1.8770839242309347,1.7478252530949914,0.10693627956761842,0.014115775623690137,1.4016182179126786,1.6139023010491202,1.0
u293,2024-08-12T00:00:00.000000,0,1,1.5412054985474084,1.5734202233317043,0.9935628422443389,0.021865908632517,1.4016182179126786,1.6139023010491202,1.0
u294,2024-05-13T00:00:00.000000,0,0,3.2136668595272755,0.42994523484193276,0.8063241157689749,0.016867820882987907,3.4352661933092388,0.5499441121819937,1.0
u294,2024-05-20T00:00:00.000000,0,0,3.5684339754126357,0.6978591338237781,1.869987649166465,0.048775092326934465,3.4352661933092388,0.5499441121819937,1.0
u294,2024-05-27T00:00:00.000000,0,0,3.427350434914251,0.44080408779217006,0.43052405829355966,0.028067935932821482,3.4352661933092388,0.5499441121819937,1.0
u294,2024-06-03T00:00:00.000000,0,0,3.6960241942784027,0.15347486941814248,1.1050773743643627,0.031377109407765266,3.4352661933092388,0.5499441121819937,1.0
u294,2024-06-10T00:00:00.000000,0,0,3.2733574632495106,0.6278690857597959,0.11964308290457554,0.047214229605237405,3.4352661933092388,0.5499441121819937,1.0
u294,2024-06-17T00:00:00.000000,0,0,3.6033114899502694,0.6404829587568642,0.6237755050860144,0.001291596339558382,3.4352661933092388,0.5499441121819937,1.0
u294,2024-06-24T00:00:00.000000,0,0,3.34472512831653,0.5995872802261715,1.0886255728467722,0.02288221100609912,3.4352661933092388,0.5499441121819937,1.0
u294,2024-07-01T00:00:00.000000,0,1,3.4633012501723646,0.6251374337470199,0.7025943514498585,0.04797772969377298,3.4352661933092388,0.5499441121819937,1.0
u294,2024-07-08T00:00:00.000000,0,1,3.2609141152069356,0.34141339572265095,1.4420286765368144,0.009913592166277074,3.4352661933092388,0.5499441121819937,1.0
u294,2024-07-15T00:00:00.000000,0,1,3.7283949089767714,0.6408433487634573,1.063386373875442,0.04452336535768689,3.4352661933092388,0.5499441121819937,1.0
u294,2024-07-22T00:00:00.000000,0,1,3.66899924894624,0.7764479206296523,0.831043658119612,0.04839126075112542,3.4352661933092388,0.5499441121819937,1.0
u294,2024-07-29T00:00:00.000000,0,1,3.376070628395996,0.2711424232039992,1.9596814244428913,0.005207347296181397,3.4352661933092388,0.5499441121819937,1.0
u294,2024-08-05T00:00:00.000000,0,1,3.31112265553749,0.5035405079594371,1.7031533627187285,0.025325593491886414,3.4352661933092388,0.5499441121819937,1.0
u294,2024-08-12T00:00:00.000000,0,1,3.6882775036994944,0.5589226787065591,0.8142924007818723,0.01612703368802745,3.4352661933092388,0.5499441121819937,1.0
u295,2024-05-13T00:00:00.000000,0,0,1.5789469275206156,2.516030368970367,1.85119232992695,0.03150555122755321,1.488553840306451,2.5523604613202138,1.0
u295,2024-05-20T00:00:00.000000,0,0,1.4911469519912206,2.4990325368582713,1.1798037026005805,0.018758719696903122,1.488553840306451,2.5523604613202138,1.0
u295,2024-05-27T00:00:00.000000,0,0,2.079449203790493,2.606809877645721,0.10226188741845792,0.013820639577107925,1.488553840306451,2.5523604613202138,1.0
u295,2024-06-03T00:00:00.000000,0,0,1.6578279102120046,2.4346817867387727,0.37671702695845277,0.00006590558749788866,1.488553840306451,2.5523604613202138,1.0
u295,2024-06-10T00:00:00.000000,0,0,1.586128150086008,2.6223665265725646,1.1156365737158884,0.0065535949685959945,1.488553840306451,2.5523604613202138,1.0
u295,2024-06-17T00:00:00.000000,0,0,1.9592368880112634,2.6368742245567107,1.283002934826541,0.04398354451303665,1.488553840306451,2.5523604613202138,1.0
u295,2024-06-24T00:00:00.000000,0,0,1.7762278280430035,2.4071506196452774,0.48948822553879223,0.005788203200298214,1.488553840306451,2.5523604613202138,1.0
u295,2024-07-01T00:00:00.000000,0,1,1.6253172456932796,2.4994750210073886,1.815006399283148,0.0010277682451565408,1.488553840306451,2.5523604613202138,1.0
u295,2024-07-08T00:00:00.000000,0,1,1.2517779721300863,2.498042003360657,0.9940706973880157,0.022094295700244126,1.488553840306451,2.5523604613202138,1.0
u295,2024-07-15T00:00:00.000000,0,1,1.1018988313427118,2.7714370015682257,0.9003195772404466,0.03651385512921772,1.488553840306451,2.5523604613202138,1.0
u295,2024-07-22T00:00:00.000000,0,1,1.6545033845852228,2.675622554570485,1.4997623598548526,0.024386104056782577,1.488553840306451,2.5523604613202138,1.0
u295,2024-07-29T00:00:00.000000,0,1,1.6717922730724997,2.804278183806691,1.8675429920995197,0.040146113121080504,1.488553840306451,2.5523604613202138,1.0
u295,2024-08-05T00:00:00.000000,0,1,1.4023975786747207,2.617307068484627,1.5076258050455247,0.03429195808001692,1.488553840306451,2.5523604613202138,1.0
u295,2024-08-12T00:00:00.000000,0,1,1.0660378177827332,2.811026626481703,1.136265790766726,0.01739499335506815,1.488553840306451,2.5523604613202138,1.0
u296,2024-05-13T00:00:00.000000,0,0,2.8027431881363074,0.3273311186308499,0.10822713018446663,0.04226519060890583,3.0423463287016066,0.27955290701527746,1.0
u296,2024-05-20T00:00:00.000000,0,0,2.7637606837951516,0.6837333071074733,1.7089779369312632,0.03817726328667048,3.0423463287016066,0.27955290701527746,1.0
u296,2024-05-27T00:00:00.000000,0,0,3.5816925979928924,0.12292728800382291,0.647390790110919,0.030613746273599515,3.0423463287016066,0.27955290701527746,1.0
u296,2024-06-03T00:00:00.000000,0,0,3.5963171055920293,-0.04992445560091813,1.868593019185584,0.03646643082531264,3.0423463287016066,0.27955290701527746,1.0
u296,2024-06-10T00:00:00.000000,0,0,3.439043431104455,0.47052188423105457,0.11100863762594024,0.012224292168632557,3.0423463287016066,0.27955290701527746,1.0
u296,2024-06-17T00:00:00.000000,0,0,3.007722211288262,0.3640386628688767,0.3143294014515044,0.03906168430358307,3.0423463287016066,0.27955290701527746,1.0
u296,2024-06-24T00:00:00.000000,0,0,2.8124345424700947,0.3736272498806756,1.1686822299307824,0.03179806598053269,3.0423463287016066,0.27955290701527746,1.0
u296,2024-07-01T00:00:00.000000,0,1,3.3433607228134163,0.23930107976857504,1.7890682435532965,0.0464602397414228,3.0423463287016066,0.27955290701527746,1.0
u296,2024-07-08T00:00:00.000000,0,1,3.12855464011284,0.6022072328730473,0.7002667181595502,0.009124278841684841,3.0423463287016066,0.27955290701527746,1.0
u296,2024-07-15T00:00:00.000000,0,1,3.20074083914891,0.4813230750693027,0.7285979011006923,0.014031010784633702,3.0423463287016066,0.27955290701527746,1.0
u296,2024-07-22T00:00:00.000000,0,1,2.592931285647396,-0.21894961635278803,0.9125302356835915,0.0072916778557234165,3.0423463287016066,0.27955290701527746,1.0
u296,2024-07-29T00:00:00.000000,0,1,3.0358731037170257,0.4184155125713084,0.5551095818615125,0.03107361378676588,3.0423463287016066,0.27955290701527746,1.0
u296,2024-08-05T00:00:00.000000,0,1,3.3310125005421938,0.10220778044874876,0.8795534727932037,0.017337004332070888,3.0423463287016066,0.27955290701527746,1.0
u296,2024-08-12T00:00:00.000000,0,1,3.2324003708670825,0.5012783465075107,0.7624076687761882,0.016404712033796655,3.0423463287016066,0.27955290701527746,1.0
u297,2024-05-13T00:00:00.000000,0,0,0.328399401632055,2.822599795283462,1.8506972919473228,0.03676740976311727,0.5760088404592845,2.855284765116502,1.0
u297,2024-05-20T00:00:00.000000,0,0,0.1852973745396042,2.8158741097386573,0.28441410034431147,0.04043236718276111,0.5760088404592845,2.855284765116502,1.0
u297,2024-05-27T00:00:00.000000,0,0,0.5752937275321454,2.783926694388594,0.5396117472086356,0.03126822081159127,0.5760088404592845,2.855284765116502,1.0
u297,2024-06-03T00:00:00.000000,0,0,0.4126705734550131,2.827911187243168,0.789561618851943,0.039064637736946635,0.5760088404592845,2.855284765116502,1.0
u297,2024-06-10T00:00:00.000000,0,0,0.7358690028514943,2.762391809980403,0.661418913430453,0.03133608297400429,0.5760088404592845,2.855284765116502,1.0
u297,2024-06-17T00:00:00.000000,0,0,1.3271866419149516,2.79779922613771,1.3451848819149426,0.03717884719133857,0.5760088404592845,2.855284765116502,1.0
u297,2024-06-24T00:00:00.000000,0,0,-0.25057277106124065,2.6973184987301706,1.252592075338251,0.020097796020097997,0.5760088404592845,2.855284765116502,1.0
u297,2024-07-01T00:00:00.000000,0,1,1.06828610077532,2.785740318130107,1.2527376817754199,0.04635869462087211,0.5760088404592845,2.855284765116502,1.0
u297,2024-07-08T00:00:00.000000,0,1,0.6951162687725351,2.902807537303792,0.5789167227174604,0.02808699527422566,0.5760088404592845,2.855284765116502,1.0
u297,2024-07-15T00:00:00.000000,0,1,0.8579235465002577,2.7550154303163095,0.23796030495981946,0.02547889169589761,0.5760088404592845,2.855284765116502,1.0
u297,2024-07-22T00:00:00.000000,0,1,0.4654581074506207,2.679025554908589,1.5874705218369953,0.005377242367919488,0.5760088404592845,2.855284765116502,1.0
u297,2024-07-29T00:00:00.000000,0,1,0.909743199439138,3.0593625113728975,1.9295263814322086,0.0054836592060525935,0.5760088404592845,2.855284765116502,1.0
u297,2024-08-05T00:00:00.000000,0,1,0.9049571051868706,3.0362382172064906,1.3280466492918588,0.03243533635113523,0.5760088404592845,2.855284765116502,1.0
u297,2024-08-12T00:00:00.000000,0,1,0.13682544418877501,3.0287648539922025,0.27339869553613505,0.04090694355436665,0.5760088404592845,2.855284765116502,1.0
u298,2024-05-13T00:00:00.000000,0,0,1.2612915247396788,2.206634077347904,0.6080939117213171,0.028448183597525534,1.4538508636077232,1.8508220357766274,1.0
u298,2024-05-20T00:00:00.000000,0,0,1.4673832639717421,1.7734956889038234,1.0485960880809349,0.03107884189569965,1.4538508636077232,1.8508220357766274,1.0
u298,2024-05-27T00:00:00.000000,0,0,1.7195939054803393,2.068443294326794,0.8663168727115583,0.04712762171216253,1.4538508636077232,1.8508220357766274,1.0
u298,2024-06-03T00:00:00.000000,0,0,1.4511316613794034,1.7656826774625727,0.7950216617374106,0.033831400945008416,1.4538508636077232,1.8508220357766274,1.0
u298,2024-06-10T00:00:00.000000,0,0,1.4263939435505602,1.6655270444223733,0.5579858860543165,0.007312625832424646,1.4538508636077232,1.8508220357766274,1.0
u298,2024-06-17T00:00:00.000000,0,0,1.414800625548703,2.160752579720419,0.45920224720491476,0.026843739307717152,1.4538508636077232,1.8508220357766274,1.0
u298,2024-06-24T00:00:00.000000,0,0,1.3846231790949939,1.587508201448259,0.43919304284895966,0.015216488994484462,1.4538508636077232,1.8508220357766274,1.0
u298,2024-07-01T00:00:00.000000,0,1,1.2826343439143864,1.7099349398962946,1.5828299910447738,0.027102683292803527,1.4538508636077232,1.8508220357766274,1.0
u298,2024-07-08T00:00:00.000000,0,1,1.5280151168937146,1.8197034172794846,0.3555389711302923,0.018134500061842095,1.4538508636077232,1.8508220357766274,1.0
u298,2024-07-15T00:00:00.000000,0,1,1.407182509277964,1.9718115602239008,0.21368350975347988,0.04408009451287653,1.4538508636077232,1.8508220357766274,1.0
u298,2024-07-22T00:00:00.000000,0,1,1.5359906030712347,1.8549616738291126,1.3182877832058593,0.004683950376948992,1.4538508636077232,1.8508220357766274,1.0
u298,2024-07-29T00:00:00.000000,0,1,1.305587470733776,1.8542064864332426,1.2715687952034294,0.030657772860147106,1.4538508636077232,1.8508220357766274,1.0
u298,2024-08-05T00:00:00.000000,0,1,2.102108269007462,1.8848920877615702,1.3772273002357363,0.023504344768985927,1.4538508636077232,1.8508220357766274,1.0
u298,2024-08-12T00:00:00.000000,0,1,1.0564499417342426,2.036477624833512,1.611122889512885,0.02943997308335655,1.4538508636077232,1.8508220357766274,1.0
u299,2024-05-13T00:00:00.000000,0,0,2.829952473346409,3.0129474900323574,0.8784151480696781,0.009678307432883466,2.883476352454449,2.573608938766268,1.0
u299,2024-05-20T00:00:00.000000,0,0,3.071479717190033,2.6544709310991,0.7369993436402228,0.008450421987032336,2.883476352454449,2.573608938766268,1.0
u299,2024-05-27T00:00:00.000000,0,0,2.1076594593242257,2.788487360458591,0.23294759548240726,0.028287693806359166,2.883476352454449,2.573608938766268,1.0
u299,2024-06-03T00:00:00.000000,0,0,2.988985682829149,2.8136602949702922,1.0197585155948303,0.005519448209963796,2.883476352454449,2.573608938766268,1.0
u299,2024-06-10T00:00:00.000000,0,0,3.0679450373288484,2.504873841643371,0.7482698964329898,0.002540280738098949,2.883476352454449,2.573608938766268,1.0
u299,2024-06-17T00:00:00.000000,0,0,3.064367063844131,2.519160379624618,1.002598801674344,0.027233856392414213,2.883476352454449,2.573608938766268,1.0
u299,2024-06-24T00:00:00.000000,0,0,2.3435086739951645,2.455540191856939,0.3149638731682334,0.0034977641176986707,2.883476352454449,2.573608938766268,1.0
u299,2024-07-01T00:00:00.000000,0,1,2.918420006622312,2.6804187266670603,0.3408416655965425,0.03503095142227492,2.883476352454449,2.573608938766268,1.0
u299,2024-07-08T00:00:00.000000,0,1,2.5992539037827713,2.510170340293326,1.1183473890089708,0.012600413306658821,2.883476352454449,2.573608938766268,1.0
u299,2024-07-15T00:00:00.000000,0,1,2.4270168202307776,2.7138724544074133,1.3662594046996221,0.045925168146551454,2.883476352454449,2.573608938766268,1.0
u299,2024-07-22T00:00:00.000000,0,1,3.149642951143807,2.639183115152468,0.4881868344756306,0.0035347441111681535,2.883476352454449,2.573608938766268,1.0
u299,2024-07-29T00:00:00.000000,0,1,2.7356193533432833,2.794224272124085,1.3873568660026294,0.04854170766307156,2.883476352454449,2.573608938766268,1.0
u299,2024-08-05T00:00:00.000000,0,1,3.3947904964445543,2.6335273656563953,1.7956188508524649,0.047906425910422996,2.883476352454449,2.573608938766268,1.0
u299,2024-08-12T00:00:00.000000,0,1,2.7407337827938747,2.4919595570683946,1.6689549844805693,0.008952235366714079,2.883476352454449,2.573608938766268,1.0
